{"level":"error","message":"404 - Not Found - /api - /api - GET - ::1","timestamp":"2026-03-06T16:15:11.896Z"}
{"level":"error","message":"404 - Not Found - /api-docs - /api-docs - GET - ::1","timestamp":"2026-03-06T16:15:46.231Z"}
{"level":"error","message":"404 - Not Found - /api-docs.json - /api-docs.json - GET - ::1","timestamp":"2026-03-06T16:15:56.581Z"}
{"level":"error","message":"404 - Not Found - /api-docs - /api-docs - GET - ::1","timestamp":"2026-03-06T16:22:00.119Z"}
{"level":"error","message":"404 - Not Found - /api-docs - /api-docs - GET - ::1","timestamp":"2026-03-06T16:22:01.317Z"}
{"level":"error","message":"404 - Not Found - /api-docs - /api-docs - GET - ::1","timestamp":"2026-03-06T16:22:02.496Z"}
{"level":"error","message":"404 - Not Found - /api-docs - /api-docs - GET - ::1","timestamp":"2026-03-06T16:22:03.582Z"}
{"level":"error","message":"404 - Not Found - /api - /api - GET - ::1","timestamp":"2026-03-06T16:22:08.680Z"}
{"level":"error","message":"404 - Not Found - /api-docs.json - /api-docs.json - GET - ::1","timestamp":"2026-03-06T16:22:17.088Z"}
{"level":"error","message":"404 - Not Found - /api - /api - GET - ::1","timestamp":"2026-03-06T16:23:55.207Z"}
{"level":"error","message":"404 - Not Found - /api - /api - GET - ::1","timestamp":"2026-03-06T16:34:42.467Z"}
{"level":"error","message":"500 - Cast to ObjectId failed for value \"product_id_here\" (type string) at path \"_id\" for model \"Product\" - /api/cart - POST - ::1","timestamp":"2026-03-06T17:13:36.356Z"}
{"level":"error","message":"400 - User already exists - /api/users/register - POST - ::1","timestamp":"2026-03-06T18:19:54.009Z"}
{"level":"error","message":"401 - Invalid credentials - /api/users/login - POST - ::1","timestamp":"2026-03-06T18:23:38.217Z"}
{"level":"error","message":"401 - Invalid credentials - /api/users/login - POST - ::1","timestamp":"2026-03-11T11:58:04.198Z"}
{"level":"error","message":"401 - Invalid credentials - /api/users/login - POST - ::1","timestamp":"2026-03-11T11:58:33.789Z"}
{"level":"error","message":"500 - Cannot destructure property 'name' of 'req.body' as it is undefined. - /api/products - POST - ::1","timestamp":"2026-03-11T12:02:38.669Z"}
{"level":"error","message":"500 - Product validation failed: category: Cast to ObjectId failed for value \"blazers\" (type string) at path \"category\" because of \"BSONError\" - /api/products - POST - ::1","timestamp":"2026-03-11T13:03:39.159Z"}
{"level":"error","message":"500 - Failed to upload image - /api/products - POST - ::1","timestamp":"2026-03-11T13:21:34.466Z"}
{"level":"error","message":"500 - Product validation failed: category: Cast to ObjectId failed for value \"blazers\" (type string) at path \"category\" because of \"BSONError\" - /api/products - POST - ::1","timestamp":"2026-03-11T13:25:22.995Z"}
{"level":"info","message":"Product created: SHIRT","timestamp":"2026-03-11T13:31:18.271Z"}
{"level":"info","message":"Product created: pant","timestamp":"2026-03-11T13:32:59.080Z"}
{"level":"info","message":"Product created: sassa","timestamp":"2026-03-11T13:33:46.352Z"}
{"level":"info","message":"Product created: Ocean Spirit","timestamp":"2026-03-11T14:06:30.778Z"}
{"level":"info","message":"Product updated: Shirt","timestamp":"2026-03-11T14:21:53.409Z"}
{"level":"info","message":"Product updated: Shirt","timestamp":"2026-03-11T14:22:35.541Z"}
{"level":"info","message":"Product updated: Shirt","timestamp":"2026-03-11T14:23:12.543Z"}
{"level":"info","message":"Product updated: Shirt","timestamp":"2026-03-11T14:27:43.786Z"}
{"level":"info","message":"Product updated: Shirt","timestamp":"2026-03-11T14:27:53.653Z"}
{"level":"info","message":"Product deleted: Shirt","timestamp":"2026-03-11T14:28:01.011Z"}
{"level":"error","message":"500 - Cast to ObjectId failed for value \"accessories\" (type string) at path \"category\" for model \"Product\" - /api/products?page=1&limit=50&category=accessories - GET - ::1","timestamp":"2026-03-11T16:23:52.918Z"}
{"level":"error","message":"500 - Cast to ObjectId failed for value \"accessories\" (type string) at path \"category\" for model \"Product\" - /api/products?page=1&limit=50&category=accessories - GET - ::1","timestamp":"2026-03-11T16:23:58.131Z"}
{"level":"error","message":"500 - Cast to ObjectId failed for value \"blazers\" (type string) at path \"category\" for model \"Product\" - /api/products?page=1&limit=50&category=blazers - GET - ::1","timestamp":"2026-03-11T16:23:59.833Z"}
{"level":"error","message":"500 - Cast to ObjectId failed for value \"bottoms\" (type string) at path \"category\" for model \"Product\" - /api/products?page=1&limit=50&category=bottoms - GET - ::1","timestamp":"2026-03-11T16:24:01.323Z"}
{"level":"error","message":"500 - Cast to ObjectId failed for value \"knitwear\" (type string) at path \"category\" for model \"Product\" - /api/products?page=1&limit=50&category=knitwear - GET - ::1","timestamp":"2026-03-11T16:24:02.533Z"}
{"level":"error","message":"500 - Cast to ObjectId failed for value \"outerwear\" (type string) at path \"category\" for model \"Product\" - /api/products?page=1&limit=50&category=outerwear - GET - ::1","timestamp":"2026-03-11T16:24:03.712Z"}
{"level":"error","message":"500 - Cast to ObjectId failed for value \"shirts\" (type string) at path \"category\" for model \"Product\" - /api/products?page=1&limit=50&category=shirts - GET - ::1","timestamp":"2026-03-11T16:24:04.967Z"}
{"level":"error","message":"500 - Cast to ObjectId failed for value \"accessories\" (type string) at path \"category\" for model \"Product\" - /api/products?page=1&limit=50&category=accessories - GET - ::1","timestamp":"2026-03-11T16:24:09.489Z"}
{"level":"error","message":"500 - Cast to ObjectId failed for value \"accessories\" (type string) at path \"category\" for model \"Product\" - /api/products?page=1&limit=50&category=accessories - GET - ::1","timestamp":"2026-03-11T16:24:13.174Z"}
{"level":"error","message":"500 - Cast to ObjectId failed for value \"blazers\" (type string) at path \"category\" for model \"Product\" - /api/products?page=1&limit=50&category=blazers - GET - ::1","timestamp":"2026-03-11T16:24:23.479Z"}
{"level":"error","message":"500 - Cast to ObjectId failed for value \"bottoms\" (type string) at path \"category\" for model \"Product\" - /api/products?page=1&limit=50&category=bottoms - GET - ::1","timestamp":"2026-03-11T16:24:24.710Z"}
{"level":"error","message":"500 - Cast to ObjectId failed for value \"knitwear\" (type string) at path \"category\" for model \"Product\" - /api/products?page=1&limit=50&category=knitwear - GET - ::1","timestamp":"2026-03-11T16:24:25.840Z"}
{"level":"error","message":"500 - Cast to ObjectId failed for value \"outerwear\" (type string) at path \"category\" for model \"Product\" - /api/products?page=1&limit=50&category=outerwear - GET - ::1","timestamp":"2026-03-11T16:24:26.884Z"}
{"level":"error","message":"500 - Cast to ObjectId failed for value \"shirts\" (type string) at path \"category\" for model \"Product\" - /api/products?page=1&limit=50&category=shirts - GET - ::1","timestamp":"2026-03-11T16:24:27.963Z"}
{"level":"error","message":"500 - Cast to ObjectId failed for value \"accessories\" (type string) at path \"category\" for model \"Product\" - /api/products?page=1&limit=50&category=accessories - GET - ::1","timestamp":"2026-03-11T16:24:31.887Z"}
{"level":"error","message":"500 - Cast to ObjectId failed for value \"blazers\" (type string) at path \"category\" for model \"Product\" - /api/products?page=1&limit=50&category=blazers - GET - ::1","timestamp":"2026-03-11T16:24:53.085Z"}
{"level":"error","message":"500 - Cast to ObjectId failed for value \"accessories\" (type string) at path \"category\" for model \"Product\" - /api/products?page=1&limit=50&category=accessories - GET - ::1","timestamp":"2026-03-11T16:25:02.829Z"}
{"level":"error","message":"500 - Cast to ObjectId failed for value \"accessories\" (type string) at path \"category\" for model \"Product\" - /api/products?page=1&limit=50&category=accessories - GET - ::1","timestamp":"2026-03-11T16:29:25.322Z"}
{"level":"error","message":"500 - Cast to ObjectId failed for value \"blazers\" (type string) at path \"category\" for model \"Product\" - /api/products?page=1&limit=50&category=blazers - GET - ::1","timestamp":"2026-03-11T16:29:52.927Z"}
{"level":"error","message":"500 - Cannot populate path `reviews` because it is not in your schema. Set the `strictPopulate` option to false to override. - /api/products/69b196df61470c14477789e9 - GET - ::1","timestamp":"2026-03-11T16:39:40.806Z"}
{"level":"error","message":"500 - Cast to ObjectId failed for value \"1\" (type string) at path \"_id\" for model \"Product\" - /api/products/1 - GET - ::1","timestamp":"2026-03-11T16:47:39.886Z"}
{"level":"error","message":"500 - Cast to ObjectId failed for value \"1\" (type string) at path \"_id\" for model \"Product\" - /api/products/1 - GET - ::1","timestamp":"2026-03-11T16:47:39.937Z"}
{"level":"error","message":"401 - Invalid credentials - /api/users/login - POST - ::1","timestamp":"2026-05-21T07:21:01.073Z"}
{"level":"error","message":"401 - Invalid credentials - /api/users/login - POST - ::1","timestamp":"2026-05-21T07:21:08.830Z"}
{"level":"error","message":"400 - User already exists - /api/users/register - POST - ::1","timestamp":"2026-05-21T07:21:49.655Z"}
{"level":"info","message":"Item added to cart: Minimalist Wool Coat by user 69f1dccd2c9b59c750a248e0","timestamp":"2026-05-21T07:35:53.038Z"}
{"level":"info","message":"Item added to cart: Classic White Sneakers by user 69f1dccd2c9b59c750a248e0","timestamp":"2026-05-21T07:46:46.882Z"}
{"level":"info","message":"Item removed from cart: 69b196df61470c14477789e4 by user 69f1dccd2c9b59c750a248e0","timestamp":"2026-05-21T07:46:53.828Z"}
{"level":"info","message":"Item removed from cart: 69b1a33461470c14477789f6 by user 69f1dccd2c9b59c750a248e0","timestamp":"2026-05-21T07:46:54.947Z"}
{"level":"info","message":"Item added to cart: Minimalist Travel Backpack by user 69f1dccd2c9b59c750a248e0","timestamp":"2026-05-21T07:47:07.050Z"}
{"level":"info","message":"Order created: 6a0eb8ad2466080786f4ad19 by user 69f1dccd2c9b59c750a248e0","timestamp":"2026-05-21T07:47:57.172Z"}
{"level":"info","message":"Cart cleared by user 69f1dccd2c9b59c750a248e0","timestamp":"2026-05-21T07:47:57.201Z"}
{"level":"error","message":"500 - Cast to ObjectId failed for value \"logout\" (type string) at path \"_id\" for model \"User\" - /api/users/logout - GET - ::1","timestamp":"2026-05-21T15:36:38.278Z"}
{"level":"info","message":"Item added to cart: Classic Analog Watch by user 69f1dccd2c9b59c750a248e0","timestamp":"2026-05-22T07:58:13.976Z"}
{"level":"info","message":"Cart cleared by user 69f1dccd2c9b59c750a248e0","timestamp":"2026-05-22T07:58:30.399Z"}
{"level":"error","message":"401 - Invalid credentials - /api/users/login - POST - ::1","timestamp":"2026-05-22T08:34:09.580Z"}
{"level":"info","message":"Item added to cart: Minimalist Wool Coat by user 69f1dccd2c9b59c750a248e0","timestamp":"2026-05-22T08:58:56.039Z"}
{"level":"info","message":"Order created: 6a101afca5979f3ceb0a354e by user 69f1dccd2c9b59c750a248e0","timestamp":"2026-05-22T08:59:40.304Z"}
{"level":"info","message":"Cart cleared by user 69f1dccd2c9b59c750a248e0","timestamp":"2026-05-22T08:59:40.322Z"}
{"level":"info","message":"Order created: 6a105b31e7ed4b9f412ff3fb by user 69f1dccd2c9b59c750a248e0","timestamp":"2026-05-22T13:33:37.883Z"}
{"level":"info","message":"Cart cleared by user 69f1dccd2c9b59c750a248e0","timestamp":"2026-05-22T13:33:37.918Z"}
{"level":"info","message":"Item added to cart: Running Performance Shoes by user 69f1dccd2c9b59c750a248e0","timestamp":"2026-05-22T13:49:31.925Z"}
{"level":"info","message":"Order created: 6a105f234fe7363b9dc4e818 by user 69f1dccd2c9b59c750a248e0","timestamp":"2026-05-22T13:50:27.901Z"}
{"level":"info","message":"Cart cleared by user 69f1dccd2c9b59c750a248e0","timestamp":"2026-05-22T13:50:27.931Z"}
{"level":"info","message":"Item added to cart: Minimalist Wool Coat by user 69f1dccd2c9b59c750a248e0","timestamp":"2026-05-22T14:41:56.757Z"}
{"level":"info","message":"Order created: 6a106b6d3d830878a76dc7fc by user 69f1dccd2c9b59c750a248e0","timestamp":"2026-05-22T14:42:53.900Z"}
{"level":"info","message":"Cart cleared by user 69f1dccd2c9b59c750a248e0","timestamp":"2026-05-22T14:42:53.928Z"}
{"correlation":{"requestId":"rid1"},"jobId":"repair:pid1:oid1","level":"info","message":"reconciliation_job_enqueued","orderId":"oid1","paymentId":"pid1","scanType":null,"timestamp":"2026-05-22T16:01:07.917Z"}
{"ip":"::1","level":"info","message":"request_start","method":"GET","requestId":"b86f76af-ee23-4d89-a270-0d1176886824","timestamp":"2026-05-22T16:43:46.564Z","url":"/api/users/me"}
{"durationMs":17,"level":"info","message":"request_end","requestId":"b86f76af-ee23-4d89-a270-0d1176886824","statusCode":401,"timestamp":"2026-05-22T16:43:46.579Z"}
{"ip":"::1","level":"info","message":"request_start","method":"GET","requestId":"485c823f-0954-437b-8877-d88d29bbf2ec","timestamp":"2026-05-22T16:43:46.608Z","url":"/api/users/csrf"}
{"durationMs":4,"level":"info","message":"request_end","requestId":"485c823f-0954-437b-8877-d88d29bbf2ec","statusCode":200,"timestamp":"2026-05-22T16:43:46.612Z"}
{"ip":"::1","level":"info","message":"request_start","method":"POST","requestId":"a78bfb4a-f3f2-4706-8b3b-83201219e054","timestamp":"2026-05-22T16:43:46.625Z","url":"/api/users/refresh"}
{"durationMs":87,"level":"info","message":"request_end","requestId":"a78bfb4a-f3f2-4706-8b3b-83201219e054","statusCode":200,"timestamp":"2026-05-22T16:43:46.712Z"}
{"ip":"::1","level":"info","message":"request_start","method":"GET","requestId":"d8a06577-604f-4f83-8eac-9d83041cd8a3","timestamp":"2026-05-22T16:43:46.718Z","url":"/api/users/me"}
{"durationMs":7,"level":"info","message":"request_end","requestId":"d8a06577-604f-4f83-8eac-9d83041cd8a3","statusCode":304,"timestamp":"2026-05-22T16:43:46.725Z"}
{"ip":"::1","level":"info","message":"request_start","method":"GET","requestId":"d7e9d8ce-9492-4248-9879-87e2281b7deb","timestamp":"2026-05-22T16:43:46.764Z","url":"/api/cart"}
{"ip":"::1","level":"info","message":"request_start","method":"GET","requestId":"1f721728-a773-4d1d-acea-3001d419271e","timestamp":"2026-05-22T16:43:46.767Z","url":"/api/categories"}
{"durationMs":9,"level":"info","message":"request_end","requestId":"1f721728-a773-4d1d-acea-3001d419271e","statusCode":304,"timestamp":"2026-05-22T16:43:46.776Z"}
{"durationMs":18,"level":"info","message":"request_end","requestId":"d7e9d8ce-9492-4248-9879-87e2281b7deb","statusCode":200,"timestamp":"2026-05-22T16:43:46.782Z"}
{"ip":"::1","level":"info","message":"request_start","method":"GET","requestId":"e535bc04-194d-4204-a598-dca43e841d12","timestamp":"2026-05-22T16:43:46.802Z","url":"/api/products?page=1&limit=50&category=bags"}
{"durationMs":21,"level":"info","message":"request_end","requestId":"e535bc04-194d-4204-a598-dca43e841d12","statusCode":200,"timestamp":"2026-05-22T16:43:46.823Z"}
{"ip":"::1","level":"info","message":"request_start","method":"GET","requestId":"50f7eeec-7a7a-4147-bf46-af06d6cb15f1","timestamp":"2026-05-22T16:44:05.997Z","url":"/api/products/featured?limit=4"}
{"durationMs":50,"level":"info","message":"request_end","requestId":"50f7eeec-7a7a-4147-bf46-af06d6cb15f1","statusCode":200,"timestamp":"2026-05-22T16:44:06.047Z"}
{"ip":"::1","level":"info","message":"request_start","method":"GET","requestId":"22c9ab42-b431-4286-a241-718576dc267b","timestamp":"2026-05-22T16:44:06.055Z","url":"/api/products/featured?limit=4"}
{"durationMs":35,"level":"info","message":"request_end","requestId":"22c9ab42-b431-4286-a241-718576dc267b","statusCode":200,"timestamp":"2026-05-22T16:44:06.089Z"}
{"ip":"::1","level":"info","message":"request_start","method":"GET","requestId":"f0965e8e-de01-4894-a949-cd24f9152f02","timestamp":"2026-05-22T16:44:08.267Z","url":"/api/products/featured?limit=4"}
{"ip":"::1","level":"info","message":"request_start","method":"GET","requestId":"1130e6df-5162-42ce-b5ce-4d604e8281c0","timestamp":"2026-05-22T16:44:08.271Z","url":"/api/users/me"}
{"durationMs":17,"level":"info","message":"request_end","requestId":"1130e6df-5162-42ce-b5ce-4d604e8281c0","statusCode":304,"timestamp":"2026-05-22T16:44:08.288Z"}
{"durationMs":27,"level":"info","message":"request_end","requestId":"f0965e8e-de01-4894-a949-cd24f9152f02","statusCode":200,"timestamp":"2026-05-22T16:44:08.294Z"}
{"ip":"::1","level":"info","message":"request_start","method":"GET","requestId":"83cd3243-06c4-4ea1-a7a8-92a988dc7603","timestamp":"2026-05-22T16:44:08.310Z","url":"/api/cart"}
{"durationMs":11,"level":"info","message":"request_end","requestId":"83cd3243-06c4-4ea1-a7a8-92a988dc7603","statusCode":304,"timestamp":"2026-05-22T16:44:08.321Z"}
{"ip":"::1","level":"info","message":"request_start","method":"GET","requestId":"95bc0cab-9e9c-4feb-b6d5-f926ae259b39","timestamp":"2026-05-22T16:44:20.449Z","url":"/api/orders/my-orders?page=1&limit=10"}
{"durationMs":35,"level":"info","message":"request_end","requestId":"95bc0cab-9e9c-4feb-b6d5-f926ae259b39","statusCode":304,"timestamp":"2026-05-22T16:44:20.484Z"}
{"ip":"::1","level":"info","message":"request_start","method":"GET","requestId":"1a967a23-6294-4540-8cd9-7d730cd89df1","timestamp":"2026-05-22T16:44:24.656Z","url":"/api/orders/6a106b6d3d830878a76dc7fc"}
{"durationMs":31,"level":"info","message":"request_end","requestId":"1a967a23-6294-4540-8cd9-7d730cd89df1","statusCode":200,"timestamp":"2026-05-22T16:44:24.687Z"}
{"ip":"::1","level":"info","message":"request_start","method":"GET","requestId":"73291d83-845d-4abb-8f7c-61a3dc3cc2df","timestamp":"2026-05-22T16:44:32.606Z","url":"/api/orders/my-orders?page=1&limit=10"}
{"durationMs":19,"level":"info","message":"request_end","requestId":"73291d83-845d-4abb-8f7c-61a3dc3cc2df","statusCode":304,"timestamp":"2026-05-22T16:44:32.625Z"}
{"ip":"::1","level":"info","message":"request_start","method":"GET","requestId":"bc8cc177-2389-4ece-915c-3106ebed1d0b","timestamp":"2026-05-22T16:44:39.937Z","url":"/api/products?page=1&limit=100"}
{"durationMs":61,"level":"info","message":"request_end","requestId":"bc8cc177-2389-4ece-915c-3106ebed1d0b","statusCode":200,"timestamp":"2026-05-22T16:44:39.998Z"}
{"ip":"::1","level":"info","message":"request_start","method":"GET","requestId":"06de87e0-fbef-44a2-8b88-063b69de68ba","timestamp":"2026-05-22T16:44:40.013Z","url":"/api/products?page=1&limit=100"}
{"durationMs":55,"level":"info","message":"request_end","requestId":"06de87e0-fbef-44a2-8b88-063b69de68ba","statusCode":200,"timestamp":"2026-05-22T16:44:40.068Z"}
{"ip":"::1","level":"info","message":"request_start","method":"GET","requestId":"e8e8f675-e6c3-4107-b21c-55ecae6e772f","timestamp":"2026-05-22T16:44:59.694Z","url":"/api/products/featured?limit=4"}
{"durationMs":42,"level":"info","message":"request_end","requestId":"e8e8f675-e6c3-4107-b21c-55ecae6e772f","statusCode":200,"timestamp":"2026-05-22T16:44:59.736Z"}
{"ip":"::1","level":"info","message":"request_start","method":"GET","requestId":"4e8474e4-3438-40d8-8e12-3bf7196c2d26","timestamp":"2026-05-22T16:44:59.742Z","url":"/api/products/featured?limit=4"}
{"durationMs":28,"level":"info","message":"request_end","requestId":"4e8474e4-3438-40d8-8e12-3bf7196c2d26","statusCode":200,"timestamp":"2026-05-22T16:44:59.769Z"}
{"ip":"::1","level":"info","message":"request_start","method":"GET","requestId":"be71a610-bc27-4511-b9e7-fe6cd0a7abbf","timestamp":"2026-05-22T16:45:08.805Z","url":"/api/categories"}
{"durationMs":13,"level":"info","message":"request_end","requestId":"be71a610-bc27-4511-b9e7-fe6cd0a7abbf","statusCode":304,"timestamp":"2026-05-22T16:45:08.819Z"}
{"ip":"::1","level":"info","message":"request_start","method":"GET","requestId":"3fcb33c3-54b1-496a-9dd2-9478a1087d96","timestamp":"2026-05-22T16:45:08.824Z","url":"/api/categories"}
{"durationMs":19,"level":"info","message":"request_end","requestId":"3fcb33c3-54b1-496a-9dd2-9478a1087d96","statusCode":304,"timestamp":"2026-05-22T16:45:08.844Z"}
{"ip":"::1","level":"info","message":"request_start","method":"GET","requestId":"0db99308-f190-4327-9da7-400caf8fdcc2","timestamp":"2026-05-22T16:45:08.851Z","url":"/api/products?page=1&limit=50"}
{"durationMs":38,"level":"info","message":"request_end","requestId":"0db99308-f190-4327-9da7-400caf8fdcc2","statusCode":200,"timestamp":"2026-05-22T16:45:08.889Z"}
{"ip":"::1","level":"info","message":"request_start","method":"GET","requestId":"959a601e-46e0-4677-aaa7-6f5dc1a21884","timestamp":"2026-05-22T16:45:08.896Z","url":"/api/products?page=1&limit=50"}
{"durationMs":22,"level":"info","message":"request_end","requestId":"959a601e-46e0-4677-aaa7-6f5dc1a21884","statusCode":200,"timestamp":"2026-05-22T16:45:08.918Z"}
{"ip":"::1","level":"info","message":"request_start","method":"GET","requestId":"fe3b1131-d808-401d-8f44-79daea1bc46e","timestamp":"2026-05-22T16:45:14.246Z","url":"/api/users/csrf"}
{"durationMs":2,"level":"info","message":"request_end","requestId":"fe3b1131-d808-401d-8f44-79daea1bc46e","statusCode":200,"timestamp":"2026-05-22T16:45:14.248Z"}
{"ip":"::1","level":"info","message":"request_start","method":"POST","requestId":"960447b4-6db5-4679-960d-ce6699343827","timestamp":"2026-05-22T16:45:14.254Z","url":"/api/cart"}
{"level":"info","message":"Item added to cart: Merino Turtleneck by user 69f1dccd2c9b59c750a248e0","timestamp":"2026-05-22T16:45:14.289Z"}
{"durationMs":36,"level":"info","message":"request_end","requestId":"960447b4-6db5-4679-960d-ce6699343827","statusCode":200,"timestamp":"2026-05-22T16:45:14.290Z"}
{"ip":"::1","level":"info","message":"request_start","method":"GET","requestId":"6aa93a39-2db1-40a9-8678-e08091add61d","timestamp":"2026-05-22T16:45:15.148Z","url":"/api/products/69b196df61470c14477789eb"}
{"durationMs":16,"level":"info","message":"request_end","requestId":"6aa93a39-2db1-40a9-8678-e08091add61d","statusCode":200,"timestamp":"2026-05-22T16:45:15.164Z"}
{"ip":"::1","level":"info","message":"request_start","method":"GET","requestId":"ce33347a-7127-4c10-a12f-1433ffac152e","timestamp":"2026-05-22T16:45:15.170Z","url":"/api/products/69b196df61470c14477789eb"}
{"ip":"::1","level":"info","message":"request_start","method":"GET","requestId":"038b6e2a-bde4-4336-b3a6-3f2008a96f0e","timestamp":"2026-05-22T16:45:15.179Z","url":"/api/products?category=knitwear&limit=5"}
{"durationMs":19,"level":"info","message":"request_end","requestId":"ce33347a-7127-4c10-a12f-1433ffac152e","statusCode":200,"timestamp":"2026-05-22T16:45:15.189Z"}
{"durationMs":27,"level":"info","message":"request_end","requestId":"038b6e2a-bde4-4336-b3a6-3f2008a96f0e","statusCode":200,"timestamp":"2026-05-22T16:45:15.206Z"}
{"ip":"::1","level":"info","message":"request_start","method":"GET","requestId":"aefb51f3-cd2a-418c-bd6b-0528c86c28f1","timestamp":"2026-05-22T16:45:15.208Z","url":"/api/products?category=knitwear&limit=5"}
{"durationMs":14,"level":"info","message":"request_end","requestId":"aefb51f3-cd2a-418c-bd6b-0528c86c28f1","statusCode":200,"timestamp":"2026-05-22T16:45:15.222Z"}
{"ip":"::1","level":"info","message":"request_start","method":"GET","requestId":"e6ba3401-e866-494c-89a9-736c7922d2e9","timestamp":"2026-05-22T16:45:24.407Z","url":"/api/products/featured?limit=4"}
{"durationMs":46,"level":"info","message":"request_end","requestId":"e6ba3401-e866-494c-89a9-736c7922d2e9","statusCode":200,"timestamp":"2026-05-22T16:45:24.453Z"}
{"ip":"::1","level":"info","message":"request_start","method":"GET","requestId":"f84a3d17-0c88-4d55-83ea-5bfa5599a07f","timestamp":"2026-05-22T16:45:24.457Z","url":"/api/products/featured?limit=4"}
{"durationMs":36,"level":"info","message":"request_end","requestId":"f84a3d17-0c88-4d55-83ea-5bfa5599a07f","statusCode":200,"timestamp":"2026-05-22T16:45:24.494Z"}
{"ip":"::1","level":"info","message":"request_start","method":"GET","requestId":"8732f057-7cda-4040-a2c6-67021efca20c","timestamp":"2026-05-22T16:45:32.803Z","url":"/api/users/csrf"}
{"durationMs":3,"level":"info","message":"request_end","requestId":"8732f057-7cda-4040-a2c6-67021efca20c","statusCode":200,"timestamp":"2026-05-22T16:45:32.805Z"}
{"ip":"::1","level":"info","message":"request_start","method":"DELETE","requestId":"d5969556-f97e-414f-b5c8-27975787227e","timestamp":"2026-05-22T16:45:32.816Z","url":"/api/cart/69b196df61470c14477789eb"}
{"level":"info","message":"Item removed from cart: 69b196df61470c14477789eb by user 69f1dccd2c9b59c750a248e0","timestamp":"2026-05-22T16:45:32.832Z"}
{"durationMs":17,"level":"info","message":"request_end","requestId":"d5969556-f97e-414f-b5c8-27975787227e","statusCode":200,"timestamp":"2026-05-22T16:45:32.833Z"}
{"ip":"::1","level":"info","message":"request_start","method":"GET","requestId":"be95c35e-38a9-43cf-89d2-1a8df4ff3190","timestamp":"2026-05-22T16:45:34.839Z","url":"/api/products/featured?limit=4"}
{"durationMs":55,"level":"info","message":"request_end","requestId":"be95c35e-38a9-43cf-89d2-1a8df4ff3190","statusCode":200,"timestamp":"2026-05-22T16:45:34.893Z"}
{"ip":"::1","level":"info","message":"request_start","method":"GET","requestId":"d173a319-8150-489a-971d-4286fbffd695","timestamp":"2026-05-22T16:45:34.897Z","url":"/api/products/featured?limit=4"}
{"durationMs":25,"level":"info","message":"request_end","requestId":"d173a319-8150-489a-971d-4286fbffd695","statusCode":200,"timestamp":"2026-05-22T16:45:34.922Z"}
{"ip":"::1","level":"info","message":"request_start","method":"GET","requestId":"ac770df0-64c4-4529-8cd8-9e1e108557dd","timestamp":"2026-05-22T16:45:39.231Z","url":"/api/categories"}
{"durationMs":16,"level":"info","message":"request_end","requestId":"ac770df0-64c4-4529-8cd8-9e1e108557dd","statusCode":304,"timestamp":"2026-05-22T16:45:39.247Z"}
{"ip":"::1","level":"info","message":"request_start","method":"GET","requestId":"4bd1f765-f3b3-4f64-91b7-df6be6b58b10","timestamp":"2026-05-22T16:45:39.252Z","url":"/api/categories"}
{"durationMs":9,"level":"info","message":"request_end","requestId":"4bd1f765-f3b3-4f64-91b7-df6be6b58b10","statusCode":304,"timestamp":"2026-05-22T16:45:39.261Z"}
{"ip":"::1","level":"info","message":"request_start","method":"GET","requestId":"9bcbca98-dae1-40c2-9346-614995ad503b","timestamp":"2026-05-22T16:45:39.299Z","url":"/api/products?page=1&limit=50&category=accessories"}
{"durationMs":22,"level":"info","message":"request_end","requestId":"9bcbca98-dae1-40c2-9346-614995ad503b","statusCode":200,"timestamp":"2026-05-22T16:45:39.321Z"}
{"ip":"::1","level":"info","message":"request_start","method":"GET","requestId":"78525bb6-f2fb-4a60-92db-07d75d467a11","timestamp":"2026-05-22T16:45:39.326Z","url":"/api/products?page=1&limit=50&category=accessories"}
{"durationMs":32,"level":"info","message":"request_end","requestId":"78525bb6-f2fb-4a60-92db-07d75d467a11","statusCode":200,"timestamp":"2026-05-22T16:45:39.358Z"}
{"ip":"::1","level":"info","message":"request_start","method":"GET","requestId":"5e78d040-b2d6-4e10-9b70-52966e6a7b34","timestamp":"2026-05-22T16:45:42.019Z","url":"/api/categories"}
{"durationMs":4,"level":"info","message":"request_end","requestId":"5e78d040-b2d6-4e10-9b70-52966e6a7b34","statusCode":304,"timestamp":"2026-05-22T16:45:42.023Z"}
{"ip":"::1","level":"info","message":"request_start","method":"GET","requestId":"608bb16f-a7cf-4e7f-812e-7a4cf7bad228","timestamp":"2026-05-22T16:45:42.036Z","url":"/api/products?page=1&limit=50&category=outerwear"}
{"durationMs":17,"level":"info","message":"request_end","requestId":"608bb16f-a7cf-4e7f-812e-7a4cf7bad228","statusCode":200,"timestamp":"2026-05-22T16:45:42.053Z"}
{"ip":"::1","level":"info","message":"request_start","method":"GET","requestId":"18df02d9-dd63-4739-9db1-57eede1da1e4","timestamp":"2026-05-22T16:45:44.188Z","url":"/api/categories"}
{"durationMs":6,"level":"info","message":"request_end","requestId":"18df02d9-dd63-4739-9db1-57eede1da1e4","statusCode":304,"timestamp":"2026-05-22T16:45:44.194Z"}
{"ip":"::1","level":"info","message":"request_start","method":"GET","requestId":"ee28bc7b-cedd-48a5-9f34-20bedfd46068","timestamp":"2026-05-22T16:45:44.216Z","url":"/api/products?page=1&limit=50&category=jewelry"}
{"durationMs":22,"level":"info","message":"request_end","requestId":"ee28bc7b-cedd-48a5-9f34-20bedfd46068","statusCode":200,"timestamp":"2026-05-22T16:45:44.238Z"}
{"ip":"::1","level":"info","message":"request_start","method":"GET","requestId":"df76477b-91ec-420b-b05c-dae552be8bdf","timestamp":"2026-05-22T16:45:47.661Z","url":"/api/products/69b1a33461470c14477789fa"}
{"durationMs":46,"level":"info","message":"request_end","requestId":"df76477b-91ec-420b-b05c-dae552be8bdf","statusCode":200,"timestamp":"2026-05-22T16:45:47.706Z"}
{"ip":"::1","level":"info","message":"request_start","method":"GET","requestId":"3a7681de-4333-4b37-be32-1f3712735a18","timestamp":"2026-05-22T16:45:47.711Z","url":"/api/products/69b1a33461470c14477789fa"}
{"ip":"::1","level":"info","message":"request_start","method":"GET","requestId":"e85bf05c-d080-44c2-9cdc-b92b7153ded3","timestamp":"2026-05-22T16:45:47.727Z","url":"/api/products?category=jewelry&limit=5"}
{"durationMs":33,"level":"info","message":"request_end","requestId":"3a7681de-4333-4b37-be32-1f3712735a18","statusCode":200,"timestamp":"2026-05-22T16:45:47.744Z"}
{"durationMs":32,"level":"info","message":"request_end","requestId":"e85bf05c-d080-44c2-9cdc-b92b7153ded3","statusCode":200,"timestamp":"2026-05-22T16:45:47.759Z"}
{"ip":"::1","level":"info","message":"request_start","method":"GET","requestId":"7333126d-88c2-400b-91c6-3f7d0be8ef89","timestamp":"2026-05-22T16:45:47.762Z","url":"/api/products?category=jewelry&limit=5"}
{"durationMs":22,"level":"info","message":"request_end","requestId":"7333126d-88c2-400b-91c6-3f7d0be8ef89","statusCode":200,"timestamp":"2026-05-22T16:45:47.784Z"}
{"ip":"::1","level":"info","message":"request_start","method":"GET","requestId":"9312d899-3a76-471d-99ad-d06d51933166","timestamp":"2026-05-22T16:45:54.746Z","url":"/api/users/csrf"}
{"durationMs":2,"level":"info","message":"request_end","requestId":"9312d899-3a76-471d-99ad-d06d51933166","statusCode":200,"timestamp":"2026-05-22T16:45:54.748Z"}
{"ip":"::1","level":"info","message":"request_start","method":"POST","requestId":"fcb12e2c-265b-4fbe-bee3-d643bb6a8950","timestamp":"2026-05-22T16:45:54.759Z","url":"/api/cart"}
{"level":"info","message":"Item added to cart: Elegant Gold Necklace by user 69f1dccd2c9b59c750a248e0","timestamp":"2026-05-22T16:45:54.778Z"}
{"durationMs":20,"level":"info","message":"request_end","requestId":"fcb12e2c-265b-4fbe-bee3-d643bb6a8950","statusCode":200,"timestamp":"2026-05-22T16:45:54.780Z"}
{"ip":"::1","level":"info","message":"request_start","method":"GET","requestId":"414a8086-dcc9-4060-9d88-0bf46942edd9","timestamp":"2026-05-22T16:46:03.473Z","url":"/api/products/featured?limit=4"}
{"durationMs":14,"level":"info","message":"request_end","requestId":"414a8086-dcc9-4060-9d88-0bf46942edd9","statusCode":200,"timestamp":"2026-05-22T16:46:03.487Z"}
{"ip":"::1","level":"info","message":"request_start","method":"GET","requestId":"360cc377-af7f-406a-8e30-2a820a22618a","timestamp":"2026-05-22T16:46:03.490Z","url":"/api/products/featured?limit=4"}
{"durationMs":18,"level":"info","message":"request_end","requestId":"360cc377-af7f-406a-8e30-2a820a22618a","statusCode":200,"timestamp":"2026-05-22T16:46:03.508Z"}
{"ip":"::1","level":"info","message":"request_start","method":"GET","requestId":"5f9a2c7c-d7f4-4d47-a98f-bf21265e5b3d","timestamp":"2026-05-22T16:46:08.242Z","url":"/api/products/69b1a33461470c14477789fb"}
{"durationMs":12,"level":"info","message":"request_end","requestId":"5f9a2c7c-d7f4-4d47-a98f-bf21265e5b3d","statusCode":200,"timestamp":"2026-05-22T16:46:08.254Z"}
{"ip":"::1","level":"info","message":"request_start","method":"GET","requestId":"837661b0-16ba-4730-992d-dc181bee665b","timestamp":"2026-05-22T16:46:08.259Z","url":"/api/products/69b1a33461470c14477789fb"}
{"ip":"::1","level":"info","message":"request_start","method":"GET","requestId":"de6899e3-9326-4127-bfb2-74b5aa38480a","timestamp":"2026-05-22T16:46:08.267Z","url":"/api/products?category=jewelry&limit=5"}
{"durationMs":15,"level":"info","message":"request_end","requestId":"837661b0-16ba-4730-992d-dc181bee665b","statusCode":200,"timestamp":"2026-05-22T16:46:08.274Z"}
{"durationMs":21,"level":"info","message":"request_end","requestId":"de6899e3-9326-4127-bfb2-74b5aa38480a","statusCode":200,"timestamp":"2026-05-22T16:46:08.288Z"}
{"ip":"::1","level":"info","message":"request_start","method":"GET","requestId":"7927ef94-3e31-4d0d-a509-984e693110a2","timestamp":"2026-05-22T16:46:08.290Z","url":"/api/products?category=jewelry&limit=5"}
{"durationMs":12,"level":"info","message":"request_end","requestId":"7927ef94-3e31-4d0d-a509-984e693110a2","statusCode":200,"timestamp":"2026-05-22T16:46:08.303Z"}
{"ip":"::1","level":"info","message":"request_start","method":"GET","requestId":"2e486d94-4c0e-4e18-b5eb-de22b0ddd2a2","timestamp":"2026-05-22T16:47:09.282Z","url":"/api/users/csrf"}
{"durationMs":2,"level":"info","message":"request_end","requestId":"2e486d94-4c0e-4e18-b5eb-de22b0ddd2a2","statusCode":200,"timestamp":"2026-05-22T16:47:09.284Z"}
{"ip":"::1","level":"info","message":"request_start","method":"POST","requestId":"06533245-7c43-4ab4-a04a-ab6c33d154db","timestamp":"2026-05-22T16:47:09.312Z","url":"/api/orders"}
{"level":"info","message":"Order created: 6a10888d9209d27493c1453b by user 69f1dccd2c9b59c750a248e0","timestamp":"2026-05-22T16:47:09.366Z"}
{"durationMs":56,"level":"info","message":"request_end","requestId":"06533245-7c43-4ab4-a04a-ab6c33d154db","statusCode":201,"timestamp":"2026-05-22T16:47:09.367Z"}
{"ip":"::1","level":"info","message":"request_start","method":"GET","requestId":"8dcb980d-930e-49df-a6d9-13f064dbebad","timestamp":"2026-05-22T16:47:09.375Z","url":"/api/users/csrf"}
{"durationMs":5,"level":"info","message":"request_end","requestId":"8dcb980d-930e-49df-a6d9-13f064dbebad","statusCode":200,"timestamp":"2026-05-22T16:47:09.380Z"}
{"ip":"::1","level":"info","message":"request_start","method":"DELETE","requestId":"43e29e62-bd21-4a5c-8772-4b2aa90be350","timestamp":"2026-05-22T16:47:09.396Z","url":"/api/cart"}
{"level":"info","message":"Cart cleared by user 69f1dccd2c9b59c750a248e0","timestamp":"2026-05-22T16:47:09.419Z"}
{"durationMs":25,"level":"info","message":"request_end","requestId":"43e29e62-bd21-4a5c-8772-4b2aa90be350","statusCode":200,"timestamp":"2026-05-22T16:47:09.421Z"}
{"ip":"::1","level":"info","message":"request_start","method":"GET","requestId":"93e153f2-0245-4c4a-bc84-42446a391740","timestamp":"2026-05-22T16:47:23.332Z","url":"/api/categories"}
{"durationMs":34,"level":"info","message":"request_end","requestId":"93e153f2-0245-4c4a-bc84-42446a391740","statusCode":304,"timestamp":"2026-05-22T16:47:23.366Z"}
{"ip":"::1","level":"info","message":"request_start","method":"GET","requestId":"5167e37d-2c4f-41ce-9f49-c2258ade8ce2","timestamp":"2026-05-22T16:47:23.373Z","url":"/api/categories"}
{"durationMs":12,"level":"info","message":"request_end","requestId":"5167e37d-2c4f-41ce-9f49-c2258ade8ce2","statusCode":304,"timestamp":"2026-05-22T16:47:23.385Z"}
{"ip":"::1","level":"info","message":"request_start","method":"GET","requestId":"9bb65ced-a696-4108-9349-47a10d08ea1c","timestamp":"2026-05-22T16:47:23.417Z","url":"/api/products?page=1&limit=50"}
{"durationMs":35,"level":"info","message":"request_end","requestId":"9bb65ced-a696-4108-9349-47a10d08ea1c","statusCode":200,"timestamp":"2026-05-22T16:47:23.452Z"}
{"ip":"::1","level":"info","message":"request_start","method":"GET","requestId":"b04885f9-3a86-4ca6-83f3-46faab07e7e4","timestamp":"2026-05-22T16:47:23.464Z","url":"/api/products?page=1&limit=50"}
{"durationMs":23,"level":"info","message":"request_end","requestId":"b04885f9-3a86-4ca6-83f3-46faab07e7e4","statusCode":200,"timestamp":"2026-05-22T16:47:23.487Z"}
{"ip":"::1","level":"info","message":"request_start","method":"GET","requestId":"4f237bee-355e-4f76-ac72-1076c56d56e1","timestamp":"2026-05-22T16:47:31.957Z","url":"/api/orders/my-orders?page=1&limit=10"}
{"durationMs":34,"level":"info","message":"request_end","requestId":"4f237bee-355e-4f76-ac72-1076c56d56e1","statusCode":200,"timestamp":"2026-05-22T16:47:31.991Z"}
{"ip":"::1","level":"info","message":"request_start","method":"GET","requestId":"3d24f337-6d12-45ce-bdef-54ccefade39f","timestamp":"2026-05-22T16:47:38.603Z","url":"/api/orders/6a10888d9209d27493c1453b"}
{"durationMs":16,"level":"info","message":"request_end","requestId":"3d24f337-6d12-45ce-bdef-54ccefade39f","statusCode":200,"timestamp":"2026-05-22T16:47:38.619Z"}
{"ip":"::1","level":"info","message":"request_start","method":"GET","requestId":"02c24de3-663a-407e-b22c-dc5ebbd282ed","timestamp":"2026-05-22T16:47:51.361Z","url":"/api/orders/6a106b6d3d830878a76dc7fc"}
{"durationMs":16,"level":"info","message":"request_end","requestId":"02c24de3-663a-407e-b22c-dc5ebbd282ed","statusCode":200,"timestamp":"2026-05-22T16:47:51.377Z"}
{"ip":"::1","level":"info","message":"request_start","method":"GET","requestId":"4f0ae19a-5d35-4831-bc71-00bbdf62f48f","timestamp":"2026-05-22T16:47:57.724Z","url":"/api/orders/6a0eb8ad2466080786f4ad19"}
{"durationMs":19,"level":"info","message":"request_end","requestId":"4f0ae19a-5d35-4831-bc71-00bbdf62f48f","statusCode":200,"timestamp":"2026-05-22T16:47:57.743Z"}
{"ip":"::1","level":"info","message":"request_start","method":"GET","requestId":"bd6cba6a-1fb5-416c-a97c-aaf707236a4b","timestamp":"2026-05-22T16:48:29.014Z","url":"/api/products/featured?limit=4"}
{"durationMs":52,"level":"info","message":"request_end","requestId":"bd6cba6a-1fb5-416c-a97c-aaf707236a4b","statusCode":200,"timestamp":"2026-05-22T16:48:29.065Z"}
{"ip":"::1","level":"info","message":"request_start","method":"GET","requestId":"84b20652-23a2-43eb-a2c0-e0cdaf0e83a9","timestamp":"2026-05-22T16:48:29.073Z","url":"/api/products/featured?limit=4"}
{"durationMs":30,"level":"info","message":"request_end","requestId":"84b20652-23a2-43eb-a2c0-e0cdaf0e83a9","statusCode":200,"timestamp":"2026-05-22T16:48:29.104Z"}
{"ip":"::1","level":"info","message":"request_start","method":"GET","requestId":"47d8b39b-a7e9-4beb-89a4-cc60b92aa142","timestamp":"2026-05-22T16:48:57.247Z","url":"/api/categories"}
{"durationMs":8,"level":"info","message":"request_end","requestId":"47d8b39b-a7e9-4beb-89a4-cc60b92aa142","statusCode":304,"timestamp":"2026-05-22T16:48:57.255Z"}
{"ip":"::1","level":"info","message":"request_start","method":"GET","requestId":"09c86e4b-aa5c-49e5-ac3d-050a0c737df1","timestamp":"2026-05-22T16:48:57.259Z","url":"/api/categories"}
{"durationMs":6,"level":"info","message":"request_end","requestId":"09c86e4b-aa5c-49e5-ac3d-050a0c737df1","statusCode":304,"timestamp":"2026-05-22T16:48:57.265Z"}
{"ip":"::1","level":"info","message":"request_start","method":"GET","requestId":"a811c0a0-96ea-4232-8d49-f7d64b820074","timestamp":"2026-05-22T16:48:57.287Z","url":"/api/products?page=1&limit=50"}
{"durationMs":16,"level":"info","message":"request_end","requestId":"a811c0a0-96ea-4232-8d49-f7d64b820074","statusCode":200,"timestamp":"2026-05-22T16:48:57.303Z"}
{"ip":"::1","level":"info","message":"request_start","method":"GET","requestId":"77b09e2a-63bd-4614-bea5-b14f433ba05e","timestamp":"2026-05-22T16:48:57.305Z","url":"/api/products?page=1&limit=50"}
{"durationMs":13,"level":"info","message":"request_end","requestId":"77b09e2a-63bd-4614-bea5-b14f433ba05e","statusCode":200,"timestamp":"2026-05-22T16:48:57.318Z"}
{"ip":"::1","level":"info","message":"request_start","method":"GET","requestId":"940fff15-fe9a-4c09-977e-8bcd0ea590eb","timestamp":"2026-05-22T16:49:04.514Z","url":"/api/products/featured?limit=4"}
{"durationMs":17,"level":"info","message":"request_end","requestId":"940fff15-fe9a-4c09-977e-8bcd0ea590eb","statusCode":200,"timestamp":"2026-05-22T16:49:04.531Z"}
{"ip":"::1","level":"info","message":"request_start","method":"GET","requestId":"e8d96736-3e98-4c99-8b96-476aacfd8d0f","timestamp":"2026-05-22T16:49:04.544Z","url":"/api/products/featured?limit=4"}
{"durationMs":17,"level":"info","message":"request_end","requestId":"e8d96736-3e98-4c99-8b96-476aacfd8d0f","statusCode":200,"timestamp":"2026-05-22T16:49:04.562Z"}
{"ip":"::1","level":"info","message":"request_start","method":"GET","requestId":"1f2c79d4-5e59-4606-8c9e-30c7ddcd5725","timestamp":"2026-05-22T16:49:06.002Z","url":"/api/categories"}
{"durationMs":5,"level":"info","message":"request_end","requestId":"1f2c79d4-5e59-4606-8c9e-30c7ddcd5725","statusCode":304,"timestamp":"2026-05-22T16:49:06.007Z"}
{"ip":"::1","level":"info","message":"request_start","method":"GET","requestId":"ed579ca5-8404-40f5-9167-b4e4cc5ed4c8","timestamp":"2026-05-22T16:49:06.011Z","url":"/api/categories"}
{"durationMs":8,"level":"info","message":"request_end","requestId":"ed579ca5-8404-40f5-9167-b4e4cc5ed4c8","statusCode":304,"timestamp":"2026-05-22T16:49:06.019Z"}
{"ip":"::1","level":"info","message":"request_start","method":"GET","requestId":"9d82b8ce-35e0-4c09-a6e0-c8659141a1da","timestamp":"2026-05-22T16:49:06.036Z","url":"/api/products?page=1&limit=50"}
{"durationMs":15,"level":"info","message":"request_end","requestId":"9d82b8ce-35e0-4c09-a6e0-c8659141a1da","statusCode":200,"timestamp":"2026-05-22T16:49:06.051Z"}
{"ip":"::1","level":"info","message":"request_start","method":"GET","requestId":"efe40f1a-f4b6-4431-b973-b158e6cb5f4a","timestamp":"2026-05-22T16:49:06.053Z","url":"/api/products?page=1&limit=50"}
{"durationMs":13,"level":"info","message":"request_end","requestId":"efe40f1a-f4b6-4431-b973-b158e6cb5f4a","statusCode":200,"timestamp":"2026-05-22T16:49:06.066Z"}
{"ip":"::1","level":"info","message":"request_start","method":"GET","requestId":"096ec1de-a28c-4dd7-992a-36197a21fb5e","timestamp":"2026-05-22T16:50:24.939Z","url":"/api/users/csrf"}
{"durationMs":2,"level":"info","message":"request_end","requestId":"096ec1de-a28c-4dd7-992a-36197a21fb5e","statusCode":200,"timestamp":"2026-05-22T16:50:24.941Z"}
{"ip":"::1","level":"info","message":"request_start","method":"POST","requestId":"768ec9b0-f514-4b6d-9c47-5f75cac1ee70","timestamp":"2026-05-22T16:50:24.954Z","url":"/api/users/logout"}
{"durationMs":20,"level":"info","message":"request_end","requestId":"768ec9b0-f514-4b6d-9c47-5f75cac1ee70","statusCode":200,"timestamp":"2026-05-22T16:50:24.974Z"}
{"ip":"::1","level":"info","message":"request_start","method":"GET","requestId":"b3b1189a-1ab5-433a-bcb5-1d53e9075bcd","timestamp":"2026-05-22T16:56:05.130Z","url":"/api/products/featured?limit=4"}
{"durationMs":27,"level":"info","message":"request_end","requestId":"b3b1189a-1ab5-433a-bcb5-1d53e9075bcd","statusCode":200,"timestamp":"2026-05-22T16:56:05.157Z"}
{"ip":"::1","level":"info","message":"request_start","method":"GET","requestId":"6b4fb6b6-5e5c-4966-a0ea-822e0f408b9a","timestamp":"2026-05-22T16:56:05.162Z","url":"/api/products/featured?limit=4"}
{"durationMs":21,"level":"info","message":"request_end","requestId":"6b4fb6b6-5e5c-4966-a0ea-822e0f408b9a","statusCode":200,"timestamp":"2026-05-22T16:56:05.184Z"}
{"ip":"::1","level":"info","message":"request_start","method":"GET","requestId":"f0014b9d-a418-4a08-99a7-e81361fb2584","timestamp":"2026-05-22T16:56:55.587Z","url":"/api/products/featured?limit=4"}
{"durationMs":14,"level":"info","message":"request_end","requestId":"f0014b9d-a418-4a08-99a7-e81361fb2584","statusCode":200,"timestamp":"2026-05-22T16:56:55.602Z"}
{"ip":"::1","level":"info","message":"request_start","method":"GET","requestId":"a8eb38b9-f585-4e62-8c6d-fa098498bd8e","timestamp":"2026-05-22T16:56:56.830Z","url":"/api/products/featured?limit=4"}
{"durationMs":12,"level":"info","message":"request_end","requestId":"a8eb38b9-f585-4e62-8c6d-fa098498bd8e","statusCode":200,"timestamp":"2026-05-22T16:56:56.842Z"}
{"ip":"::1","level":"info","message":"request_start","method":"GET","requestId":"beb18bf7-16c4-400d-b817-9894fc742737","timestamp":"2026-05-22T17:24:34.509Z","url":"/api/products/featured?limit=4"}
{"durationMs":53,"level":"info","message":"request_end","requestId":"beb18bf7-16c4-400d-b817-9894fc742737","statusCode":200,"timestamp":"2026-05-22T17:24:34.560Z"}
{"ip":"::1","level":"info","message":"request_start","method":"POST","requestId":"9d95e794-69d8-47b9-be0e-6ced66194848","timestamp":"2026-05-22T17:25:12.841Z","url":"/api/users/login"}
{"durationMs":122,"level":"info","message":"request_end","requestId":"9d95e794-69d8-47b9-be0e-6ced66194848","statusCode":200,"timestamp":"2026-05-22T17:25:12.963Z"}
{"ip":"::1","level":"info","message":"request_start","method":"GET","requestId":"fd84eca7-8a90-4fca-ba06-526637ba4f71","timestamp":"2026-05-22T17:25:13.004Z","url":"/api/cart"}
{"durationMs":15,"level":"info","message":"request_end","requestId":"fd84eca7-8a90-4fca-ba06-526637ba4f71","statusCode":200,"timestamp":"2026-05-22T17:25:13.019Z"}
{"ip":"::1","level":"info","message":"request_start","method":"GET","requestId":"2bf28084-566e-4ab0-9469-c7ce6e985901","timestamp":"2026-05-22T17:25:16.627Z","url":"/api/users/csrf"}
{"durationMs":3,"level":"info","message":"request_end","requestId":"2bf28084-566e-4ab0-9469-c7ce6e985901","statusCode":200,"timestamp":"2026-05-22T17:25:16.630Z"}
{"ip":"::1","level":"info","message":"request_start","method":"POST","requestId":"9cde62ab-a491-4769-9bfb-78d2eb64779c","timestamp":"2026-05-22T17:25:16.645Z","url":"/api/users/logout"}
{"durationMs":13,"level":"info","message":"request_end","requestId":"9cde62ab-a491-4769-9bfb-78d2eb64779c","statusCode":200,"timestamp":"2026-05-22T17:25:16.658Z"}
{"ip":"::1","level":"info","message":"request_start","method":"GET","requestId":"72ed6008-1e0c-4a8c-a177-39c172376800","timestamp":"2026-05-22T17:25:39.883Z","url":"/api/products/featured?limit=4"}
{"durationMs":24,"level":"info","message":"request_end","requestId":"72ed6008-1e0c-4a8c-a177-39c172376800","statusCode":200,"timestamp":"2026-05-22T17:25:39.907Z"}
{"ip":"::1","level":"info","message":"request_start","method":"GET","requestId":"568e4fe0-d8ac-4daa-9b0a-f0fc7f85ba00","timestamp":"2026-05-22T17:26:52.495Z","url":"/api/products/featured?limit=4"}
{"durationMs":23,"level":"info","message":"request_end","requestId":"568e4fe0-d8ac-4daa-9b0a-f0fc7f85ba00","statusCode":200,"timestamp":"2026-05-22T17:26:52.518Z"}
{"ip":"::1","level":"info","message":"request_start","method":"GET","requestId":"38bf193b-4e43-4bcc-8f96-c6dce1bfae76","timestamp":"2026-05-23T07:52:36.411Z","url":"/api/products/69b1a33461470c14477789fb"}
{"ip":"::1","level":"info","message":"request_start","method":"GET","requestId":"0772c056-aec6-4c62-b370-fa3b498066f2","timestamp":"2026-05-23T07:52:36.435Z","url":"/api/users/me"}
{"durationMs":8,"level":"info","message":"request_end","requestId":"0772c056-aec6-4c62-b370-fa3b498066f2","statusCode":401,"timestamp":"2026-05-23T07:52:36.443Z"}
{"ip":"::1","level":"info","message":"request_start","method":"GET","requestId":"ce078477-2358-4eb0-86af-2d3176e22c4a","timestamp":"2026-05-23T07:52:36.460Z","url":"/api/users/csrf"}
{"durationMs":3,"level":"info","message":"request_end","requestId":"ce078477-2358-4eb0-86af-2d3176e22c4a","statusCode":200,"timestamp":"2026-05-23T07:52:36.463Z"}
{"durationMs":66,"level":"info","message":"request_end","requestId":"38bf193b-4e43-4bcc-8f96-c6dce1bfae76","statusCode":200,"timestamp":"2026-05-23T07:52:36.475Z"}
{"ip":"::1","level":"info","message":"request_start","method":"POST","requestId":"b9b53330-92c3-4741-a859-54da1f0bb988","timestamp":"2026-05-23T07:52:36.476Z","url":"/api/users/refresh"}
{"ip":"::1","level":"info","message":"request_start","method":"GET","requestId":"805fc1fa-57cc-496f-8cb2-9f726a3c8781","timestamp":"2026-05-23T07:52:36.504Z","url":"/api/products?category=jewelry&limit=5"}
{"durationMs":103,"level":"info","message":"request_end","requestId":"b9b53330-92c3-4741-a859-54da1f0bb988","statusCode":200,"timestamp":"2026-05-23T07:52:36.580Z"}
{"ip":"::1","level":"info","message":"request_start","method":"GET","requestId":"e79940a5-46dd-41ae-9e95-ab0f3656e06a","timestamp":"2026-05-23T07:52:36.584Z","url":"/api/users/me"}
{"durationMs":6,"level":"info","message":"request_end","requestId":"e79940a5-46dd-41ae-9e95-ab0f3656e06a","statusCode":304,"timestamp":"2026-05-23T07:52:36.590Z"}
{"durationMs":107,"level":"info","message":"request_end","requestId":"805fc1fa-57cc-496f-8cb2-9f726a3c8781","statusCode":200,"timestamp":"2026-05-23T07:52:36.611Z"}
{"ip":"::1","level":"info","message":"request_start","method":"GET","requestId":"6406f6ce-5e48-4969-ac4b-36616e84d5dc","timestamp":"2026-05-23T07:52:36.616Z","url":"/api/cart"}
{"ip":"::1","level":"info","message":"request_start","method":"GET","requestId":"92cd6817-589e-4247-bf6d-67ec37cfb333","timestamp":"2026-05-23T07:52:36.619Z","url":"/api/users/me"}
{"durationMs":8,"level":"info","message":"request_end","requestId":"92cd6817-589e-4247-bf6d-67ec37cfb333","statusCode":304,"timestamp":"2026-05-23T07:52:36.627Z"}
{"durationMs":14,"level":"info","message":"request_end","requestId":"6406f6ce-5e48-4969-ac4b-36616e84d5dc","statusCode":304,"timestamp":"2026-05-23T07:52:36.630Z"}
{"ip":"::1","level":"info","message":"request_start","method":"GET","requestId":"d4d83ca7-e46c-4a11-86b9-59321337a712","timestamp":"2026-05-23T07:52:40.267Z","url":"/api/products/69b1a33461470c14477789fb"}
{"ip":"::1","level":"info","message":"request_start","method":"GET","requestId":"a01f7a12-492d-4de9-bda9-191ec8277a1c","timestamp":"2026-05-23T07:52:40.274Z","url":"/api/users/me"}
{"durationMs":14,"level":"info","message":"request_end","requestId":"a01f7a12-492d-4de9-bda9-191ec8277a1c","statusCode":304,"timestamp":"2026-05-23T07:52:40.288Z"}
{"durationMs":27,"level":"info","message":"request_end","requestId":"d4d83ca7-e46c-4a11-86b9-59321337a712","statusCode":200,"timestamp":"2026-05-23T07:52:40.294Z"}
{"ip":"::1","level":"info","message":"request_start","method":"GET","requestId":"0221baf0-da63-4edf-8157-e4c2487fc841","timestamp":"2026-05-23T07:52:40.314Z","url":"/api/cart"}
{"ip":"::1","level":"info","message":"request_start","method":"GET","requestId":"c028e8e9-0b53-4dc0-a324-969aa6fca42f","timestamp":"2026-05-23T07:52:40.317Z","url":"/api/users/me"}
{"ip":"::1","level":"info","message":"request_start","method":"GET","requestId":"beffd263-38ba-43f0-a389-abd57e055cc0","timestamp":"2026-05-23T07:52:40.320Z","url":"/api/products?category=jewelry&limit=5"}
{"durationMs":11,"level":"info","message":"request_end","requestId":"c028e8e9-0b53-4dc0-a324-969aa6fca42f","statusCode":304,"timestamp":"2026-05-23T07:52:40.328Z"}
{"durationMs":21,"level":"info","message":"request_end","requestId":"0221baf0-da63-4edf-8157-e4c2487fc841","statusCode":304,"timestamp":"2026-05-23T07:52:40.335Z"}
{"durationMs":28,"level":"info","message":"request_end","requestId":"beffd263-38ba-43f0-a389-abd57e055cc0","statusCode":200,"timestamp":"2026-05-23T07:52:40.348Z"}
{"ip":"::1","level":"info","message":"request_start","method":"POST","requestId":"385ab9dc-c361-493e-a8df-7d581e35ca64","timestamp":"2026-05-23T07:52:42.239Z","url":"/api/users/wishlist/69b1a33461470c14477789fb"}
{"durationMs":12,"level":"info","message":"request_end","requestId":"385ab9dc-c361-493e-a8df-7d581e35ca64","statusCode":403,"timestamp":"2026-05-23T07:52:42.251Z"}
{"ip":"::1","level":"info","message":"request_start","method":"GET","requestId":"7a6cdcf6-2a22-4773-82f8-64dccb88311a","timestamp":"2026-05-23T08:02:30.563Z","url":"/api/products/69b1a33461470c14477789fb"}
{"ip":"::1","level":"info","message":"request_start","method":"GET","requestId":"17f27799-c14b-4f3a-846c-520ac2307030","timestamp":"2026-05-23T08:02:30.567Z","url":"/api/users/me"}
{"durationMs":12,"level":"info","message":"request_end","requestId":"17f27799-c14b-4f3a-846c-520ac2307030","statusCode":304,"timestamp":"2026-05-23T08:02:30.579Z"}
{"durationMs":21,"level":"info","message":"request_end","requestId":"7a6cdcf6-2a22-4773-82f8-64dccb88311a","statusCode":200,"timestamp":"2026-05-23T08:02:30.584Z"}
{"ip":"::1","level":"info","message":"request_start","method":"GET","requestId":"f1eed80b-39a8-4919-824a-021958c49ee5","timestamp":"2026-05-23T08:02:30.654Z","url":"/api/cart"}
{"ip":"::1","level":"info","message":"request_start","method":"GET","requestId":"e4d8ed3a-b0c2-42f1-9777-123f7f959e9c","timestamp":"2026-05-23T08:02:30.658Z","url":"/api/users/me"}
{"ip":"::1","level":"info","message":"request_start","method":"GET","requestId":"aeff72b6-e8c9-4280-8b16-7e1fd40976e2","timestamp":"2026-05-23T08:02:30.666Z","url":"/api/products?category=jewelry&limit=5"}
{"durationMs":12,"level":"info","message":"request_end","requestId":"e4d8ed3a-b0c2-42f1-9777-123f7f959e9c","statusCode":304,"timestamp":"2026-05-23T08:02:30.670Z"}
{"durationMs":20,"level":"info","message":"request_end","requestId":"f1eed80b-39a8-4919-824a-021958c49ee5","statusCode":304,"timestamp":"2026-05-23T08:02:30.674Z"}
{"durationMs":21,"level":"info","message":"request_end","requestId":"aeff72b6-e8c9-4280-8b16-7e1fd40976e2","statusCode":200,"timestamp":"2026-05-23T08:02:30.686Z"}
{"ip":"::1","level":"info","message":"request_start","method":"GET","requestId":"2596ccb8-0579-4eba-adf6-c1b129544145","timestamp":"2026-05-23T08:03:43.832Z","url":"/api/products/69b1a33461470c14477789fb"}
{"ip":"::1","level":"info","message":"request_start","method":"GET","requestId":"921326d7-fffc-400c-bc11-61f6fdf96dc6","timestamp":"2026-05-23T08:03:43.841Z","url":"/api/users/me"}
{"durationMs":7,"level":"info","message":"request_end","requestId":"921326d7-fffc-400c-bc11-61f6fdf96dc6","statusCode":401,"timestamp":"2026-05-23T08:03:43.847Z"}
{"durationMs":22,"level":"info","message":"request_end","requestId":"2596ccb8-0579-4eba-adf6-c1b129544145","statusCode":200,"timestamp":"2026-05-23T08:03:43.854Z"}
{"ip":"::1","level":"info","message":"request_start","method":"GET","requestId":"344e7216-f917-4bbe-b085-193362dd8fa1","timestamp":"2026-05-23T08:03:43.867Z","url":"/api/users/csrf"}
{"durationMs":4,"level":"info","message":"request_end","requestId":"344e7216-f917-4bbe-b085-193362dd8fa1","statusCode":200,"timestamp":"2026-05-23T08:03:43.870Z"}
{"ip":"::1","level":"info","message":"request_start","method":"GET","requestId":"6e4e44cd-a0d7-4aef-9e76-91b237108492","timestamp":"2026-05-23T08:03:43.872Z","url":"/api/products?category=jewelry&limit=5"}
{"durationMs":16,"level":"info","message":"request_end","requestId":"6e4e44cd-a0d7-4aef-9e76-91b237108492","statusCode":200,"timestamp":"2026-05-23T08:03:43.888Z"}
{"ip":"::1","level":"info","message":"request_start","method":"POST","requestId":"dbf61250-e524-4cd1-895c-bb46b1e1237d","timestamp":"2026-05-23T08:03:43.892Z","url":"/api/users/refresh"}
{"durationMs":23,"level":"info","message":"request_end","requestId":"dbf61250-e524-4cd1-895c-bb46b1e1237d","statusCode":200,"timestamp":"2026-05-23T08:03:43.915Z"}
{"ip":"::1","level":"info","message":"request_start","method":"GET","requestId":"5b182499-d651-4e32-9b49-7ab2c0ac839a","timestamp":"2026-05-23T08:03:43.942Z","url":"/api/users/me"}
{"durationMs":5,"level":"info","message":"request_end","requestId":"5b182499-d651-4e32-9b49-7ab2c0ac839a","statusCode":304,"timestamp":"2026-05-23T08:03:43.947Z"}
{"ip":"::1","level":"info","message":"request_start","method":"GET","requestId":"dc3e5a13-90c6-4f4f-bc8c-42ef36ffa3e0","timestamp":"2026-05-23T08:03:43.976Z","url":"/api/cart"}
{"ip":"::1","level":"info","message":"request_start","method":"GET","requestId":"e80525bf-77e7-453d-b569-9de536f13195","timestamp":"2026-05-23T08:03:43.979Z","url":"/api/users/me"}
{"durationMs":6,"level":"info","message":"request_end","requestId":"e80525bf-77e7-453d-b569-9de536f13195","statusCode":304,"timestamp":"2026-05-23T08:03:43.985Z"}
{"durationMs":12,"level":"info","message":"request_end","requestId":"dc3e5a13-90c6-4f4f-bc8c-42ef36ffa3e0","statusCode":304,"timestamp":"2026-05-23T08:03:43.988Z"}
{"ip":"::1","level":"info","message":"request_start","method":"POST","requestId":"ee7460e4-6a5b-41a0-b742-e852ef9d374e","timestamp":"2026-05-23T08:03:46.904Z","url":"/api/users/wishlist/69b1a33461470c14477789fb"}
{"durationMs":5,"level":"info","message":"request_end","requestId":"ee7460e4-6a5b-41a0-b742-e852ef9d374e","statusCode":403,"timestamp":"2026-05-23T08:03:46.909Z"}
{"ip":"::1","level":"info","message":"request_start","method":"GET","requestId":"5ca77efc-aacc-410a-958c-a7a03d25da51","timestamp":"2026-05-23T08:03:53.781Z","url":"/api/users/me"}
{"durationMs":6,"level":"info","message":"request_end","requestId":"5ca77efc-aacc-410a-958c-a7a03d25da51","statusCode":304,"timestamp":"2026-05-23T08:03:53.787Z"}
{"ip":"::1","level":"info","message":"request_start","method":"GET","requestId":"fbc96117-3c4e-42f5-a0b0-60fe6eaa4761","timestamp":"2026-05-23T08:03:53.823Z","url":"/api/cart"}
{"ip":"::1","level":"info","message":"request_start","method":"GET","requestId":"b3c48071-fa06-4cd7-8dbe-ae00555f3add","timestamp":"2026-05-23T08:03:53.827Z","url":"/api/users/me"}
{"durationMs":6,"level":"info","message":"request_end","requestId":"b3c48071-fa06-4cd7-8dbe-ae00555f3add","statusCode":304,"timestamp":"2026-05-23T08:03:53.833Z"}
{"durationMs":14,"level":"info","message":"request_end","requestId":"fbc96117-3c4e-42f5-a0b0-60fe6eaa4761","statusCode":304,"timestamp":"2026-05-23T08:03:53.837Z"}
{"ip":"::1","level":"info","message":"request_start","method":"GET","requestId":"43510dcd-cb2a-4672-ab6b-b32bef16afa5","timestamp":"2026-05-23T08:03:54.844Z","url":"/api/users/me"}
{"durationMs":5,"level":"info","message":"request_end","requestId":"43510dcd-cb2a-4672-ab6b-b32bef16afa5","statusCode":304,"timestamp":"2026-05-23T08:03:54.849Z"}
{"ip":"::1","level":"info","message":"request_start","method":"GET","requestId":"39437a1b-5045-437f-858e-7125ca08b850","timestamp":"2026-05-23T08:03:54.888Z","url":"/api/cart"}
{"ip":"::1","level":"info","message":"request_start","method":"GET","requestId":"c3a315b3-07b2-422a-a36e-2bfa95dbbf73","timestamp":"2026-05-23T08:03:54.891Z","url":"/api/users/me"}
{"durationMs":6,"level":"info","message":"request_end","requestId":"c3a315b3-07b2-422a-a36e-2bfa95dbbf73","statusCode":304,"timestamp":"2026-05-23T08:03:54.897Z"}
{"durationMs":14,"level":"info","message":"request_end","requestId":"39437a1b-5045-437f-858e-7125ca08b850","statusCode":304,"timestamp":"2026-05-23T08:03:54.902Z"}
{"ip":"::1","level":"info","message":"request_start","method":"GET","requestId":"d39e2f48-8362-4970-8056-51910a9c394e","timestamp":"2026-05-23T08:04:26.385Z","url":"/api/users/me"}
{"durationMs":8,"level":"info","message":"request_end","requestId":"d39e2f48-8362-4970-8056-51910a9c394e","statusCode":304,"timestamp":"2026-05-23T08:04:26.393Z"}
{"ip":"::1","level":"info","message":"request_start","method":"GET","requestId":"0b9b8e8f-2f24-4d98-a593-e7789d70f1b8","timestamp":"2026-05-23T08:04:26.444Z","url":"/api/cart"}
{"ip":"::1","level":"info","message":"request_start","method":"GET","requestId":"07f5c308-2a52-4693-b721-a36fa9580c18","timestamp":"2026-05-23T08:04:26.448Z","url":"/api/users/me"}
{"durationMs":8,"level":"info","message":"request_end","requestId":"07f5c308-2a52-4693-b721-a36fa9580c18","statusCode":304,"timestamp":"2026-05-23T08:04:26.456Z"}
{"durationMs":15,"level":"info","message":"request_end","requestId":"0b9b8e8f-2f24-4d98-a593-e7789d70f1b8","statusCode":304,"timestamp":"2026-05-23T08:04:26.459Z"}
{"ip":"::1","level":"info","message":"request_start","method":"GET","requestId":"70b3d761-42e8-4ef5-a2b7-a3a4635fd92f","timestamp":"2026-05-23T08:04:29.859Z","url":"/api/products/featured?limit=4"}
{"durationMs":27,"level":"info","message":"request_end","requestId":"70b3d761-42e8-4ef5-a2b7-a3a4635fd92f","statusCode":200,"timestamp":"2026-05-23T08:04:29.886Z"}
{"ip":"::1","level":"info","message":"request_start","method":"GET","requestId":"c5f65405-3460-4a6b-bfe2-839c1a2a5d46","timestamp":"2026-05-23T08:04:29.890Z","url":"/api/products/featured?limit=4"}
{"durationMs":16,"level":"info","message":"request_end","requestId":"c5f65405-3460-4a6b-bfe2-839c1a2a5d46","statusCode":200,"timestamp":"2026-05-23T08:04:29.906Z"}
{"ip":"::1","level":"info","message":"request_start","method":"GET","requestId":"b9bffa01-094a-45bf-b475-158011431a88","timestamp":"2026-05-23T08:04:31.903Z","url":"/api/products/featured?limit=4"}
{"ip":"::1","level":"info","message":"request_start","method":"GET","requestId":"1d61ad31-2f22-4f44-8ef3-1831712e92a0","timestamp":"2026-05-23T08:04:31.907Z","url":"/api/users/me"}
{"durationMs":8,"level":"info","message":"request_end","requestId":"1d61ad31-2f22-4f44-8ef3-1831712e92a0","statusCode":304,"timestamp":"2026-05-23T08:04:31.915Z"}
{"durationMs":15,"level":"info","message":"request_end","requestId":"b9bffa01-094a-45bf-b475-158011431a88","statusCode":200,"timestamp":"2026-05-23T08:04:31.918Z"}
{"ip":"::1","level":"info","message":"request_start","method":"GET","requestId":"640b1104-2cca-49f4-b00d-25077fdfe9aa","timestamp":"2026-05-23T08:04:31.946Z","url":"/api/cart"}
{"ip":"::1","level":"info","message":"request_start","method":"GET","requestId":"3ae36b3d-c5e2-40ad-a6d5-80690412de77","timestamp":"2026-05-23T08:04:31.949Z","url":"/api/users/me"}
{"durationMs":6,"level":"info","message":"request_end","requestId":"3ae36b3d-c5e2-40ad-a6d5-80690412de77","statusCode":304,"timestamp":"2026-05-23T08:04:31.955Z"}
{"durationMs":13,"level":"info","message":"request_end","requestId":"640b1104-2cca-49f4-b00d-25077fdfe9aa","statusCode":304,"timestamp":"2026-05-23T08:04:31.959Z"}
{"ip":"::1","level":"info","message":"request_start","method":"GET","requestId":"be7f0aa4-fe57-4f19-ad33-ede33b7e68d6","timestamp":"2026-05-23T08:04:37.506Z","url":"/api/products/69b196df61470c14477789e4"}
{"durationMs":18,"level":"info","message":"request_end","requestId":"be7f0aa4-fe57-4f19-ad33-ede33b7e68d6","statusCode":200,"timestamp":"2026-05-23T08:04:37.523Z"}
{"ip":"::1","level":"info","message":"request_start","method":"GET","requestId":"da71dd23-5e9b-4a46-a11b-8846dc02701d","timestamp":"2026-05-23T08:04:37.525Z","url":"/api/products/69b196df61470c14477789e4"}
{"ip":"::1","level":"info","message":"request_start","method":"GET","requestId":"e08f7b22-70ed-49fd-9c40-e06af28a068f","timestamp":"2026-05-23T08:04:37.536Z","url":"/api/products?category=outerwear&limit=5"}
{"durationMs":19,"level":"info","message":"request_end","requestId":"da71dd23-5e9b-4a46-a11b-8846dc02701d","statusCode":200,"timestamp":"2026-05-23T08:04:37.544Z"}
{"durationMs":25,"level":"info","message":"request_end","requestId":"e08f7b22-70ed-49fd-9c40-e06af28a068f","statusCode":200,"timestamp":"2026-05-23T08:04:37.561Z"}
{"ip":"::1","level":"info","message":"request_start","method":"GET","requestId":"ad7cfd7a-b6bd-46de-9b61-f042894688dc","timestamp":"2026-05-23T08:04:37.563Z","url":"/api/products?category=outerwear&limit=5"}
{"durationMs":15,"level":"info","message":"request_end","requestId":"ad7cfd7a-b6bd-46de-9b61-f042894688dc","statusCode":200,"timestamp":"2026-05-23T08:04:37.578Z"}
{"ip":"::1","level":"info","message":"request_start","method":"POST","requestId":"54aeeb1a-2aec-4b08-904a-84af1614ca5e","timestamp":"2026-05-23T08:04:40.015Z","url":"/api/users/wishlist/69b196df61470c14477789e4"}
{"durationMs":4,"level":"info","message":"request_end","requestId":"54aeeb1a-2aec-4b08-904a-84af1614ca5e","statusCode":403,"timestamp":"2026-05-23T08:04:40.019Z"}
{"ip":"::1","level":"info","message":"request_start","method":"GET","requestId":"cc600aeb-fe27-4a6c-996e-2a4276599a14","timestamp":"2026-05-23T08:04:48.783Z","url":"/api/users/me"}
{"durationMs":8,"level":"info","message":"request_end","requestId":"cc600aeb-fe27-4a6c-996e-2a4276599a14","statusCode":304,"timestamp":"2026-05-23T08:04:48.791Z"}
{"ip":"::1","level":"info","message":"request_start","method":"GET","requestId":"b4e12ef3-ede0-4de8-9fec-dd97ec1b0bbc","timestamp":"2026-05-23T08:04:48.828Z","url":"/api/cart"}
{"ip":"::1","level":"info","message":"request_start","method":"GET","requestId":"bd6b00c2-8013-4f36-9cf2-9f312bcbe154","timestamp":"2026-05-23T08:04:48.831Z","url":"/api/users/me"}
{"durationMs":5,"level":"info","message":"request_end","requestId":"bd6b00c2-8013-4f36-9cf2-9f312bcbe154","statusCode":304,"timestamp":"2026-05-23T08:04:48.836Z"}
{"durationMs":16,"level":"info","message":"request_end","requestId":"b4e12ef3-ede0-4de8-9fec-dd97ec1b0bbc","statusCode":304,"timestamp":"2026-05-23T08:04:48.844Z"}
{"ip":"::1","level":"info","message":"request_start","method":"GET","requestId":"1a99f53f-4308-48b3-b90e-ecf72087a945","timestamp":"2026-05-23T08:04:49.781Z","url":"/api/users/me"}
{"durationMs":6,"level":"info","message":"request_end","requestId":"1a99f53f-4308-48b3-b90e-ecf72087a945","statusCode":304,"timestamp":"2026-05-23T08:04:49.787Z"}
{"ip":"::1","level":"info","message":"request_start","method":"GET","requestId":"d7ea5a7c-3347-4521-9db1-eea65947648b","timestamp":"2026-05-23T08:04:49.818Z","url":"/api/cart"}
{"ip":"::1","level":"info","message":"request_start","method":"GET","requestId":"d51f95b4-398f-4242-b074-2730d66c74aa","timestamp":"2026-05-23T08:04:49.822Z","url":"/api/users/me"}
{"durationMs":5,"level":"info","message":"request_end","requestId":"d51f95b4-398f-4242-b074-2730d66c74aa","statusCode":304,"timestamp":"2026-05-23T08:04:49.827Z"}
{"durationMs":14,"level":"info","message":"request_end","requestId":"d7ea5a7c-3347-4521-9db1-eea65947648b","statusCode":304,"timestamp":"2026-05-23T08:04:49.832Z"}
{"ip":"::1","level":"info","message":"request_start","method":"GET","requestId":"406547f2-a731-4056-9140-95b3bccee30f","timestamp":"2026-05-23T08:05:04.587Z","url":"/api/users/me"}
{"durationMs":8,"level":"info","message":"request_end","requestId":"406547f2-a731-4056-9140-95b3bccee30f","statusCode":304,"timestamp":"2026-05-23T08:05:04.595Z"}
{"ip":"::1","level":"info","message":"request_start","method":"GET","requestId":"ffee0df3-1cc3-4431-b333-acd3311d7f5b","timestamp":"2026-05-23T08:05:04.632Z","url":"/api/cart"}
{"ip":"::1","level":"info","message":"request_start","method":"GET","requestId":"3791d11e-c074-4136-a600-d8acacbcbb8e","timestamp":"2026-05-23T08:05:04.635Z","url":"/api/users/me"}
{"durationMs":5,"level":"info","message":"request_end","requestId":"3791d11e-c074-4136-a600-d8acacbcbb8e","statusCode":304,"timestamp":"2026-05-23T08:05:04.641Z"}
{"durationMs":13,"level":"info","message":"request_end","requestId":"ffee0df3-1cc3-4431-b333-acd3311d7f5b","statusCode":304,"timestamp":"2026-05-23T08:05:04.645Z"}
{"ip":"::1","level":"info","message":"request_start","method":"GET","requestId":"b9e555e6-9413-4e72-986a-75a1992f6b8f","timestamp":"2026-05-23T08:05:11.182Z","url":"/api/categories"}
{"durationMs":9,"level":"info","message":"request_end","requestId":"b9e555e6-9413-4e72-986a-75a1992f6b8f","statusCode":304,"timestamp":"2026-05-23T08:05:11.191Z"}
{"ip":"::1","level":"info","message":"request_start","method":"GET","requestId":"df916363-afa8-4533-8343-82e435618e8f","timestamp":"2026-05-23T08:05:11.194Z","url":"/api/categories"}
{"durationMs":8,"level":"info","message":"request_end","requestId":"df916363-afa8-4533-8343-82e435618e8f","statusCode":304,"timestamp":"2026-05-23T08:05:11.202Z"}
{"ip":"::1","level":"info","message":"request_start","method":"GET","requestId":"75caf4df-b044-4202-b960-ca01a5f7f14e","timestamp":"2026-05-23T08:05:11.243Z","url":"/api/products?page=1&limit=50"}
{"durationMs":13,"level":"info","message":"request_end","requestId":"75caf4df-b044-4202-b960-ca01a5f7f14e","statusCode":200,"timestamp":"2026-05-23T08:05:11.256Z"}
{"ip":"::1","level":"info","message":"request_start","method":"GET","requestId":"f9ee08bd-d755-4a6f-b672-9609f32b7de4","timestamp":"2026-05-23T08:05:11.260Z","url":"/api/products?page=1&limit=50"}
{"durationMs":18,"level":"info","message":"request_end","requestId":"f9ee08bd-d755-4a6f-b672-9609f32b7de4","statusCode":200,"timestamp":"2026-05-23T08:05:11.278Z"}
{"ip":"::1","level":"info","message":"request_start","method":"GET","requestId":"568ba242-8847-42ea-ab37-f197e2d50ad8","timestamp":"2026-05-23T08:16:44.275Z","url":"/api/users/me"}
{"durationMs":2,"level":"info","message":"request_end","requestId":"568ba242-8847-42ea-ab37-f197e2d50ad8","statusCode":401,"timestamp":"2026-05-23T08:16:44.277Z"}
{"ip":"::1","level":"info","message":"request_start","method":"GET","requestId":"c72bc45a-086d-4740-9739-f3f08eb4a68e","timestamp":"2026-05-23T08:16:44.322Z","url":"/api/users/csrf"}
{"durationMs":2,"level":"info","message":"request_end","requestId":"c72bc45a-086d-4740-9739-f3f08eb4a68e","statusCode":200,"timestamp":"2026-05-23T08:16:44.324Z"}
{"ip":"::1","level":"info","message":"request_start","method":"POST","requestId":"bed08a34-4e18-46b7-bafe-4c774f933c22","timestamp":"2026-05-23T08:16:44.345Z","url":"/api/users/refresh"}
{"durationMs":18,"level":"info","message":"request_end","requestId":"bed08a34-4e18-46b7-bafe-4c774f933c22","statusCode":200,"timestamp":"2026-05-23T08:16:44.363Z"}
{"ip":"::1","level":"info","message":"request_start","method":"GET","requestId":"04064622-894b-4727-8547-b7df005f7315","timestamp":"2026-05-23T08:16:44.369Z","url":"/api/users/me"}
{"durationMs":5,"level":"info","message":"request_end","requestId":"04064622-894b-4727-8547-b7df005f7315","statusCode":304,"timestamp":"2026-05-23T08:16:44.374Z"}
{"ip":"::1","level":"info","message":"request_start","method":"GET","requestId":"fded0b4b-b874-477e-bd5f-a42bb494098a","timestamp":"2026-05-23T08:16:44.425Z","url":"/api/categories"}
{"ip":"::1","level":"info","message":"request_start","method":"GET","requestId":"4ad1181b-f4b9-4c46-aaf4-d2c9570b23f8","timestamp":"2026-05-23T08:16:44.427Z","url":"/api/cart"}
{"ip":"::1","level":"info","message":"request_start","method":"GET","requestId":"6ab709c5-a309-436d-857a-edd66671ae4b","timestamp":"2026-05-23T08:16:44.430Z","url":"/api/users/me"}
{"durationMs":12,"level":"info","message":"request_end","requestId":"fded0b4b-b874-477e-bd5f-a42bb494098a","statusCode":304,"timestamp":"2026-05-23T08:16:44.436Z"}
{"durationMs":11,"level":"info","message":"request_end","requestId":"6ab709c5-a309-436d-857a-edd66671ae4b","statusCode":304,"timestamp":"2026-05-23T08:16:44.441Z"}
{"durationMs":16,"level":"info","message":"request_end","requestId":"4ad1181b-f4b9-4c46-aaf4-d2c9570b23f8","statusCode":304,"timestamp":"2026-05-23T08:16:44.444Z"}
{"ip":"::1","level":"info","message":"request_start","method":"GET","requestId":"38615c6d-1567-41fe-9265-d0746196ee69","timestamp":"2026-05-23T08:16:44.474Z","url":"/api/products?page=1&limit=50"}
{"durationMs":15,"level":"info","message":"request_end","requestId":"38615c6d-1567-41fe-9265-d0746196ee69","statusCode":200,"timestamp":"2026-05-23T08:16:44.489Z"}
{"ip":"::1","level":"info","message":"request_start","method":"GET","requestId":"db17e0ea-f1a5-4a55-aad0-1150cd75d057","timestamp":"2026-05-23T08:17:21.612Z","url":"/api/users/me"}
{"durationMs":31,"level":"info","message":"request_end","requestId":"db17e0ea-f1a5-4a55-aad0-1150cd75d057","statusCode":304,"timestamp":"2026-05-23T08:17:21.642Z"}
{"ip":"::1","level":"info","message":"request_start","method":"GET","requestId":"126ac515-b424-4c8a-baa2-6f7ca5ffb368","timestamp":"2026-05-23T08:17:21.673Z","url":"/api/categories"}
{"ip":"::1","level":"info","message":"request_start","method":"GET","requestId":"a9ec00dc-a43c-43eb-b1c8-305b10d4de83","timestamp":"2026-05-23T08:17:21.677Z","url":"/api/cart"}
{"ip":"::1","level":"info","message":"request_start","method":"GET","requestId":"155227cd-4168-4525-bc14-f5b245de51ad","timestamp":"2026-05-23T08:17:21.680Z","url":"/api/users/me"}
{"durationMs":13,"level":"info","message":"request_end","requestId":"126ac515-b424-4c8a-baa2-6f7ca5ffb368","statusCode":304,"timestamp":"2026-05-23T08:17:21.686Z"}
{"durationMs":11,"level":"info","message":"request_end","requestId":"155227cd-4168-4525-bc14-f5b245de51ad","statusCode":304,"timestamp":"2026-05-23T08:17:21.691Z"}
{"durationMs":22,"level":"info","message":"request_end","requestId":"a9ec00dc-a43c-43eb-b1c8-305b10d4de83","statusCode":304,"timestamp":"2026-05-23T08:17:21.699Z"}
{"ip":"::1","level":"info","message":"request_start","method":"GET","requestId":"c05eaf7b-2c52-4559-a6cc-22e5782a50b3","timestamp":"2026-05-23T08:17:21.714Z","url":"/api/products?page=1&limit=50"}
{"durationMs":20,"level":"info","message":"request_end","requestId":"c05eaf7b-2c52-4559-a6cc-22e5782a50b3","statusCode":200,"timestamp":"2026-05-23T08:17:21.734Z"}
{"ip":"::1","level":"info","message":"request_start","method":"GET","requestId":"f0847a69-6caa-40d7-9841-2504df663b44","timestamp":"2026-05-23T08:17:28.993Z","url":"/api/users/me"}
{"durationMs":8,"level":"info","message":"request_end","requestId":"f0847a69-6caa-40d7-9841-2504df663b44","statusCode":304,"timestamp":"2026-05-23T08:17:29.001Z"}
{"ip":"::1","level":"info","message":"request_start","method":"GET","requestId":"cdcd261d-151e-435a-9071-55ec7535f648","timestamp":"2026-05-23T08:17:29.045Z","url":"/api/categories"}
{"ip":"::1","level":"info","message":"request_start","method":"GET","requestId":"19e0ca65-115e-4f0c-a8b3-3585fc2051df","timestamp":"2026-05-23T08:17:29.048Z","url":"/api/cart"}
{"ip":"::1","level":"info","message":"request_start","method":"GET","requestId":"63c2c4bb-cee4-494a-adc0-82a8ee3c1015","timestamp":"2026-05-23T08:17:29.051Z","url":"/api/users/me"}
{"durationMs":13,"level":"info","message":"request_end","requestId":"cdcd261d-151e-435a-9071-55ec7535f648","statusCode":304,"timestamp":"2026-05-23T08:17:29.058Z"}
{"durationMs":12,"level":"info","message":"request_end","requestId":"63c2c4bb-cee4-494a-adc0-82a8ee3c1015","statusCode":304,"timestamp":"2026-05-23T08:17:29.064Z"}
{"durationMs":20,"level":"info","message":"request_end","requestId":"19e0ca65-115e-4f0c-a8b3-3585fc2051df","statusCode":304,"timestamp":"2026-05-23T08:17:29.068Z"}
{"ip":"::1","level":"info","message":"request_start","method":"GET","requestId":"940fe05a-5649-42e6-bccd-931c4a3e814a","timestamp":"2026-05-23T08:17:29.081Z","url":"/api/products?page=1&limit=50"}
{"durationMs":19,"level":"info","message":"request_end","requestId":"940fe05a-5649-42e6-bccd-931c4a3e814a","statusCode":200,"timestamp":"2026-05-23T08:17:29.100Z"}
{"ip":"::1","level":"info","message":"request_start","method":"GET","requestId":"a3126e0b-bc8f-4e89-84be-3c381d6c9426","timestamp":"2026-05-23T08:17:31.784Z","url":"/api/products/69b196df61470c14477789e6"}
{"durationMs":19,"level":"info","message":"request_end","requestId":"a3126e0b-bc8f-4e89-84be-3c381d6c9426","statusCode":200,"timestamp":"2026-05-23T08:17:31.803Z"}
{"ip":"::1","level":"info","message":"request_start","method":"GET","requestId":"94ef56ea-fe4b-4d70-bc12-277c0f62b2a7","timestamp":"2026-05-23T08:17:31.805Z","url":"/api/products/69b196df61470c14477789e6"}
{"ip":"::1","level":"info","message":"request_start","method":"GET","requestId":"bde637b2-328e-4576-921b-e3add7ea0536","timestamp":"2026-05-23T08:17:31.811Z","url":"/api/products?category=knitwear&limit=5"}
{"durationMs":12,"level":"info","message":"request_end","requestId":"94ef56ea-fe4b-4d70-bc12-277c0f62b2a7","statusCode":200,"timestamp":"2026-05-23T08:17:31.816Z"}
{"durationMs":18,"level":"info","message":"request_end","requestId":"bde637b2-328e-4576-921b-e3add7ea0536","statusCode":200,"timestamp":"2026-05-23T08:17:31.829Z"}
{"ip":"::1","level":"info","message":"request_start","method":"GET","requestId":"71b88069-db4a-4869-925d-3d06d7dd33a1","timestamp":"2026-05-23T08:17:31.832Z","url":"/api/products?category=knitwear&limit=5"}
{"durationMs":13,"level":"info","message":"request_end","requestId":"71b88069-db4a-4869-925d-3d06d7dd33a1","statusCode":200,"timestamp":"2026-05-23T08:17:31.845Z"}
{"ip":"::1","level":"info","message":"request_start","method":"GET","requestId":"edbcc166-a87a-4047-b7ac-afbe4037f96c","timestamp":"2026-05-23T08:17:34.505Z","url":"/api/users/csrf"}
{"durationMs":3,"level":"info","message":"request_end","requestId":"edbcc166-a87a-4047-b7ac-afbe4037f96c","statusCode":200,"timestamp":"2026-05-23T08:17:34.508Z"}
{"ip":"::1","level":"info","message":"request_start","method":"POST","requestId":"a3a1defd-9504-43c1-8047-530c8fa8a06d","timestamp":"2026-05-23T08:17:34.529Z","url":"/api/users/wishlist/69b196df61470c14477789e6"}
{"durationMs":27,"level":"info","message":"request_end","requestId":"a3a1defd-9504-43c1-8047-530c8fa8a06d","statusCode":200,"timestamp":"2026-05-23T08:17:34.556Z"}
{"ip":"::1","level":"info","message":"request_start","method":"GET","requestId":"51c056c7-34a6-460a-a24f-ba9e9f47769f","timestamp":"2026-05-23T08:17:48.461Z","url":"/api/users/csrf"}
{"durationMs":2,"level":"info","message":"request_end","requestId":"51c056c7-34a6-460a-a24f-ba9e9f47769f","statusCode":200,"timestamp":"2026-05-23T08:17:48.463Z"}
{"ip":"::1","level":"info","message":"request_start","method":"POST","requestId":"7cb6c957-e55f-437b-b4d7-962dc8688a09","timestamp":"2026-05-23T08:17:48.475Z","url":"/api/cart"}
{"level":"info","message":"Item added to cart: Cashmere Crewneck by user 69f1dccd2c9b59c750a248e0","timestamp":"2026-05-23T08:17:48.510Z"}
{"durationMs":36,"level":"info","message":"request_end","requestId":"7cb6c957-e55f-437b-b4d7-962dc8688a09","statusCode":200,"timestamp":"2026-05-23T08:17:48.511Z"}
{"ip":"::1","level":"info","message":"request_start","method":"GET","requestId":"bb253dfc-6fe4-4047-9021-49df6568d1e5","timestamp":"2026-05-23T08:17:51.489Z","url":"/api/users/csrf"}
{"durationMs":2,"level":"info","message":"request_end","requestId":"bb253dfc-6fe4-4047-9021-49df6568d1e5","statusCode":200,"timestamp":"2026-05-23T08:17:51.491Z"}
{"ip":"::1","level":"info","message":"request_start","method":"DELETE","requestId":"dc89af0c-b4e6-485b-8efc-5cc623206bee","timestamp":"2026-05-23T08:17:51.503Z","url":"/api/users/wishlist/69b196df61470c14477789e6"}
{"durationMs":14,"level":"info","message":"request_end","requestId":"dc89af0c-b4e6-485b-8efc-5cc623206bee","statusCode":200,"timestamp":"2026-05-23T08:17:51.517Z"}
{"ip":"::1","level":"info","message":"request_start","method":"GET","requestId":"32d1275a-4757-403f-9f68-24c544199dcf","timestamp":"2026-05-23T08:17:58.257Z","url":"/api/users/me"}
{"durationMs":6,"level":"info","message":"request_end","requestId":"32d1275a-4757-403f-9f68-24c544199dcf","statusCode":200,"timestamp":"2026-05-23T08:17:58.263Z"}
{"ip":"::1","level":"info","message":"request_start","method":"GET","requestId":"06f858f7-ead9-482d-8c0d-939c62f604ee","timestamp":"2026-05-23T08:17:58.297Z","url":"/api/cart"}
{"ip":"::1","level":"info","message":"request_start","method":"GET","requestId":"29a68f5e-39d6-4328-844c-4d706612b098","timestamp":"2026-05-23T08:17:58.301Z","url":"/api/users/me"}
{"durationMs":9,"level":"info","message":"request_end","requestId":"29a68f5e-39d6-4328-844c-4d706612b098","statusCode":304,"timestamp":"2026-05-23T08:17:58.310Z"}
{"durationMs":20,"level":"info","message":"request_end","requestId":"06f858f7-ead9-482d-8c0d-939c62f604ee","statusCode":200,"timestamp":"2026-05-23T08:17:58.317Z"}
{"ip":"::1","level":"info","message":"request_start","method":"GET","requestId":"0a8099d2-9298-4dd7-bb1a-410feca787f3","timestamp":"2026-05-23T08:18:04.413Z","url":"/api/categories"}
{"durationMs":8,"level":"info","message":"request_end","requestId":"0a8099d2-9298-4dd7-bb1a-410feca787f3","statusCode":304,"timestamp":"2026-05-23T08:18:04.421Z"}
{"ip":"::1","level":"info","message":"request_start","method":"GET","requestId":"b9ccd596-f1f2-42dd-a887-b880dc8f5afc","timestamp":"2026-05-23T08:18:04.424Z","url":"/api/categories"}
{"durationMs":7,"level":"info","message":"request_end","requestId":"b9ccd596-f1f2-42dd-a887-b880dc8f5afc","statusCode":304,"timestamp":"2026-05-23T08:18:04.431Z"}
{"ip":"::1","level":"info","message":"request_start","method":"GET","requestId":"111d8262-8876-4479-8bb8-d08f1721f413","timestamp":"2026-05-23T08:18:04.470Z","url":"/api/products?page=1&limit=50"}
{"durationMs":22,"level":"info","message":"request_end","requestId":"111d8262-8876-4479-8bb8-d08f1721f413","statusCode":200,"timestamp":"2026-05-23T08:18:04.492Z"}
{"ip":"::1","level":"info","message":"request_start","method":"GET","requestId":"af1d63e1-32e6-4414-ad67-d6b9f310d065","timestamp":"2026-05-23T08:18:04.497Z","url":"/api/products?page=1&limit=50"}
{"durationMs":19,"level":"info","message":"request_end","requestId":"af1d63e1-32e6-4414-ad67-d6b9f310d065","statusCode":200,"timestamp":"2026-05-23T08:18:04.516Z"}
{"ip":"::1","level":"info","message":"request_start","method":"GET","requestId":"0cf55ebe-4ef5-4666-87f8-3254fca59c97","timestamp":"2026-05-23T08:18:08.908Z","url":"/api/products/69b196df61470c14477789e6"}
{"durationMs":13,"level":"info","message":"request_end","requestId":"0cf55ebe-4ef5-4666-87f8-3254fca59c97","statusCode":200,"timestamp":"2026-05-23T08:18:08.921Z"}
{"ip":"::1","level":"info","message":"request_start","method":"GET","requestId":"9044be2a-db58-442b-bbf8-0249cf9994f0","timestamp":"2026-05-23T08:18:08.924Z","url":"/api/products/69b196df61470c14477789e6"}
{"ip":"::1","level":"info","message":"request_start","method":"GET","requestId":"4c46121e-f993-4ad5-aed1-9b0b30170911","timestamp":"2026-05-23T08:18:08.935Z","url":"/api/products?category=knitwear&limit=5"}
{"durationMs":15,"level":"info","message":"request_end","requestId":"9044be2a-db58-442b-bbf8-0249cf9994f0","statusCode":200,"timestamp":"2026-05-23T08:18:08.939Z"}
{"durationMs":19,"level":"info","message":"request_end","requestId":"4c46121e-f993-4ad5-aed1-9b0b30170911","statusCode":200,"timestamp":"2026-05-23T08:18:08.954Z"}
{"ip":"::1","level":"info","message":"request_start","method":"GET","requestId":"4f279c51-1a5f-4b1a-bbdd-6bb072674e85","timestamp":"2026-05-23T08:18:08.956Z","url":"/api/products?category=knitwear&limit=5"}
{"durationMs":14,"level":"info","message":"request_end","requestId":"4f279c51-1a5f-4b1a-bbdd-6bb072674e85","statusCode":200,"timestamp":"2026-05-23T08:18:08.970Z"}
{"ip":"::1","level":"info","message":"request_start","method":"GET","requestId":"f01ad48f-c414-4456-b7c7-a89097108b14","timestamp":"2026-05-23T08:18:10.541Z","url":"/api/users/csrf"}
{"durationMs":2,"level":"info","message":"request_end","requestId":"f01ad48f-c414-4456-b7c7-a89097108b14","statusCode":200,"timestamp":"2026-05-23T08:18:10.543Z"}
{"ip":"::1","level":"info","message":"request_start","method":"POST","requestId":"d374cacf-f2b0-4d23-86a7-a0b7cb8da3c9","timestamp":"2026-05-23T08:18:10.561Z","url":"/api/users/wishlist/69b196df61470c14477789e6"}
{"durationMs":18,"level":"info","message":"request_end","requestId":"d374cacf-f2b0-4d23-86a7-a0b7cb8da3c9","statusCode":200,"timestamp":"2026-05-23T08:18:10.579Z"}
{"ip":"::1","level":"info","message":"request_start","method":"GET","requestId":"51d5a73b-9520-49dc-864f-bc49c1e66228","timestamp":"2026-05-23T08:18:14.411Z","url":"/api/users/me"}
{"durationMs":5,"level":"info","message":"request_end","requestId":"51d5a73b-9520-49dc-864f-bc49c1e66228","statusCode":200,"timestamp":"2026-05-23T08:18:14.416Z"}
{"ip":"::1","level":"info","message":"request_start","method":"GET","requestId":"cb6a1b06-b387-4d16-96eb-17b720a93569","timestamp":"2026-05-23T08:18:14.454Z","url":"/api/cart"}
{"ip":"::1","level":"info","message":"request_start","method":"GET","requestId":"37a18a4d-1757-4a22-9fe3-b42d6a61d9b2","timestamp":"2026-05-23T08:18:14.456Z","url":"/api/users/me"}
{"durationMs":6,"level":"info","message":"request_end","requestId":"37a18a4d-1757-4a22-9fe3-b42d6a61d9b2","statusCode":304,"timestamp":"2026-05-23T08:18:14.462Z"}
{"durationMs":16,"level":"info","message":"request_end","requestId":"cb6a1b06-b387-4d16-96eb-17b720a93569","statusCode":200,"timestamp":"2026-05-23T08:18:14.470Z"}
{"ip":"::1","level":"info","message":"request_start","method":"GET","requestId":"fd52991b-8e5f-44ef-aabf-5f1e35f28316","timestamp":"2026-05-23T08:18:19.116Z","url":"/api/users/me"}
{"durationMs":5,"level":"info","message":"request_end","requestId":"fd52991b-8e5f-44ef-aabf-5f1e35f28316","statusCode":304,"timestamp":"2026-05-23T08:18:19.121Z"}
{"ip":"::1","level":"info","message":"request_start","method":"GET","requestId":"896e085c-f0e9-4107-8798-7411bd820c73","timestamp":"2026-05-23T08:18:19.154Z","url":"/api/cart"}
{"ip":"::1","level":"info","message":"request_start","method":"GET","requestId":"14af6f12-da37-44ff-8d55-6f2811e26cf8","timestamp":"2026-05-23T08:18:19.157Z","url":"/api/users/me"}
{"durationMs":7,"level":"info","message":"request_end","requestId":"14af6f12-da37-44ff-8d55-6f2811e26cf8","statusCode":304,"timestamp":"2026-05-23T08:18:19.164Z"}
{"durationMs":19,"level":"info","message":"request_end","requestId":"896e085c-f0e9-4107-8798-7411bd820c73","statusCode":200,"timestamp":"2026-05-23T08:18:19.173Z"}
{"ip":"::1","level":"info","message":"request_start","method":"GET","requestId":"fb185294-daba-495e-8cac-bb47b99d3217","timestamp":"2026-05-23T08:18:20.345Z","url":"/api/users/me"}
{"durationMs":6,"level":"info","message":"request_end","requestId":"fb185294-daba-495e-8cac-bb47b99d3217","statusCode":304,"timestamp":"2026-05-23T08:18:20.351Z"}
{"ip":"::1","level":"info","message":"request_start","method":"GET","requestId":"80b49957-da63-4c07-b993-17803ca44bf0","timestamp":"2026-05-23T08:18:20.384Z","url":"/api/cart"}
{"ip":"::1","level":"info","message":"request_start","method":"GET","requestId":"6e2b8961-ca4c-4097-979e-9c7f612d7643","timestamp":"2026-05-23T08:18:20.387Z","url":"/api/users/me"}
{"durationMs":4,"level":"info","message":"request_end","requestId":"6e2b8961-ca4c-4097-979e-9c7f612d7643","statusCode":304,"timestamp":"2026-05-23T08:18:20.391Z"}
{"durationMs":15,"level":"info","message":"request_end","requestId":"80b49957-da63-4c07-b993-17803ca44bf0","statusCode":200,"timestamp":"2026-05-23T08:18:20.399Z"}
{"ip":"::1","level":"info","message":"request_start","method":"GET","requestId":"357b8672-3a14-478a-a078-916d9cb322a9","timestamp":"2026-05-23T08:18:27.185Z","url":"/api/products/undefined"}
{"ip":"::1","level":"error","message":"request_error Cast to ObjectId failed for value \"undefined\" (type string) at path \"_id\" for model \"Product\"","method":"GET","originalUrl":"/api/products/undefined","requestId":"357b8672-3a14-478a-a078-916d9cb322a9","statusCode":500,"timestamp":"2026-05-23T08:18:27.193Z"}
{"durationMs":16,"level":"info","message":"request_end","requestId":"357b8672-3a14-478a-a078-916d9cb322a9","statusCode":404,"timestamp":"2026-05-23T08:18:27.201Z"}
{"ip":"::1","level":"info","message":"request_start","method":"GET","requestId":"64d991f0-ed04-4e77-8f45-67be9a419590","timestamp":"2026-05-23T08:18:27.203Z","url":"/api/products/undefined"}
{"ip":"::1","level":"error","message":"request_error Cast to ObjectId failed for value \"undefined\" (type string) at path \"_id\" for model \"Product\"","method":"GET","originalUrl":"/api/products/undefined","requestId":"64d991f0-ed04-4e77-8f45-67be9a419590","statusCode":500,"timestamp":"2026-05-23T08:18:27.212Z"}
{"durationMs":13,"level":"info","message":"request_end","requestId":"64d991f0-ed04-4e77-8f45-67be9a419590","statusCode":404,"timestamp":"2026-05-23T08:18:27.216Z"}
{"ip":"::1","level":"info","message":"request_start","method":"GET","requestId":"ce5d931b-f016-47b2-bdaf-8c0032c7387c","timestamp":"2026-05-23T08:18:31.186Z","url":"/api/users/me"}
{"durationMs":5,"level":"info","message":"request_end","requestId":"ce5d931b-f016-47b2-bdaf-8c0032c7387c","statusCode":304,"timestamp":"2026-05-23T08:18:31.191Z"}
{"ip":"::1","level":"info","message":"request_start","method":"GET","requestId":"cd926597-4c68-4939-b598-5c31b78336f4","timestamp":"2026-05-23T08:18:31.223Z","url":"/api/cart"}
{"ip":"::1","level":"info","message":"request_start","method":"GET","requestId":"a2af350b-266d-4099-b4b5-2e434993651f","timestamp":"2026-05-23T08:18:31.226Z","url":"/api/users/me"}
{"durationMs":9,"level":"info","message":"request_end","requestId":"a2af350b-266d-4099-b4b5-2e434993651f","statusCode":304,"timestamp":"2026-05-23T08:18:31.234Z"}
{"durationMs":23,"level":"info","message":"request_end","requestId":"cd926597-4c68-4939-b598-5c31b78336f4","statusCode":200,"timestamp":"2026-05-23T08:18:31.246Z"}
{"ip":"::1","level":"info","message":"request_start","method":"GET","requestId":"23481289-3bbc-46c6-8514-89ff478cc6e5","timestamp":"2026-05-23T08:18:33.552Z","url":"/api/users/me"}
{"durationMs":4,"level":"info","message":"request_end","requestId":"23481289-3bbc-46c6-8514-89ff478cc6e5","statusCode":304,"timestamp":"2026-05-23T08:18:33.556Z"}
{"ip":"::1","level":"info","message":"request_start","method":"GET","requestId":"bb6bdcfb-ddb5-4e9e-8eb2-39735c83da3b","timestamp":"2026-05-23T08:18:33.588Z","url":"/api/cart"}
{"ip":"::1","level":"info","message":"request_start","method":"GET","requestId":"aa066d40-a15f-4ee6-a194-f2eaf7f079ad","timestamp":"2026-05-23T08:18:33.590Z","url":"/api/users/me"}
{"durationMs":5,"level":"info","message":"request_end","requestId":"aa066d40-a15f-4ee6-a194-f2eaf7f079ad","statusCode":304,"timestamp":"2026-05-23T08:18:33.595Z"}
{"durationMs":14,"level":"info","message":"request_end","requestId":"bb6bdcfb-ddb5-4e9e-8eb2-39735c83da3b","statusCode":200,"timestamp":"2026-05-23T08:18:33.603Z"}
{"ip":"::1","level":"info","message":"request_start","method":"GET","requestId":"8440e6a4-2a36-4ae3-b71a-d6d15e7c833d","timestamp":"2026-05-23T08:23:11.537Z","url":"/api/users/me"}
{"durationMs":7,"level":"info","message":"request_end","requestId":"8440e6a4-2a36-4ae3-b71a-d6d15e7c833d","statusCode":304,"timestamp":"2026-05-23T08:23:11.544Z"}
{"ip":"::1","level":"info","message":"request_start","method":"GET","requestId":"655540f2-d4d4-4333-9a79-fd6cb12ed555","timestamp":"2026-05-23T08:23:11.576Z","url":"/api/cart"}
{"ip":"::1","level":"info","message":"request_start","method":"GET","requestId":"cc58225b-713e-4b72-b414-0a16270fbe43","timestamp":"2026-05-23T08:23:11.578Z","url":"/api/users/me"}
{"durationMs":5,"level":"info","message":"request_end","requestId":"cc58225b-713e-4b72-b414-0a16270fbe43","statusCode":304,"timestamp":"2026-05-23T08:23:11.583Z"}
{"durationMs":15,"level":"info","message":"request_end","requestId":"655540f2-d4d4-4333-9a79-fd6cb12ed555","statusCode":200,"timestamp":"2026-05-23T08:23:11.591Z"}
{"ip":"::1","level":"info","message":"request_start","method":"GET","requestId":"76cfd707-2369-4ef1-a852-82711d06316c","timestamp":"2026-05-23T08:23:17.001Z","url":"/api/users/csrf"}
{"durationMs":2,"level":"info","message":"request_end","requestId":"76cfd707-2369-4ef1-a852-82711d06316c","statusCode":200,"timestamp":"2026-05-23T08:23:17.003Z"}
{"ip":"::1","level":"info","message":"request_start","method":"DELETE","requestId":"c400a5d1-1472-4a40-9438-1b9385b652c7","timestamp":"2026-05-23T08:23:17.019Z","url":"/api/users/wishlist/undefined"}
{"ip":"::1","level":"error","message":"request_error Product not found in wishlist","method":"DELETE","originalUrl":"/api/users/wishlist/undefined","requestId":"c400a5d1-1472-4a40-9438-1b9385b652c7","statusCode":404,"timestamp":"2026-05-23T08:23:17.026Z"}
{"durationMs":8,"level":"info","message":"request_end","requestId":"c400a5d1-1472-4a40-9438-1b9385b652c7","statusCode":404,"timestamp":"2026-05-23T08:23:17.027Z"}
{"ip":"::1","level":"info","message":"request_start","method":"GET","requestId":"9035991a-5c2e-4af2-85b8-23b898d05a79","timestamp":"2026-05-23T08:23:20.515Z","url":"/api/users/me"}
{"durationMs":5,"level":"info","message":"request_end","requestId":"9035991a-5c2e-4af2-85b8-23b898d05a79","statusCode":304,"timestamp":"2026-05-23T08:23:20.520Z"}
{"ip":"::1","level":"info","message":"request_start","method":"GET","requestId":"52077408-cf8c-4fc2-bb4a-7431962ff5aa","timestamp":"2026-05-23T08:23:20.558Z","url":"/api/cart"}
{"ip":"::1","level":"info","message":"request_start","method":"GET","requestId":"d3884a6c-6b20-4170-96c7-b58e15826050","timestamp":"2026-05-23T08:23:20.561Z","url":"/api/users/me"}
{"durationMs":5,"level":"info","message":"request_end","requestId":"d3884a6c-6b20-4170-96c7-b58e15826050","statusCode":304,"timestamp":"2026-05-23T08:23:20.566Z"}
{"durationMs":13,"level":"info","message":"request_end","requestId":"52077408-cf8c-4fc2-bb4a-7431962ff5aa","statusCode":200,"timestamp":"2026-05-23T08:23:20.571Z"}
{"ip":"::1","level":"info","message":"request_start","method":"GET","requestId":"de71bafa-9e5f-46af-9a3c-01a0d1c5b605","timestamp":"2026-05-23T08:23:23.369Z","url":"/api/users/csrf"}
{"durationMs":2,"level":"info","message":"request_end","requestId":"de71bafa-9e5f-46af-9a3c-01a0d1c5b605","statusCode":200,"timestamp":"2026-05-23T08:23:23.371Z"}
{"ip":"::1","level":"info","message":"request_start","method":"POST","requestId":"2ae759f6-8988-4b52-8dc9-9006752b197f","timestamp":"2026-05-23T08:23:23.383Z","url":"/api/cart"}
{"ip":"::1","level":"error","message":"request_error Product not found","method":"POST","originalUrl":"/api/cart","requestId":"2ae759f6-8988-4b52-8dc9-9006752b197f","statusCode":404,"timestamp":"2026-05-23T08:23:23.390Z"}
{"durationMs":7,"level":"info","message":"request_end","requestId":"2ae759f6-8988-4b52-8dc9-9006752b197f","statusCode":404,"timestamp":"2026-05-23T08:23:23.390Z"}
{"ip":"::1","level":"info","message":"request_start","method":"GET","requestId":"23c45ee6-ef80-4153-b470-93532fb99523","timestamp":"2026-05-23T08:23:29.970Z","url":"/api/users/me"}
{"durationMs":5,"level":"info","message":"request_end","requestId":"23c45ee6-ef80-4153-b470-93532fb99523","statusCode":304,"timestamp":"2026-05-23T08:23:29.975Z"}
{"ip":"::1","level":"info","message":"request_start","method":"GET","requestId":"a4c2f281-863c-4b08-99ac-67e21e31af5d","timestamp":"2026-05-23T08:23:30.007Z","url":"/api/users/me"}
{"ip":"::1","level":"info","message":"request_start","method":"GET","requestId":"3d4dba78-0137-4e76-9a0f-0db262e53d03","timestamp":"2026-05-23T08:23:30.011Z","url":"/api/cart"}
{"durationMs":8,"level":"info","message":"request_end","requestId":"a4c2f281-863c-4b08-99ac-67e21e31af5d","statusCode":304,"timestamp":"2026-05-23T08:23:30.015Z"}
{"durationMs":13,"level":"info","message":"request_end","requestId":"3d4dba78-0137-4e76-9a0f-0db262e53d03","statusCode":200,"timestamp":"2026-05-23T08:23:30.023Z"}
{"ip":"::1","level":"info","message":"request_start","method":"GET","requestId":"53173aa0-470d-4880-ad95-28d3c118b20a","timestamp":"2026-05-23T08:23:33.365Z","url":"/api/users/me"}
{"durationMs":6,"level":"info","message":"request_end","requestId":"53173aa0-470d-4880-ad95-28d3c118b20a","statusCode":304,"timestamp":"2026-05-23T08:23:33.371Z"}
{"ip":"::1","level":"info","message":"request_start","method":"GET","requestId":"49d27d62-88d0-491c-a9c3-1fcbed331c96","timestamp":"2026-05-23T08:23:33.404Z","url":"/api/cart"}
{"ip":"::1","level":"info","message":"request_start","method":"GET","requestId":"7d56ea63-3157-4e50-9c11-4b7c5f59ba54","timestamp":"2026-05-23T08:23:33.407Z","url":"/api/users/me"}
{"durationMs":6,"level":"info","message":"request_end","requestId":"7d56ea63-3157-4e50-9c11-4b7c5f59ba54","statusCode":304,"timestamp":"2026-05-23T08:23:33.413Z"}
{"durationMs":15,"level":"info","message":"request_end","requestId":"49d27d62-88d0-491c-a9c3-1fcbed331c96","statusCode":200,"timestamp":"2026-05-23T08:23:33.419Z"}
{"ip":"::1","level":"info","message":"request_start","method":"GET","requestId":"80e65c48-7960-424d-92af-eb801fae29b9","timestamp":"2026-05-23T08:23:39.813Z","url":"/api/products/undefined"}
{"ip":"::1","level":"error","message":"request_error Cast to ObjectId failed for value \"undefined\" (type string) at path \"_id\" for model \"Product\"","method":"GET","originalUrl":"/api/products/undefined","requestId":"80e65c48-7960-424d-92af-eb801fae29b9","statusCode":500,"timestamp":"2026-05-23T08:23:39.815Z"}
{"durationMs":4,"level":"info","message":"request_end","requestId":"80e65c48-7960-424d-92af-eb801fae29b9","statusCode":404,"timestamp":"2026-05-23T08:23:39.817Z"}
{"ip":"::1","level":"info","message":"request_start","method":"GET","requestId":"d12f7625-a3a9-4e4f-9d9e-c75e86a588cd","timestamp":"2026-05-23T08:23:39.823Z","url":"/api/products/undefined"}
{"ip":"::1","level":"error","message":"request_error Cast to ObjectId failed for value \"undefined\" (type string) at path \"_id\" for model \"Product\"","method":"GET","originalUrl":"/api/products/undefined","requestId":"d12f7625-a3a9-4e4f-9d9e-c75e86a588cd","statusCode":500,"timestamp":"2026-05-23T08:23:39.828Z"}
{"durationMs":9,"level":"info","message":"request_end","requestId":"d12f7625-a3a9-4e4f-9d9e-c75e86a588cd","statusCode":404,"timestamp":"2026-05-23T08:23:39.832Z"}
{"ip":"::1","level":"info","message":"request_start","method":"GET","requestId":"01ac6330-35fd-4ad8-8783-8906bd196321","timestamp":"2026-05-23T08:23:44.726Z","url":"/api/users/me"}
{"durationMs":5,"level":"info","message":"request_end","requestId":"01ac6330-35fd-4ad8-8783-8906bd196321","statusCode":304,"timestamp":"2026-05-23T08:23:44.731Z"}
{"ip":"::1","level":"info","message":"request_start","method":"GET","requestId":"febf4fa8-c0de-46f0-93e3-e977d3885c2f","timestamp":"2026-05-23T08:23:44.769Z","url":"/api/cart"}
{"ip":"::1","level":"info","message":"request_start","method":"GET","requestId":"fce93dce-2665-49f1-9f5c-faec75f2e38b","timestamp":"2026-05-23T08:23:44.771Z","url":"/api/users/me"}
{"durationMs":5,"level":"info","message":"request_end","requestId":"fce93dce-2665-49f1-9f5c-faec75f2e38b","statusCode":304,"timestamp":"2026-05-23T08:23:44.776Z"}
{"durationMs":16,"level":"info","message":"request_end","requestId":"febf4fa8-c0de-46f0-93e3-e977d3885c2f","statusCode":200,"timestamp":"2026-05-23T08:23:44.785Z"}
{"ip":"::1","level":"info","message":"request_start","method":"GET","requestId":"fe3ab359-271d-4184-9b5a-ac8e865223f8","timestamp":"2026-05-23T08:24:15.493Z","url":"/api/users/csrf"}
{"durationMs":1,"level":"info","message":"request_end","requestId":"fe3ab359-271d-4184-9b5a-ac8e865223f8","statusCode":200,"timestamp":"2026-05-23T08:24:15.494Z"}
{"ip":"::1","level":"info","message":"request_start","method":"DELETE","requestId":"52498775-f197-4c6d-a56e-48d820fc4cc3","timestamp":"2026-05-23T08:24:15.511Z","url":"/api/users/wishlist/undefined"}
{"ip":"::1","level":"error","message":"request_error Product not found in wishlist","method":"DELETE","originalUrl":"/api/users/wishlist/undefined","requestId":"52498775-f197-4c6d-a56e-48d820fc4cc3","statusCode":404,"timestamp":"2026-05-23T08:24:15.517Z"}
{"durationMs":7,"level":"info","message":"request_end","requestId":"52498775-f197-4c6d-a56e-48d820fc4cc3","statusCode":404,"timestamp":"2026-05-23T08:24:15.518Z"}
{"ip":"::1","level":"info","message":"request_start","method":"GET","requestId":"72acd64d-6b76-4c45-85c3-8c25cf8775d6","timestamp":"2026-05-23T08:24:19.277Z","url":"/api/users/me"}
{"durationMs":5,"level":"info","message":"request_end","requestId":"72acd64d-6b76-4c45-85c3-8c25cf8775d6","statusCode":304,"timestamp":"2026-05-23T08:24:19.281Z"}
{"ip":"::1","level":"info","message":"request_start","method":"GET","requestId":"9d9156c2-6c84-4f9e-8b94-8935553e845b","timestamp":"2026-05-23T08:24:19.304Z","url":"/api/cart"}
{"ip":"::1","level":"info","message":"request_start","method":"GET","requestId":"4052e7fe-d188-4729-a7bd-0495396cc220","timestamp":"2026-05-23T08:24:19.307Z","url":"/api/users/me"}
{"durationMs":5,"level":"info","message":"request_end","requestId":"4052e7fe-d188-4729-a7bd-0495396cc220","statusCode":304,"timestamp":"2026-05-23T08:24:19.311Z"}
{"durationMs":12,"level":"info","message":"request_end","requestId":"9d9156c2-6c84-4f9e-8b94-8935553e845b","statusCode":200,"timestamp":"2026-05-23T08:24:19.316Z"}
{"ip":"::1","level":"info","message":"request_start","method":"GET","requestId":"d41e4da5-1a4a-40d3-bc14-bb9a481c7f04","timestamp":"2026-05-23T08:24:19.729Z","url":"/api/users/me"}
{"durationMs":6,"level":"info","message":"request_end","requestId":"d41e4da5-1a4a-40d3-bc14-bb9a481c7f04","statusCode":304,"timestamp":"2026-05-23T08:24:19.734Z"}
{"ip":"::1","level":"info","message":"request_start","method":"GET","requestId":"cc68ec99-4f3e-4fcb-8f85-97ba2ff8da5e","timestamp":"2026-05-23T08:24:19.769Z","url":"/api/cart"}
{"ip":"::1","level":"info","message":"request_start","method":"GET","requestId":"332c9b31-f119-42d3-9796-283b48b68c2d","timestamp":"2026-05-23T08:24:19.772Z","url":"/api/users/me"}
{"durationMs":6,"level":"info","message":"request_end","requestId":"332c9b31-f119-42d3-9796-283b48b68c2d","statusCode":304,"timestamp":"2026-05-23T08:24:19.778Z"}
{"durationMs":17,"level":"info","message":"request_end","requestId":"cc68ec99-4f3e-4fcb-8f85-97ba2ff8da5e","statusCode":200,"timestamp":"2026-05-23T08:24:19.786Z"}
{"ip":"::1","level":"info","message":"request_start","method":"GET","requestId":"ec493338-e908-43ca-be95-9c132c07a9b8","timestamp":"2026-05-23T08:24:20.106Z","url":"/api/users/me"}
{"durationMs":9,"level":"info","message":"request_end","requestId":"ec493338-e908-43ca-be95-9c132c07a9b8","statusCode":304,"timestamp":"2026-05-23T08:24:20.114Z"}
{"ip":"::1","level":"info","message":"request_start","method":"GET","requestId":"259b32b1-ee49-4123-a6a1-92e5e7d2c140","timestamp":"2026-05-23T08:24:20.160Z","url":"/api/cart"}
{"ip":"::1","level":"info","message":"request_start","method":"GET","requestId":"530ca1be-07c4-4039-8966-892cd5203320","timestamp":"2026-05-23T08:24:20.169Z","url":"/api/users/me"}
{"durationMs":16,"level":"info","message":"request_end","requestId":"530ca1be-07c4-4039-8966-892cd5203320","statusCode":304,"timestamp":"2026-05-23T08:24:20.185Z"}
{"durationMs":31,"level":"info","message":"request_end","requestId":"259b32b1-ee49-4123-a6a1-92e5e7d2c140","statusCode":200,"timestamp":"2026-05-23T08:24:20.191Z"}
{"ip":"::1","level":"info","message":"request_start","method":"GET","requestId":"c9c4ea55-8887-45e2-b8e2-31c36e0ac2be","timestamp":"2026-05-23T08:28:02.288Z","url":"/api/users/me"}
{"durationMs":3,"level":"info","message":"request_end","requestId":"c9c4ea55-8887-45e2-b8e2-31c36e0ac2be","statusCode":401,"timestamp":"2026-05-23T08:28:02.290Z"}
{"ip":"::1","level":"info","message":"request_start","method":"GET","requestId":"cfdf90eb-e34b-4268-b4c4-15f98389d76e","timestamp":"2026-05-23T08:28:02.361Z","url":"/api/users/csrf"}
{"durationMs":6,"level":"info","message":"request_end","requestId":"cfdf90eb-e34b-4268-b4c4-15f98389d76e","statusCode":200,"timestamp":"2026-05-23T08:28:02.367Z"}
{"ip":"::1","level":"info","message":"request_start","method":"POST","requestId":"6b28263f-a728-4785-8442-e2bbf8634fdf","timestamp":"2026-05-23T08:28:02.409Z","url":"/api/users/refresh"}
{"durationMs":45,"level":"info","message":"request_end","requestId":"6b28263f-a728-4785-8442-e2bbf8634fdf","statusCode":200,"timestamp":"2026-05-23T08:28:02.454Z"}
{"ip":"::1","level":"info","message":"request_start","method":"GET","requestId":"5b8b3df7-6b7b-4e82-8afb-c1e89925dd80","timestamp":"2026-05-23T08:28:02.464Z","url":"/api/users/me"}
{"durationMs":7,"level":"info","message":"request_end","requestId":"5b8b3df7-6b7b-4e82-8afb-c1e89925dd80","statusCode":304,"timestamp":"2026-05-23T08:28:02.471Z"}
{"ip":"::1","level":"info","message":"request_start","method":"GET","requestId":"302b816c-2f7b-464a-83cc-fcc8b095b143","timestamp":"2026-05-23T08:28:02.523Z","url":"/api/cart"}
{"ip":"::1","level":"info","message":"request_start","method":"GET","requestId":"c6f582b2-efbf-4b48-a204-b0107146e976","timestamp":"2026-05-23T08:28:02.532Z","url":"/api/users/me"}
{"durationMs":20,"level":"info","message":"request_end","requestId":"c6f582b2-efbf-4b48-a204-b0107146e976","statusCode":304,"timestamp":"2026-05-23T08:28:02.552Z"}
{"durationMs":34,"level":"info","message":"request_end","requestId":"302b816c-2f7b-464a-83cc-fcc8b095b143","statusCode":200,"timestamp":"2026-05-23T08:28:02.557Z"}
{"ip":"::1","level":"info","message":"request_start","method":"GET","requestId":"9339d148-e0a6-48d0-978a-a0b5e86a0e16","timestamp":"2026-05-23T08:36:45.479Z","url":"/api/products/featured?limit=4"}
{"durationMs":20,"level":"info","message":"request_end","requestId":"9339d148-e0a6-48d0-978a-a0b5e86a0e16","statusCode":200,"timestamp":"2026-05-23T08:36:45.499Z"}
{"ip":"::1","level":"info","message":"request_start","method":"GET","requestId":"4af63600-78b2-49ba-a876-0d49bbff451b","timestamp":"2026-05-23T08:36:45.503Z","url":"/api/products/featured?limit=4"}
{"durationMs":9,"level":"info","message":"request_end","requestId":"4af63600-78b2-49ba-a876-0d49bbff451b","statusCode":200,"timestamp":"2026-05-23T08:36:45.512Z"}
{"ip":"::1","level":"info","message":"request_start","method":"GET","requestId":"79c9cab7-8fa7-43c0-a4b9-7f174fe35ff9","timestamp":"2026-05-23T08:36:49.182Z","url":"/api/products/69b196df61470c14477789e4"}
{"durationMs":11,"level":"info","message":"request_end","requestId":"79c9cab7-8fa7-43c0-a4b9-7f174fe35ff9","statusCode":200,"timestamp":"2026-05-23T08:36:49.193Z"}
{"ip":"::1","level":"info","message":"request_start","method":"GET","requestId":"ba017a92-be8e-40c8-8a06-eb00200cd2b5","timestamp":"2026-05-23T08:36:49.196Z","url":"/api/products/69b196df61470c14477789e4"}
{"ip":"::1","level":"info","message":"request_start","method":"GET","requestId":"9432d507-1e21-423b-82ab-eb5e44a3ed64","timestamp":"2026-05-23T08:36:49.205Z","url":"/api/products?category=outerwear&limit=5"}
{"durationMs":15,"level":"info","message":"request_end","requestId":"ba017a92-be8e-40c8-8a06-eb00200cd2b5","statusCode":200,"timestamp":"2026-05-23T08:36:49.211Z"}
{"durationMs":21,"level":"info","message":"request_end","requestId":"9432d507-1e21-423b-82ab-eb5e44a3ed64","statusCode":200,"timestamp":"2026-05-23T08:36:49.226Z"}
{"ip":"::1","level":"info","message":"request_start","method":"GET","requestId":"f88647bb-0cb4-4567-89d4-5a764392ba23","timestamp":"2026-05-23T08:36:49.228Z","url":"/api/products?category=outerwear&limit=5"}
{"durationMs":15,"level":"info","message":"request_end","requestId":"f88647bb-0cb4-4567-89d4-5a764392ba23","statusCode":200,"timestamp":"2026-05-23T08:36:49.243Z"}
{"ip":"::1","level":"info","message":"request_start","method":"GET","requestId":"90b06e76-c33b-407d-93bf-d42baf82f34d","timestamp":"2026-05-23T08:48:02.559Z","url":"/api/users/me"}
{"durationMs":14,"level":"info","message":"request_end","requestId":"90b06e76-c33b-407d-93bf-d42baf82f34d","statusCode":401,"timestamp":"2026-05-23T08:48:02.572Z"}
{"ip":"::1","level":"info","message":"request_start","method":"GET","requestId":"b96877b1-96cc-49b0-b00d-dd60e8de9f03","timestamp":"2026-05-23T08:48:02.589Z","url":"/api/users/csrf"}
{"durationMs":6,"level":"info","message":"request_end","requestId":"b96877b1-96cc-49b0-b00d-dd60e8de9f03","statusCode":200,"timestamp":"2026-05-23T08:48:02.595Z"}
{"ip":"::1","level":"info","message":"request_start","method":"POST","requestId":"2074a50a-1bb4-49de-a941-77ab689f319f","timestamp":"2026-05-23T08:48:02.602Z","url":"/api/users/refresh"}
{"durationMs":52,"level":"info","message":"request_end","requestId":"2074a50a-1bb4-49de-a941-77ab689f319f","statusCode":200,"timestamp":"2026-05-23T08:48:02.654Z"}
{"ip":"::1","level":"info","message":"request_start","method":"GET","requestId":"9262f30b-4915-4e97-80b1-cda035aa74fd","timestamp":"2026-05-23T08:48:02.658Z","url":"/api/users/me"}
{"durationMs":8,"level":"info","message":"request_end","requestId":"9262f30b-4915-4e97-80b1-cda035aa74fd","statusCode":304,"timestamp":"2026-05-23T08:48:02.666Z"}
{"ip":"::1","level":"info","message":"request_start","method":"GET","requestId":"1cb073e9-34cc-4509-9a00-7b9f426e9847","timestamp":"2026-05-23T08:48:02.685Z","url":"/api/cart"}
{"ip":"::1","level":"info","message":"request_start","method":"GET","requestId":"fd4c58c7-2f30-4030-b3b6-e662c254e780","timestamp":"2026-05-23T08:48:02.688Z","url":"/api/users/me"}
{"durationMs":9,"level":"info","message":"request_end","requestId":"fd4c58c7-2f30-4030-b3b6-e662c254e780","statusCode":304,"timestamp":"2026-05-23T08:48:02.696Z"}
{"durationMs":28,"level":"info","message":"request_end","requestId":"1cb073e9-34cc-4509-9a00-7b9f426e9847","statusCode":200,"timestamp":"2026-05-23T08:48:02.713Z"}
{"ip":"::1","level":"info","message":"request_start","method":"GET","requestId":"68eb15f8-7186-4eab-8836-17013e9573b5","timestamp":"2026-05-23T08:48:04.746Z","url":"/api/users/csrf"}
{"durationMs":2,"level":"info","message":"request_end","requestId":"68eb15f8-7186-4eab-8836-17013e9573b5","statusCode":200,"timestamp":"2026-05-23T08:48:04.748Z"}
{"ip":"::1","level":"info","message":"request_start","method":"DELETE","requestId":"42265960-abca-4af3-bee3-8681e3a9d149","timestamp":"2026-05-23T08:48:04.763Z","url":"/api/users/wishlist/undefined"}
{"ip":"::1","level":"error","message":"request_error Product not found in wishlist","method":"DELETE","originalUrl":"/api/users/wishlist/undefined","requestId":"42265960-abca-4af3-bee3-8681e3a9d149","statusCode":404,"timestamp":"2026-05-23T08:48:04.774Z"}
{"durationMs":12,"level":"info","message":"request_end","requestId":"42265960-abca-4af3-bee3-8681e3a9d149","statusCode":404,"timestamp":"2026-05-23T08:48:04.775Z"}
{"ip":"::1","level":"info","message":"request_start","method":"GET","requestId":"978b4b0a-7c05-4bf4-9880-c911663c3b28","timestamp":"2026-05-23T08:48:12.037Z","url":"/api/users/csrf"}
{"durationMs":1,"level":"info","message":"request_end","requestId":"978b4b0a-7c05-4bf4-9880-c911663c3b28","statusCode":200,"timestamp":"2026-05-23T08:48:12.038Z"}
{"ip":"::1","level":"info","message":"request_start","method":"DELETE","requestId":"330b7f69-d060-4ab0-abca-17510171535e","timestamp":"2026-05-23T08:48:12.044Z","url":"/api/cart/69b196df61470c14477789e6"}
{"level":"info","message":"Item removed from cart: 69b196df61470c14477789e6 by user 69f1dccd2c9b59c750a248e0","timestamp":"2026-05-23T08:48:12.056Z"}
{"durationMs":13,"level":"info","message":"request_end","requestId":"330b7f69-d060-4ab0-abca-17510171535e","statusCode":200,"timestamp":"2026-05-23T08:48:12.057Z"}
{"ip":"::1","level":"info","message":"request_start","method":"GET","requestId":"081db51b-6d65-45ab-aa6b-5cf114d10337","timestamp":"2026-05-23T08:48:13.992Z","url":"/api/categories"}
{"durationMs":12,"level":"info","message":"request_end","requestId":"081db51b-6d65-45ab-aa6b-5cf114d10337","statusCode":304,"timestamp":"2026-05-23T08:48:14.004Z"}
{"ip":"::1","level":"info","message":"request_start","method":"GET","requestId":"b892c83e-40e5-4385-b572-75439d141105","timestamp":"2026-05-23T08:48:14.007Z","url":"/api/categories"}
{"durationMs":15,"level":"info","message":"request_end","requestId":"b892c83e-40e5-4385-b572-75439d141105","statusCode":304,"timestamp":"2026-05-23T08:48:14.022Z"}
{"ip":"::1","level":"info","message":"request_start","method":"GET","requestId":"a540b78e-8390-4676-98ee-74a4e9446a95","timestamp":"2026-05-23T08:48:14.060Z","url":"/api/products?page=1&limit=50"}
{"durationMs":32,"level":"info","message":"request_end","requestId":"a540b78e-8390-4676-98ee-74a4e9446a95","statusCode":200,"timestamp":"2026-05-23T08:48:14.092Z"}
{"ip":"::1","level":"info","message":"request_start","method":"GET","requestId":"1f16d7fc-2688-4b13-afa2-c918a7d3e11d","timestamp":"2026-05-23T08:48:14.096Z","url":"/api/products?page=1&limit=50"}
{"durationMs":15,"level":"info","message":"request_end","requestId":"1f16d7fc-2688-4b13-afa2-c918a7d3e11d","statusCode":200,"timestamp":"2026-05-23T08:48:14.111Z"}
{"ip":"::1","level":"info","message":"request_start","method":"GET","requestId":"06de5b15-863c-463a-a8c2-a9b10dbfb6b3","timestamp":"2026-05-23T08:48:17.153Z","url":"/api/products/69b196df61470c14477789ea"}
{"durationMs":17,"level":"info","message":"request_end","requestId":"06de5b15-863c-463a-a8c2-a9b10dbfb6b3","statusCode":200,"timestamp":"2026-05-23T08:48:17.170Z"}
{"ip":"::1","level":"info","message":"request_start","method":"GET","requestId":"ed9ecd3b-f777-4b43-b880-743d763b9584","timestamp":"2026-05-23T08:48:17.173Z","url":"/api/products/69b196df61470c14477789ea"}
{"ip":"::1","level":"info","message":"request_start","method":"GET","requestId":"8764309f-bdf9-438f-ae22-5a6535af931d","timestamp":"2026-05-23T08:48:17.185Z","url":"/api/products?category=bottoms&limit=5"}
{"durationMs":17,"level":"info","message":"request_end","requestId":"ed9ecd3b-f777-4b43-b880-743d763b9584","statusCode":200,"timestamp":"2026-05-23T08:48:17.190Z"}
{"durationMs":23,"level":"info","message":"request_end","requestId":"8764309f-bdf9-438f-ae22-5a6535af931d","statusCode":200,"timestamp":"2026-05-23T08:48:17.207Z"}
{"ip":"::1","level":"info","message":"request_start","method":"GET","requestId":"25bcc787-37dd-4165-8442-b7b2fd52e2df","timestamp":"2026-05-23T08:48:17.209Z","url":"/api/products?category=bottoms&limit=5"}
{"durationMs":15,"level":"info","message":"request_end","requestId":"25bcc787-37dd-4165-8442-b7b2fd52e2df","statusCode":200,"timestamp":"2026-05-23T08:48:17.224Z"}
{"ip":"::1","level":"info","message":"request_start","method":"GET","requestId":"3a24e1cd-af6b-4fea-8133-e4164a9fdf4d","timestamp":"2026-05-23T08:48:19.208Z","url":"/api/users/csrf"}
{"durationMs":1,"level":"info","message":"request_end","requestId":"3a24e1cd-af6b-4fea-8133-e4164a9fdf4d","statusCode":200,"timestamp":"2026-05-23T08:48:19.209Z"}
{"ip":"::1","level":"info","message":"request_start","method":"POST","requestId":"099da8bd-89b3-4ba1-b205-4cc39531016a","timestamp":"2026-05-23T08:48:19.231Z","url":"/api/users/wishlist/69b196df61470c14477789ea"}
{"durationMs":22,"level":"info","message":"request_end","requestId":"099da8bd-89b3-4ba1-b205-4cc39531016a","statusCode":200,"timestamp":"2026-05-23T08:48:19.252Z"}
{"ip":"::1","level":"info","message":"request_start","method":"GET","requestId":"42563ba2-1dd0-4a79-b0fb-4cab997c3e6c","timestamp":"2026-05-23T08:48:26.490Z","url":"/api/users/me"}
{"durationMs":5,"level":"info","message":"request_end","requestId":"42563ba2-1dd0-4a79-b0fb-4cab997c3e6c","statusCode":200,"timestamp":"2026-05-23T08:48:26.495Z"}
{"ip":"::1","level":"info","message":"request_start","method":"GET","requestId":"5535d0a3-7b3d-417c-80bc-227febcb711b","timestamp":"2026-05-23T08:48:26.532Z","url":"/api/cart"}
{"ip":"::1","level":"info","message":"request_start","method":"GET","requestId":"c2e8d187-5d76-4524-9a91-1efaf6950be3","timestamp":"2026-05-23T08:48:26.537Z","url":"/api/users/me"}
{"durationMs":5,"level":"info","message":"request_end","requestId":"c2e8d187-5d76-4524-9a91-1efaf6950be3","statusCode":304,"timestamp":"2026-05-23T08:48:26.542Z"}
{"durationMs":14,"level":"info","message":"request_end","requestId":"5535d0a3-7b3d-417c-80bc-227febcb711b","statusCode":200,"timestamp":"2026-05-23T08:48:26.546Z"}
{"ip":"::1","level":"info","message":"request_start","method":"GET","requestId":"8ec97e77-8ce3-4a32-a073-4a3e45ad5a9f","timestamp":"2026-05-23T08:48:27.970Z","url":"/api/users/me"}
{"durationMs":6,"level":"info","message":"request_end","requestId":"8ec97e77-8ce3-4a32-a073-4a3e45ad5a9f","statusCode":304,"timestamp":"2026-05-23T08:48:27.976Z"}
{"ip":"::1","level":"info","message":"request_start","method":"GET","requestId":"bf1615bc-dd88-47f8-a5bf-0484398807a1","timestamp":"2026-05-23T08:48:28.005Z","url":"/api/cart"}
{"ip":"::1","level":"info","message":"request_start","method":"GET","requestId":"289a76f4-8c0b-4f54-844c-62acffca1669","timestamp":"2026-05-23T08:48:28.007Z","url":"/api/users/me"}
{"durationMs":6,"level":"info","message":"request_end","requestId":"289a76f4-8c0b-4f54-844c-62acffca1669","statusCode":304,"timestamp":"2026-05-23T08:48:28.013Z"}
{"durationMs":15,"level":"info","message":"request_end","requestId":"bf1615bc-dd88-47f8-a5bf-0484398807a1","statusCode":304,"timestamp":"2026-05-23T08:48:28.020Z"}
{"ip":"::1","level":"info","message":"request_start","method":"GET","requestId":"876b8069-47c8-47cf-9adc-9de28414f06d","timestamp":"2026-05-23T08:57:50.069Z","url":"/api/users/me"}
{"durationMs":6,"level":"info","message":"request_end","requestId":"876b8069-47c8-47cf-9adc-9de28414f06d","statusCode":304,"timestamp":"2026-05-23T08:57:50.075Z"}
{"ip":"::1","level":"info","message":"request_start","method":"GET","requestId":"54630023-495e-4c38-bf0a-6b7ffcb44a65","timestamp":"2026-05-23T08:57:50.274Z","url":"/api/cart"}
{"ip":"::1","level":"info","message":"request_start","method":"GET","requestId":"91148e95-85c2-4066-a127-103cee5a99d4","timestamp":"2026-05-23T08:57:50.281Z","url":"/api/users/me"}
{"durationMs":12,"level":"info","message":"request_end","requestId":"54630023-495e-4c38-bf0a-6b7ffcb44a65","statusCode":304,"timestamp":"2026-05-23T08:57:50.286Z"}
{"durationMs":9,"level":"info","message":"request_end","requestId":"91148e95-85c2-4066-a127-103cee5a99d4","statusCode":304,"timestamp":"2026-05-23T08:57:50.289Z"}
{"ip":"::1","level":"info","message":"request_start","method":"GET","requestId":"69c88617-3ce0-487b-bb9b-7d253a08934d","timestamp":"2026-05-23T09:11:28.172Z","url":"/api/categories"}
{"durationMs":7,"level":"info","message":"request_end","requestId":"69c88617-3ce0-487b-bb9b-7d253a08934d","statusCode":304,"timestamp":"2026-05-23T09:11:28.179Z"}
{"ip":"::1","level":"info","message":"request_start","method":"GET","requestId":"ae7e4cd9-9d95-42e5-a62a-2491c91b6d73","timestamp":"2026-05-23T09:11:28.183Z","url":"/api/categories"}
{"durationMs":8,"level":"info","message":"request_end","requestId":"ae7e4cd9-9d95-42e5-a62a-2491c91b6d73","statusCode":304,"timestamp":"2026-05-23T09:11:28.191Z"}
{"ip":"::1","level":"info","message":"request_start","method":"GET","requestId":"504ac629-14cf-48a7-8775-83bda691c521","timestamp":"2026-05-23T09:11:28.301Z","url":"/api/products?page=1&limit=50"}
{"durationMs":17,"level":"info","message":"request_end","requestId":"504ac629-14cf-48a7-8775-83bda691c521","statusCode":200,"timestamp":"2026-05-23T09:11:28.317Z"}
{"ip":"::1","level":"info","message":"request_start","method":"GET","requestId":"abf08818-7a7c-47fb-98ea-5d2421acfaf4","timestamp":"2026-05-23T09:11:28.320Z","url":"/api/products?page=1&limit=50"}
{"durationMs":17,"level":"info","message":"request_end","requestId":"abf08818-7a7c-47fb-98ea-5d2421acfaf4","statusCode":200,"timestamp":"2026-05-23T09:11:28.337Z"}
{"ip":"::1","level":"info","message":"request_start","method":"GET","requestId":"0c26e3e1-7ac7-46cd-b6e2-971cca7abaf2","timestamp":"2026-05-23T09:11:30.426Z","url":"/api/products/69b196df61470c14477789e5"}
{"durationMs":11,"level":"info","message":"request_end","requestId":"0c26e3e1-7ac7-46cd-b6e2-971cca7abaf2","statusCode":200,"timestamp":"2026-05-23T09:11:30.437Z"}
{"ip":"::1","level":"info","message":"request_start","method":"GET","requestId":"09e0a214-02e4-4d09-b88d-c8b56359a1db","timestamp":"2026-05-23T09:11:30.442Z","url":"/api/products/69b196df61470c14477789e5"}
{"durationMs":22,"level":"info","message":"request_end","requestId":"09e0a214-02e4-4d09-b88d-c8b56359a1db","statusCode":200,"timestamp":"2026-05-23T09:11:30.464Z"}
{"ip":"::1","level":"info","message":"request_start","method":"GET","requestId":"eb39c1f3-e533-43d2-9a54-ce7ba0dec822","timestamp":"2026-05-23T09:11:30.466Z","url":"/api/products?category=blazers&limit=5"}
{"durationMs":18,"level":"info","message":"request_end","requestId":"eb39c1f3-e533-43d2-9a54-ce7ba0dec822","statusCode":200,"timestamp":"2026-05-23T09:11:30.484Z"}
{"ip":"::1","level":"info","message":"request_start","method":"GET","requestId":"658b8cf7-9920-4da8-8716-19a8d8e55ed1","timestamp":"2026-05-23T09:11:30.503Z","url":"/api/products?category=blazers&limit=5"}
{"durationMs":13,"level":"info","message":"request_end","requestId":"658b8cf7-9920-4da8-8716-19a8d8e55ed1","statusCode":200,"timestamp":"2026-05-23T09:11:30.516Z"}
{"ip":"::1","level":"info","message":"request_start","method":"GET","requestId":"a923a2de-2bc1-41d9-be5e-18d82bc49a31","timestamp":"2026-05-23T09:11:35.880Z","url":"/api/users/csrf"}
{"durationMs":1,"level":"info","message":"request_end","requestId":"a923a2de-2bc1-41d9-be5e-18d82bc49a31","statusCode":200,"timestamp":"2026-05-23T09:11:35.881Z"}
{"ip":"::1","level":"info","message":"request_start","method":"POST","requestId":"9153fd1f-b6d7-4a3c-bd9b-fa759def4f2f","timestamp":"2026-05-23T09:11:35.942Z","url":"/api/users/wishlist/69b196df61470c14477789e5"}
{"durationMs":1,"level":"info","message":"request_end","requestId":"9153fd1f-b6d7-4a3c-bd9b-fa759def4f2f","statusCode":401,"timestamp":"2026-05-23T09:11:35.943Z"}
{"ip":"::1","level":"info","message":"request_start","method":"GET","requestId":"e1cf4b49-c96e-437e-904c-5b19406ba15c","timestamp":"2026-05-23T09:11:35.948Z","url":"/api/users/csrf"}
{"durationMs":2,"level":"info","message":"request_end","requestId":"e1cf4b49-c96e-437e-904c-5b19406ba15c","statusCode":200,"timestamp":"2026-05-23T09:11:35.950Z"}
{"ip":"::1","level":"info","message":"request_start","method":"POST","requestId":"d31a6f76-a6d2-4d73-9681-5643ff25a207","timestamp":"2026-05-23T09:11:35.957Z","url":"/api/users/refresh"}
{"durationMs":40,"level":"info","message":"request_end","requestId":"d31a6f76-a6d2-4d73-9681-5643ff25a207","statusCode":200,"timestamp":"2026-05-23T09:11:35.997Z"}
{"ip":"::1","level":"info","message":"request_start","method":"GET","requestId":"c8dd098d-dfb4-4ac0-a465-e169fb4c9ec8","timestamp":"2026-05-23T09:11:36.003Z","url":"/api/users/csrf"}
{"durationMs":2,"level":"info","message":"request_end","requestId":"c8dd098d-dfb4-4ac0-a465-e169fb4c9ec8","statusCode":200,"timestamp":"2026-05-23T09:11:36.005Z"}
{"ip":"::1","level":"info","message":"request_start","method":"POST","requestId":"ae11ff68-3550-490f-82ce-08b00000bdd9","timestamp":"2026-05-23T09:11:36.011Z","url":"/api/users/wishlist/69b196df61470c14477789e5"}
{"durationMs":17,"level":"info","message":"request_end","requestId":"ae11ff68-3550-490f-82ce-08b00000bdd9","statusCode":200,"timestamp":"2026-05-23T09:11:36.028Z"}
{"ip":"::1","level":"info","message":"request_start","method":"GET","requestId":"45162f21-fcb6-4f0b-b4da-6d21ff5ff39f","timestamp":"2026-05-23T09:11:42.924Z","url":"/api/users/csrf"}
{"durationMs":2,"level":"info","message":"request_end","requestId":"45162f21-fcb6-4f0b-b4da-6d21ff5ff39f","statusCode":200,"timestamp":"2026-05-23T09:11:42.926Z"}
{"ip":"::1","level":"info","message":"request_start","method":"DELETE","requestId":"cd04020b-1998-45e3-8751-1ec064989631","timestamp":"2026-05-23T09:11:42.963Z","url":"/api/users/wishlist/69b196df61470c14477789e5"}
{"durationMs":10,"level":"info","message":"request_end","requestId":"cd04020b-1998-45e3-8751-1ec064989631","statusCode":200,"timestamp":"2026-05-23T09:11:42.973Z"}
{"ip":"::1","level":"info","message":"request_start","method":"GET","requestId":"95d55e7d-3f6d-40a3-97e6-5af4d71df065","timestamp":"2026-05-23T17:32:41.664Z","url":"/api/products/featured?limit=4"}
{"ip":"::1","level":"info","message":"request_start","method":"GET","requestId":"59ee53e2-37e5-49f7-a7c3-60948c73a29c","timestamp":"2026-05-23T17:32:41.692Z","url":"/api/users/me"}
{"durationMs":9,"level":"info","message":"request_end","requestId":"59ee53e2-37e5-49f7-a7c3-60948c73a29c","statusCode":401,"timestamp":"2026-05-23T17:32:41.701Z"}
{"ip":"::1","level":"info","message":"request_start","method":"GET","requestId":"dabadefc-a533-4b28-8d29-c51524275e9b","timestamp":"2026-05-23T17:32:41.707Z","url":"/api/users/csrf"}
{"durationMs":4,"level":"info","message":"request_end","requestId":"dabadefc-a533-4b28-8d29-c51524275e9b","statusCode":200,"timestamp":"2026-05-23T17:32:41.711Z"}
{"ip":"::1","level":"info","message":"request_start","method":"POST","requestId":"88b156b1-c347-4b6d-b6db-c2c0ddb482b9","timestamp":"2026-05-23T17:32:41.724Z","url":"/api/users/refresh"}
{"durationMs":127,"level":"info","message":"request_end","requestId":"95d55e7d-3f6d-40a3-97e6-5af4d71df065","statusCode":200,"timestamp":"2026-05-23T17:32:41.790Z"}
{"durationMs":101,"level":"info","message":"request_end","requestId":"88b156b1-c347-4b6d-b6db-c2c0ddb482b9","statusCode":200,"timestamp":"2026-05-23T17:32:41.825Z"}
{"ip":"::1","level":"info","message":"request_start","method":"GET","requestId":"1bfa0105-92e1-4f26-a5a8-076051491c96","timestamp":"2026-05-23T17:32:41.845Z","url":"/api/users/me"}
{"durationMs":26,"level":"info","message":"request_end","requestId":"1bfa0105-92e1-4f26-a5a8-076051491c96","statusCode":200,"timestamp":"2026-05-23T17:32:41.871Z"}
{"ip":"::1","level":"info","message":"request_start","method":"GET","requestId":"dbd5f5f6-6757-4e6f-b6da-31e3aeac0dfe","timestamp":"2026-05-23T17:32:41.891Z","url":"/api/cart"}
{"ip":"::1","level":"info","message":"request_start","method":"GET","requestId":"3b35aae7-08b4-4df3-bbd6-18fdc9aef26d","timestamp":"2026-05-23T17:32:41.895Z","url":"/api/users/me"}
{"durationMs":13,"level":"info","message":"request_end","requestId":"dbd5f5f6-6757-4e6f-b6da-31e3aeac0dfe","statusCode":304,"timestamp":"2026-05-23T17:32:41.904Z"}
{"durationMs":20,"level":"info","message":"request_end","requestId":"3b35aae7-08b4-4df3-bbd6-18fdc9aef26d","statusCode":200,"timestamp":"2026-05-23T17:32:41.915Z"}
{"ip":"::1","level":"info","message":"request_start","method":"GET","requestId":"9a57bc57-931b-4109-9018-c7dc2db76a4c","timestamp":"2026-05-23T17:32:49.898Z","url":"/api/users/me"}
{"durationMs":22,"level":"info","message":"request_end","requestId":"9a57bc57-931b-4109-9018-c7dc2db76a4c","statusCode":200,"timestamp":"2026-05-23T17:32:49.920Z"}
{"ip":"::1","level":"info","message":"request_start","method":"GET","requestId":"88f69cf6-e3b1-4bf3-8894-f885da991b3b","timestamp":"2026-05-23T17:32:49.952Z","url":"/api/cart"}
{"ip":"::1","level":"info","message":"request_start","method":"GET","requestId":"67f0f722-34f9-4f3d-b7c7-f6cb215a58ea","timestamp":"2026-05-23T17:32:49.958Z","url":"/api/users/me"}
{"durationMs":20,"level":"info","message":"request_end","requestId":"88f69cf6-e3b1-4bf3-8894-f885da991b3b","statusCode":304,"timestamp":"2026-05-23T17:32:49.972Z"}
{"durationMs":30,"level":"info","message":"request_end","requestId":"67f0f722-34f9-4f3d-b7c7-f6cb215a58ea","statusCode":200,"timestamp":"2026-05-23T17:32:49.987Z"}
{"ip":"::1","level":"info","message":"request_start","method":"GET","requestId":"685dfc21-8996-4a0b-9634-a028e36ad280","timestamp":"2026-05-23T17:32:51.382Z","url":"/api/users/me"}
{"durationMs":25,"level":"info","message":"request_end","requestId":"685dfc21-8996-4a0b-9634-a028e36ad280","statusCode":200,"timestamp":"2026-05-23T17:32:51.407Z"}
{"ip":"::1","level":"info","message":"request_start","method":"GET","requestId":"58f9b2b2-2eda-40e9-9695-2dd985583644","timestamp":"2026-05-23T17:32:51.430Z","url":"/api/cart"}
{"ip":"::1","level":"info","message":"request_start","method":"GET","requestId":"b5b9193b-bcf0-4656-8c16-b4d0b960ace3","timestamp":"2026-05-23T17:32:51.433Z","url":"/api/users/me"}
{"durationMs":15,"level":"info","message":"request_end","requestId":"58f9b2b2-2eda-40e9-9695-2dd985583644","statusCode":304,"timestamp":"2026-05-23T17:32:51.445Z"}
{"durationMs":26,"level":"info","message":"request_end","requestId":"b5b9193b-bcf0-4656-8c16-b4d0b960ace3","statusCode":200,"timestamp":"2026-05-23T17:32:51.459Z"}
{"ip":"::1","level":"info","message":"request_start","method":"GET","requestId":"bdb83107-7daa-4281-8d3b-8ba82fca7525","timestamp":"2026-05-23T17:32:52.652Z","url":"/api/users/me"}
{"durationMs":29,"level":"info","message":"request_end","requestId":"bdb83107-7daa-4281-8d3b-8ba82fca7525","statusCode":200,"timestamp":"2026-05-23T17:32:52.681Z"}
{"ip":"::1","level":"info","message":"request_start","method":"GET","requestId":"e0b3bc22-9611-4968-b30b-4a7ea59cdaa9","timestamp":"2026-05-23T17:32:52.712Z","url":"/api/cart"}
{"ip":"::1","level":"info","message":"request_start","method":"GET","requestId":"68a266e0-0deb-4ada-9aac-346d22214c83","timestamp":"2026-05-23T17:32:52.715Z","url":"/api/users/me"}
{"durationMs":15,"level":"info","message":"request_end","requestId":"e0b3bc22-9611-4968-b30b-4a7ea59cdaa9","statusCode":304,"timestamp":"2026-05-23T17:32:52.727Z"}
{"durationMs":27,"level":"info","message":"request_end","requestId":"68a266e0-0deb-4ada-9aac-346d22214c83","statusCode":200,"timestamp":"2026-05-23T17:32:52.742Z"}
{"ip":"::1","level":"info","message":"request_start","method":"GET","requestId":"076eb658-e684-4b23-bb15-4c51e26980a4","timestamp":"2026-05-23T17:32:55.131Z","url":"/api/users/csrf"}
{"durationMs":2,"level":"info","message":"request_end","requestId":"076eb658-e684-4b23-bb15-4c51e26980a4","statusCode":200,"timestamp":"2026-05-23T17:32:55.133Z"}
{"ip":"::1","level":"info","message":"request_start","method":"DELETE","requestId":"b0d1810b-df6c-47c4-9616-9b91b3a8b9d7","timestamp":"2026-05-23T17:32:55.151Z","url":"/api/users/wishlist/69b196df61470c14477789e6"}
{"durationMs":15,"level":"info","message":"request_end","requestId":"b0d1810b-df6c-47c4-9616-9b91b3a8b9d7","statusCode":200,"timestamp":"2026-05-23T17:32:55.166Z"}
{"ip":"::1","level":"info","message":"request_start","method":"GET","requestId":"847705d9-3f71-4dc4-bfe8-e97c4b2ece97","timestamp":"2026-05-23T17:32:56.056Z","url":"/api/users/csrf"}
{"durationMs":2,"level":"info","message":"request_end","requestId":"847705d9-3f71-4dc4-bfe8-e97c4b2ece97","statusCode":200,"timestamp":"2026-05-23T17:32:56.058Z"}
{"ip":"::1","level":"info","message":"request_start","method":"DELETE","requestId":"f54d227a-a96e-49b1-a9dc-08b71c1176c0","timestamp":"2026-05-23T17:32:56.073Z","url":"/api/users/wishlist/69b196df61470c14477789ea"}
{"durationMs":9,"level":"info","message":"request_end","requestId":"f54d227a-a96e-49b1-a9dc-08b71c1176c0","statusCode":200,"timestamp":"2026-05-23T17:32:56.083Z"}
{"ip":"::1","level":"info","message":"request_start","method":"GET","requestId":"fac5b917-ebd5-47aa-9ca9-a1ff8c7be80b","timestamp":"2026-05-23T17:32:58.981Z","url":"/api/users/me"}
{"durationMs":12,"level":"info","message":"request_end","requestId":"fac5b917-ebd5-47aa-9ca9-a1ff8c7be80b","statusCode":200,"timestamp":"2026-05-23T17:32:58.993Z"}
{"ip":"::1","level":"info","message":"request_start","method":"GET","requestId":"1d37ac19-987b-4185-bdfc-bd048b9e205b","timestamp":"2026-05-23T17:32:59.030Z","url":"/api/cart"}
{"ip":"::1","level":"info","message":"request_start","method":"GET","requestId":"89b0dcad-b00c-4347-9e04-0e91b359224c","timestamp":"2026-05-23T17:32:59.034Z","url":"/api/users/me"}
{"durationMs":15,"level":"info","message":"request_end","requestId":"1d37ac19-987b-4185-bdfc-bd048b9e205b","statusCode":304,"timestamp":"2026-05-23T17:32:59.045Z"}
{"durationMs":15,"level":"info","message":"request_end","requestId":"89b0dcad-b00c-4347-9e04-0e91b359224c","statusCode":304,"timestamp":"2026-05-23T17:32:59.049Z"}
{"ip":"::1","level":"info","message":"request_start","method":"GET","requestId":"1c7faaca-03a4-47bd-a94d-719fa3802098","timestamp":"2026-05-23T17:33:00.500Z","url":"/api/categories"}
{"durationMs":10,"level":"info","message":"request_end","requestId":"1c7faaca-03a4-47bd-a94d-719fa3802098","statusCode":304,"timestamp":"2026-05-23T17:33:00.510Z"}
{"ip":"::1","level":"info","message":"request_start","method":"GET","requestId":"dccc4458-f995-402a-a7aa-cac91dec0b3d","timestamp":"2026-05-23T17:33:00.512Z","url":"/api/categories"}
{"durationMs":9,"level":"info","message":"request_end","requestId":"dccc4458-f995-402a-a7aa-cac91dec0b3d","statusCode":304,"timestamp":"2026-05-23T17:33:00.521Z"}
{"ip":"::1","level":"info","message":"request_start","method":"GET","requestId":"f5615092-3f71-45b7-8ad1-7e205532bcaa","timestamp":"2026-05-23T17:33:00.564Z","url":"/api/products?page=1&limit=50"}
{"durationMs":80,"level":"info","message":"request_end","requestId":"f5615092-3f71-45b7-8ad1-7e205532bcaa","statusCode":200,"timestamp":"2026-05-23T17:33:00.644Z"}
{"ip":"::1","level":"info","message":"request_start","method":"GET","requestId":"fb4c4b13-fecd-4e65-a87a-4ef15bd37871","timestamp":"2026-05-23T17:33:00.646Z","url":"/api/products?page=1&limit=50"}
{"durationMs":17,"level":"info","message":"request_end","requestId":"fb4c4b13-fecd-4e65-a87a-4ef15bd37871","statusCode":200,"timestamp":"2026-05-23T17:33:00.663Z"}
{"ip":"::1","level":"info","message":"request_start","method":"GET","requestId":"8284d770-3353-45ad-beb8-a6caf475bad3","timestamp":"2026-05-23T17:33:03.502Z","url":"/api/products/69b196df61470c14477789e6"}
{"durationMs":14,"level":"info","message":"request_end","requestId":"8284d770-3353-45ad-beb8-a6caf475bad3","statusCode":200,"timestamp":"2026-05-23T17:33:03.516Z"}
{"ip":"::1","level":"info","message":"request_start","method":"GET","requestId":"e05f43c8-0e09-4077-b473-8d27f07e9258","timestamp":"2026-05-23T17:33:03.519Z","url":"/api/products/69b196df61470c14477789e6"}
{"ip":"::1","level":"info","message":"request_start","method":"GET","requestId":"fd57cf67-64d5-457a-bb40-1d03a601b14a","timestamp":"2026-05-23T17:33:03.526Z","url":"/api/products?category=knitwear&limit=5"}
{"durationMs":21,"level":"info","message":"request_end","requestId":"e05f43c8-0e09-4077-b473-8d27f07e9258","statusCode":200,"timestamp":"2026-05-23T17:33:03.540Z"}
{"durationMs":29,"level":"info","message":"request_end","requestId":"fd57cf67-64d5-457a-bb40-1d03a601b14a","statusCode":200,"timestamp":"2026-05-23T17:33:03.555Z"}
{"ip":"::1","level":"info","message":"request_start","method":"GET","requestId":"764e9c39-414f-4857-819b-7d4a8b769672","timestamp":"2026-05-23T17:33:03.558Z","url":"/api/products?category=knitwear&limit=5"}
{"durationMs":14,"level":"info","message":"request_end","requestId":"764e9c39-414f-4857-819b-7d4a8b769672","statusCode":200,"timestamp":"2026-05-23T17:33:03.572Z"}
{"ip":"::1","level":"info","message":"request_start","method":"GET","requestId":"e8ea302f-5bea-4b2c-9fa2-8459058143f3","timestamp":"2026-05-23T17:33:05.821Z","url":"/api/users/csrf"}
{"durationMs":3,"level":"info","message":"request_end","requestId":"e8ea302f-5bea-4b2c-9fa2-8459058143f3","statusCode":200,"timestamp":"2026-05-23T17:33:05.823Z"}
{"ip":"::1","level":"info","message":"request_start","method":"POST","requestId":"9dc568bb-9ebe-4366-9e7c-69a0d5ad2f90","timestamp":"2026-05-23T17:33:05.846Z","url":"/api/users/wishlist/69b196df61470c14477789e6"}
{"durationMs":15,"level":"info","message":"request_end","requestId":"9dc568bb-9ebe-4366-9e7c-69a0d5ad2f90","statusCode":200,"timestamp":"2026-05-23T17:33:05.861Z"}
{"ip":"::1","level":"info","message":"request_start","method":"GET","requestId":"38401744-2e2c-41b9-bf88-d2e6710193c9","timestamp":"2026-05-23T17:33:12.244Z","url":"/api/users/csrf"}
{"durationMs":2,"level":"info","message":"request_end","requestId":"38401744-2e2c-41b9-bf88-d2e6710193c9","statusCode":200,"timestamp":"2026-05-23T17:33:12.245Z"}
{"ip":"::1","level":"info","message":"request_start","method":"POST","requestId":"27d56f8e-271a-41b9-b03e-0ac5ce061e9e","timestamp":"2026-05-23T17:33:12.262Z","url":"/api/cart"}
{"level":"info","message":"Item added to cart: Cashmere Crewneck by user 69f1dccd2c9b59c750a248e0","timestamp":"2026-05-23T17:33:12.283Z"}
{"durationMs":23,"level":"info","message":"request_end","requestId":"27d56f8e-271a-41b9-b03e-0ac5ce061e9e","statusCode":200,"timestamp":"2026-05-23T17:33:12.285Z"}
{"ip":"::1","level":"info","message":"request_start","method":"GET","requestId":"bb2dbfb4-6e4d-42c7-9f42-36416c733cf8","timestamp":"2026-05-23T17:33:35.639Z","url":"/api/categories"}
{"durationMs":9,"level":"info","message":"request_end","requestId":"bb2dbfb4-6e4d-42c7-9f42-36416c733cf8","statusCode":304,"timestamp":"2026-05-23T17:33:35.648Z"}
{"ip":"::1","level":"info","message":"request_start","method":"GET","requestId":"110dea5b-32aa-44c8-89ff-7d1b847f50c3","timestamp":"2026-05-23T17:33:35.653Z","url":"/api/categories"}
{"durationMs":10,"level":"info","message":"request_end","requestId":"110dea5b-32aa-44c8-89ff-7d1b847f50c3","statusCode":304,"timestamp":"2026-05-23T17:33:35.663Z"}
{"ip":"::1","level":"info","message":"request_start","method":"GET","requestId":"7f8e5740-3d3b-4deb-94bd-5d1b16676b0d","timestamp":"2026-05-23T17:33:35.689Z","url":"/api/products?page=1&limit=50"}
{"durationMs":28,"level":"info","message":"request_end","requestId":"7f8e5740-3d3b-4deb-94bd-5d1b16676b0d","statusCode":200,"timestamp":"2026-05-23T17:33:35.717Z"}
{"ip":"::1","level":"info","message":"request_start","method":"GET","requestId":"63f3f7dc-2754-40cb-8e0e-ebfb100cf39a","timestamp":"2026-05-23T17:33:35.721Z","url":"/api/products?page=1&limit=50"}
{"durationMs":18,"level":"info","message":"request_end","requestId":"63f3f7dc-2754-40cb-8e0e-ebfb100cf39a","statusCode":200,"timestamp":"2026-05-23T17:33:35.739Z"}
{"ip":"::1","level":"info","message":"request_start","method":"GET","requestId":"cf053a54-51ca-465d-8c67-fc77d3bc8461","timestamp":"2026-05-23T17:33:36.672Z","url":"/api/products/featured?limit=4"}
{"durationMs":24,"level":"info","message":"request_end","requestId":"cf053a54-51ca-465d-8c67-fc77d3bc8461","statusCode":200,"timestamp":"2026-05-23T17:33:36.696Z"}
{"ip":"::1","level":"info","message":"request_start","method":"GET","requestId":"2c504d24-ddd2-4ff3-9a92-e0777a3c045a","timestamp":"2026-05-23T17:33:36.700Z","url":"/api/products/featured?limit=4"}
{"durationMs":13,"level":"info","message":"request_end","requestId":"2c504d24-ddd2-4ff3-9a92-e0777a3c045a","statusCode":200,"timestamp":"2026-05-23T17:33:36.713Z"}
{"ip":"::1","level":"info","message":"request_start","method":"GET","requestId":"937dc905-2107-48ff-ac32-5b2498cc2b3c","timestamp":"2026-05-23T17:33:37.639Z","url":"/api/categories"}
{"durationMs":6,"level":"info","message":"request_end","requestId":"937dc905-2107-48ff-ac32-5b2498cc2b3c","statusCode":304,"timestamp":"2026-05-23T17:33:37.645Z"}
{"ip":"::1","level":"info","message":"request_start","method":"GET","requestId":"e8a9d230-a9d6-4091-a68b-e668fa29c59c","timestamp":"2026-05-23T17:33:37.649Z","url":"/api/categories"}
{"durationMs":8,"level":"info","message":"request_end","requestId":"e8a9d230-a9d6-4091-a68b-e668fa29c59c","statusCode":304,"timestamp":"2026-05-23T17:33:37.657Z"}
{"ip":"::1","level":"info","message":"request_start","method":"GET","requestId":"5e112d4c-207a-4fdb-a817-dcd8c4a06f73","timestamp":"2026-05-23T17:33:37.684Z","url":"/api/products?page=1&limit=50"}
{"durationMs":16,"level":"info","message":"request_end","requestId":"5e112d4c-207a-4fdb-a817-dcd8c4a06f73","statusCode":200,"timestamp":"2026-05-23T17:33:37.700Z"}
{"ip":"::1","level":"info","message":"request_start","method":"GET","requestId":"d10c4670-370a-4e07-ab7d-e417c1583e27","timestamp":"2026-05-23T17:33:37.702Z","url":"/api/products?page=1&limit=50"}
{"durationMs":17,"level":"info","message":"request_end","requestId":"d10c4670-370a-4e07-ab7d-e417c1583e27","statusCode":200,"timestamp":"2026-05-23T17:33:37.719Z"}
{"ip":"::1","level":"info","message":"request_start","method":"GET","requestId":"55b4085d-4541-4e6b-bf61-79467944868a","timestamp":"2026-05-23T17:33:39.647Z","url":"/api/categories"}
{"durationMs":7,"level":"info","message":"request_end","requestId":"55b4085d-4541-4e6b-bf61-79467944868a","statusCode":304,"timestamp":"2026-05-23T17:33:39.654Z"}
{"ip":"::1","level":"info","message":"request_start","method":"GET","requestId":"5ee3f035-14c8-40b9-9a3b-e02f68ca2877","timestamp":"2026-05-23T17:33:39.658Z","url":"/api/categories"}
{"durationMs":9,"level":"info","message":"request_end","requestId":"5ee3f035-14c8-40b9-9a3b-e02f68ca2877","statusCode":304,"timestamp":"2026-05-23T17:33:39.667Z"}
{"ip":"::1","level":"info","message":"request_start","method":"GET","requestId":"2b4a2281-2367-4b9e-a9fa-725fd41fe8bc","timestamp":"2026-05-23T17:33:39.691Z","url":"/api/products?page=1&limit=50"}
{"durationMs":18,"level":"info","message":"request_end","requestId":"2b4a2281-2367-4b9e-a9fa-725fd41fe8bc","statusCode":200,"timestamp":"2026-05-23T17:33:39.709Z"}
{"ip":"::1","level":"info","message":"request_start","method":"GET","requestId":"70c1ca97-daaa-4d8b-915b-ae4d7ad4d5e1","timestamp":"2026-05-23T17:33:39.714Z","url":"/api/products?page=1&limit=50"}
{"durationMs":14,"level":"info","message":"request_end","requestId":"70c1ca97-daaa-4d8b-915b-ae4d7ad4d5e1","statusCode":200,"timestamp":"2026-05-23T17:33:39.728Z"}
{"ip":"::1","level":"info","message":"request_start","method":"GET","requestId":"24fcfe5f-8d8b-49bb-bf00-846408f5f65b","timestamp":"2026-05-23T17:33:50.990Z","url":"/api/categories"}
{"durationMs":9,"level":"info","message":"request_end","requestId":"24fcfe5f-8d8b-49bb-bf00-846408f5f65b","statusCode":304,"timestamp":"2026-05-23T17:33:50.999Z"}
{"ip":"::1","level":"info","message":"request_start","method":"GET","requestId":"4d568a08-80bf-4af3-b5b3-23712d1da6a8","timestamp":"2026-05-23T17:33:51.004Z","url":"/api/categories"}
{"durationMs":4,"level":"info","message":"request_end","requestId":"4d568a08-80bf-4af3-b5b3-23712d1da6a8","statusCode":304,"timestamp":"2026-05-23T17:33:51.008Z"}
{"ip":"::1","level":"info","message":"request_start","method":"GET","requestId":"75796a0b-064c-472b-897a-f1050238e39c","timestamp":"2026-05-23T17:33:51.031Z","url":"/api/products?page=1&limit=50&search=snea"}
{"ip":"::1","level":"info","message":"request_start","method":"GET","requestId":"24d6d0ea-e8be-4306-9088-ea04bed74e2b","timestamp":"2026-05-23T17:33:51.036Z","url":"/api/products?page=1&limit=50&sort=relevance&search=snea"}
{"durationMs":37,"level":"info","message":"request_end","requestId":"24d6d0ea-e8be-4306-9088-ea04bed74e2b","statusCode":200,"timestamp":"2026-05-23T17:33:51.073Z"}
{"durationMs":44,"level":"info","message":"request_end","requestId":"75796a0b-064c-472b-897a-f1050238e39c","statusCode":200,"timestamp":"2026-05-23T17:33:51.075Z"}
{"ip":"::1","level":"info","message":"request_start","method":"GET","requestId":"9b8f358e-0ad7-429b-af81-e6293fffedaf","timestamp":"2026-05-23T17:33:52.905Z","url":"/api/categories"}
{"durationMs":6,"level":"info","message":"request_end","requestId":"9b8f358e-0ad7-429b-af81-e6293fffedaf","statusCode":304,"timestamp":"2026-05-23T17:33:52.910Z"}
{"ip":"::1","level":"info","message":"request_start","method":"GET","requestId":"47848de4-a264-49e6-aad7-ad5b43f51995","timestamp":"2026-05-23T17:33:52.938Z","url":"/api/products?page=1&limit=50&sort=relevance&search=sne"}
{"durationMs":13,"level":"info","message":"request_end","requestId":"47848de4-a264-49e6-aad7-ad5b43f51995","statusCode":200,"timestamp":"2026-05-23T17:33:52.951Z"}
{"ip":"::1","level":"info","message":"request_start","method":"GET","requestId":"01845910-a7db-402a-9d3b-6a1e913d22d8","timestamp":"2026-05-23T17:33:53.576Z","url":"/api/categories"}
{"durationMs":8,"level":"info","message":"request_end","requestId":"01845910-a7db-402a-9d3b-6a1e913d22d8","statusCode":304,"timestamp":"2026-05-23T17:33:53.584Z"}
{"ip":"::1","level":"info","message":"request_start","method":"GET","requestId":"dc6dbd90-9454-4cae-a6a8-b09117876cd5","timestamp":"2026-05-23T17:33:53.589Z","url":"/api/categories"}
{"durationMs":6,"level":"info","message":"request_end","requestId":"dc6dbd90-9454-4cae-a6a8-b09117876cd5","statusCode":304,"timestamp":"2026-05-23T17:33:53.595Z"}
{"ip":"::1","level":"info","message":"request_start","method":"GET","requestId":"da7b3c63-dcb6-47d8-9821-b06c1c1e6bd5","timestamp":"2026-05-23T17:33:53.615Z","url":"/api/products?page=1&limit=50&sort=relevance"}
{"ip":"::1","level":"info","message":"request_start","method":"GET","requestId":"9d33a813-cb9d-412a-846d-b767977047fb","timestamp":"2026-05-23T17:33:53.618Z","url":"/api/products?page=1&limit=50"}
{"durationMs":27,"level":"info","message":"request_end","requestId":"da7b3c63-dcb6-47d8-9821-b06c1c1e6bd5","statusCode":200,"timestamp":"2026-05-23T17:33:53.641Z"}
{"durationMs":26,"level":"info","message":"request_end","requestId":"9d33a813-cb9d-412a-846d-b767977047fb","statusCode":200,"timestamp":"2026-05-23T17:33:53.644Z"}
{"ip":"::1","level":"info","message":"request_start","method":"GET","requestId":"b5ebf4d0-19fd-45ae-bd7d-dd1798c5c007","timestamp":"2026-05-23T17:33:57.102Z","url":"/api/categories"}
{"durationMs":3,"level":"info","message":"request_end","requestId":"b5ebf4d0-19fd-45ae-bd7d-dd1798c5c007","statusCode":304,"timestamp":"2026-05-23T17:33:57.105Z"}
{"ip":"::1","level":"info","message":"request_start","method":"GET","requestId":"06688d62-976f-4ce3-8f95-689d4c1e89de","timestamp":"2026-05-23T17:33:57.116Z","url":"/api/products?page=1&limit=50&category=knitwear"}
{"durationMs":14,"level":"info","message":"request_end","requestId":"06688d62-976f-4ce3-8f95-689d4c1e89de","statusCode":200,"timestamp":"2026-05-23T17:33:57.130Z"}
{"ip":"::1","level":"info","message":"request_start","method":"GET","requestId":"3894262b-7a1f-46e2-a1b8-4de18a37271b","timestamp":"2026-05-23T17:33:58.719Z","url":"/api/categories"}
{"durationMs":4,"level":"info","message":"request_end","requestId":"3894262b-7a1f-46e2-a1b8-4de18a37271b","statusCode":304,"timestamp":"2026-05-23T17:33:58.723Z"}
{"ip":"::1","level":"info","message":"request_start","method":"GET","requestId":"bff93785-08e6-4149-985a-0fec9ae6b329","timestamp":"2026-05-23T17:33:58.735Z","url":"/api/products?page=1&limit=50"}
{"durationMs":15,"level":"info","message":"request_end","requestId":"bff93785-08e6-4149-985a-0fec9ae6b329","statusCode":200,"timestamp":"2026-05-23T17:33:58.750Z"}
{"ip":"::1","level":"info","message":"request_start","method":"GET","requestId":"c5d8d7ae-e347-4a7c-967d-47bc935b95d0","timestamp":"2026-05-23T17:34:21.698Z","url":"/api/users/csrf"}
{"durationMs":4,"level":"info","message":"request_end","requestId":"c5d8d7ae-e347-4a7c-967d-47bc935b95d0","statusCode":200,"timestamp":"2026-05-23T17:34:21.702Z"}
{"ip":"::1","level":"info","message":"request_start","method":"DELETE","requestId":"3496dbb8-754a-4b78-83d3-9e5f2e766986","timestamp":"2026-05-23T17:34:21.712Z","url":"/api/cart/69b196df61470c14477789e6"}
{"level":"info","message":"Item removed from cart: 69b196df61470c14477789e6 by user 69f1dccd2c9b59c750a248e0","timestamp":"2026-05-23T17:34:21.724Z"}
{"durationMs":13,"level":"info","message":"request_end","requestId":"3496dbb8-754a-4b78-83d3-9e5f2e766986","statusCode":200,"timestamp":"2026-05-23T17:34:21.725Z"}
{"ip":"::1","level":"info","message":"request_start","method":"GET","requestId":"d6442459-d159-473d-b5a7-d59e6e2df655","timestamp":"2026-05-23T17:36:36.931Z","url":"/api/users/me"}
{"durationMs":33,"level":"info","message":"request_end","requestId":"d6442459-d159-473d-b5a7-d59e6e2df655","statusCode":200,"timestamp":"2026-05-23T17:36:36.964Z"}
{"ip":"::1","level":"info","message":"request_start","method":"GET","requestId":"16e954ee-31eb-4eaa-bbe3-335d62220fca","timestamp":"2026-05-23T17:36:37.062Z","url":"/api/cart"}
{"ip":"::1","level":"info","message":"request_start","method":"GET","requestId":"b51e07af-6c4e-49ec-b00c-f25a459619a5","timestamp":"2026-05-23T17:36:37.100Z","url":"/api/users/me"}
{"durationMs":56,"level":"info","message":"request_end","requestId":"16e954ee-31eb-4eaa-bbe3-335d62220fca","statusCode":200,"timestamp":"2026-05-23T17:36:37.118Z"}
{"durationMs":38,"level":"info","message":"request_end","requestId":"b51e07af-6c4e-49ec-b00c-f25a459619a5","statusCode":200,"timestamp":"2026-05-23T17:36:37.138Z"}
{"ip":"::1","level":"info","message":"request_start","method":"GET","requestId":"0b9762f2-2ed1-46fd-8f66-3981d7e0a516","timestamp":"2026-05-23T17:37:27.327Z","url":"/api/users/me"}
{"durationMs":52,"level":"info","message":"request_end","requestId":"0b9762f2-2ed1-46fd-8f66-3981d7e0a516","statusCode":200,"timestamp":"2026-05-23T17:37:27.380Z"}
{"ip":"::1","level":"info","message":"request_start","method":"GET","requestId":"485d3a2e-d2e6-4492-933a-32f2bdbb2395","timestamp":"2026-05-23T17:37:27.441Z","url":"/api/cart"}
{"ip":"::1","level":"info","message":"request_start","method":"GET","requestId":"03b1c74a-bc4b-409e-81fe-4e253cbea245","timestamp":"2026-05-23T17:37:27.447Z","url":"/api/users/me"}
{"durationMs":52,"level":"info","message":"request_end","requestId":"485d3a2e-d2e6-4492-933a-32f2bdbb2395","statusCode":304,"timestamp":"2026-05-23T17:37:27.493Z"}
{"durationMs":94,"level":"info","message":"request_end","requestId":"03b1c74a-bc4b-409e-81fe-4e253cbea245","statusCode":200,"timestamp":"2026-05-23T17:37:27.542Z"}
{"ip":"::1","level":"info","message":"request_start","method":"GET","requestId":"eceb9d9c-5d31-49ab-afe1-d5e26723867c","timestamp":"2026-05-23T17:38:19.145Z","url":"/api/users/me"}
{"durationMs":35,"level":"info","message":"request_end","requestId":"eceb9d9c-5d31-49ab-afe1-d5e26723867c","statusCode":200,"timestamp":"2026-05-23T17:38:19.180Z"}
{"ip":"::1","level":"info","message":"request_start","method":"GET","requestId":"6bd4421c-d9d0-4a8a-8cd4-8445fd6eb845","timestamp":"2026-05-23T17:38:19.225Z","url":"/api/cart"}
{"ip":"::1","level":"info","message":"request_start","method":"GET","requestId":"350cfbf3-b5d6-4885-8548-6409c6a9a4bb","timestamp":"2026-05-23T17:38:19.229Z","url":"/api/users/me"}
{"durationMs":49,"level":"info","message":"request_end","requestId":"6bd4421c-d9d0-4a8a-8cd4-8445fd6eb845","statusCode":304,"timestamp":"2026-05-23T17:38:19.274Z"}
{"durationMs":129,"level":"info","message":"request_end","requestId":"350cfbf3-b5d6-4885-8548-6409c6a9a4bb","statusCode":200,"timestamp":"2026-05-23T17:38:19.358Z"}
{"ip":"::1","level":"info","message":"request_start","method":"GET","requestId":"f2df59d5-8a15-468b-8c27-af574c3ff7bf","timestamp":"2026-05-23T17:39:42.309Z","url":"/api/categories"}
{"durationMs":7,"level":"info","message":"request_end","requestId":"f2df59d5-8a15-468b-8c27-af574c3ff7bf","statusCode":304,"timestamp":"2026-05-23T17:39:42.317Z"}
{"ip":"::1","level":"info","message":"request_start","method":"GET","requestId":"ca797d33-d959-4935-9fc7-4954444edd2b","timestamp":"2026-05-23T17:39:42.320Z","url":"/api/categories"}
{"durationMs":11,"level":"info","message":"request_end","requestId":"ca797d33-d959-4935-9fc7-4954444edd2b","statusCode":304,"timestamp":"2026-05-23T17:39:42.331Z"}
{"ip":"::1","level":"info","message":"request_start","method":"GET","requestId":"31470e43-7485-4247-a466-5934a2eed76b","timestamp":"2026-05-23T17:39:42.397Z","url":"/api/products?page=1&limit=50"}
{"durationMs":20,"level":"info","message":"request_end","requestId":"31470e43-7485-4247-a466-5934a2eed76b","statusCode":200,"timestamp":"2026-05-23T17:39:42.417Z"}
{"ip":"::1","level":"info","message":"request_start","method":"GET","requestId":"ddec7619-ad5f-400c-95da-e8d8efd7132f","timestamp":"2026-05-23T17:39:42.421Z","url":"/api/products?page=1&limit=50"}
{"durationMs":21,"level":"info","message":"request_end","requestId":"ddec7619-ad5f-400c-95da-e8d8efd7132f","statusCode":200,"timestamp":"2026-05-23T17:39:42.442Z"}
{"ip":"::1","level":"info","message":"request_start","method":"GET","requestId":"aaecd0ea-32dc-4b14-8f60-5f9c5edfccb3","timestamp":"2026-05-23T17:43:22.583Z","url":"/api/users/me"}
{"durationMs":2,"level":"info","message":"request_end","requestId":"aaecd0ea-32dc-4b14-8f60-5f9c5edfccb3","statusCode":401,"timestamp":"2026-05-23T17:43:22.584Z"}
{"ip":"::1","level":"info","message":"request_start","method":"GET","requestId":"36c43ada-1ec2-4c3e-8a21-bdf607fbd415","timestamp":"2026-05-23T17:43:22.620Z","url":"/api/users/csrf"}
{"durationMs":2,"level":"info","message":"request_end","requestId":"36c43ada-1ec2-4c3e-8a21-bdf607fbd415","statusCode":200,"timestamp":"2026-05-23T17:43:22.622Z"}
{"ip":"::1","level":"info","message":"request_start","method":"POST","requestId":"914c2e29-a06b-4055-8eea-55c71416a2eb","timestamp":"2026-05-23T17:43:22.634Z","url":"/api/users/refresh"}
{"durationMs":21,"level":"info","message":"request_end","requestId":"914c2e29-a06b-4055-8eea-55c71416a2eb","statusCode":200,"timestamp":"2026-05-23T17:43:22.655Z"}
{"ip":"::1","level":"info","message":"request_start","method":"GET","requestId":"e476135c-1de8-4055-8bad-5d5ca4dfc677","timestamp":"2026-05-23T17:43:22.661Z","url":"/api/users/me"}
{"durationMs":10,"level":"info","message":"request_end","requestId":"e476135c-1de8-4055-8bad-5d5ca4dfc677","statusCode":200,"timestamp":"2026-05-23T17:43:22.671Z"}
{"ip":"::1","level":"info","message":"request_start","method":"GET","requestId":"d07f79a2-4229-411b-b534-b2e46e9796c0","timestamp":"2026-05-23T17:43:22.696Z","url":"/api/cart"}
{"ip":"::1","level":"info","message":"request_start","method":"GET","requestId":"8e8c5ca4-ec31-4a86-b898-eeada595b18e","timestamp":"2026-05-23T17:43:22.699Z","url":"/api/users/me"}
{"durationMs":10,"level":"info","message":"request_end","requestId":"d07f79a2-4229-411b-b534-b2e46e9796c0","statusCode":304,"timestamp":"2026-05-23T17:43:22.706Z"}
{"durationMs":14,"level":"info","message":"request_end","requestId":"8e8c5ca4-ec31-4a86-b898-eeada595b18e","statusCode":200,"timestamp":"2026-05-23T17:43:22.713Z"}
{"ip":"::1","level":"info","message":"request_start","method":"GET","requestId":"bb46d254-56d1-438b-9d54-1f50380ff58d","timestamp":"2026-05-25T14:23:11.651Z","url":"/api/products/featured?limit=4"}
{"ip":"::1","level":"info","message":"request_start","method":"GET","requestId":"9e9a6ddf-f40d-4a77-a180-4f73855e3916","timestamp":"2026-05-25T14:23:11.668Z","url":"/api/users/me"}
{"durationMs":12,"level":"info","message":"request_end","requestId":"9e9a6ddf-f40d-4a77-a180-4f73855e3916","statusCode":401,"timestamp":"2026-05-25T14:23:11.680Z"}
{"ip":"::1","level":"info","message":"request_start","method":"GET","requestId":"5bf655da-2e3e-48c4-87ee-1667ea554a44","timestamp":"2026-05-25T14:23:11.683Z","url":"/api/users/csrf"}
{"durationMs":4,"level":"info","message":"request_end","requestId":"5bf655da-2e3e-48c4-87ee-1667ea554a44","statusCode":200,"timestamp":"2026-05-25T14:23:11.687Z"}
{"ip":"::1","level":"info","message":"request_start","method":"POST","requestId":"c79698ee-5100-4f6b-a90f-b0200d40f09c","timestamp":"2026-05-25T14:23:11.695Z","url":"/api/users/refresh"}
{"durationMs":26,"level":"info","message":"request_end","requestId":"c79698ee-5100-4f6b-a90f-b0200d40f09c","statusCode":401,"timestamp":"2026-05-25T14:23:11.721Z"}
{"durationMs":113,"level":"info","message":"request_end","requestId":"bb46d254-56d1-438b-9d54-1f50380ff58d","statusCode":200,"timestamp":"2026-05-25T14:23:11.763Z"}
{"ip":"::1","level":"info","message":"request_start","method":"GET","requestId":"2c4e1e37-ce7b-4f47-8899-982be5145d9d","timestamp":"2026-05-25T14:23:20.210Z","url":"/api/products/featured?limit=4"}
{"ip":"::1","level":"info","message":"request_start","method":"GET","requestId":"faa65798-ec49-448b-bb5b-465ce39d2d07","timestamp":"2026-05-25T14:23:20.216Z","url":"/api/users/me"}
{"durationMs":3,"level":"info","message":"request_end","requestId":"faa65798-ec49-448b-bb5b-465ce39d2d07","statusCode":401,"timestamp":"2026-05-25T14:23:20.219Z"}
{"durationMs":18,"level":"info","message":"request_end","requestId":"2c4e1e37-ce7b-4f47-8899-982be5145d9d","statusCode":200,"timestamp":"2026-05-25T14:23:20.228Z"}
{"ip":"::1","level":"info","message":"request_start","method":"GET","requestId":"b1de9c43-29d0-4559-a528-5386905dd570","timestamp":"2026-05-25T14:23:20.256Z","url":"/api/users/csrf"}
{"durationMs":3,"level":"info","message":"request_end","requestId":"b1de9c43-29d0-4559-a528-5386905dd570","statusCode":200,"timestamp":"2026-05-25T14:23:20.259Z"}
{"ip":"::1","level":"info","message":"request_start","method":"POST","requestId":"d9903eca-66ac-4509-a765-8d0b653449f0","timestamp":"2026-05-25T14:23:20.304Z","url":"/api/users/refresh"}
{"durationMs":5,"level":"info","message":"request_end","requestId":"d9903eca-66ac-4509-a765-8d0b653449f0","statusCode":401,"timestamp":"2026-05-25T14:23:20.308Z"}
{"ip":"::1","level":"info","message":"request_start","method":"GET","requestId":"616e2b9b-3e07-4077-aeab-2fe62b215172","timestamp":"2026-05-25T14:29:50.295Z","url":"/api/categories"}
{"durationMs":15,"level":"info","message":"request_end","requestId":"616e2b9b-3e07-4077-aeab-2fe62b215172","statusCode":304,"timestamp":"2026-05-25T14:29:50.310Z"}
{"ip":"::1","level":"info","message":"request_start","method":"GET","requestId":"a76202d6-afc7-4865-a877-1fecdd398818","timestamp":"2026-05-25T14:29:50.314Z","url":"/api/categories"}
{"durationMs":8,"level":"info","message":"request_end","requestId":"a76202d6-afc7-4865-a877-1fecdd398818","statusCode":304,"timestamp":"2026-05-25T14:29:50.321Z"}
{"ip":"::1","level":"info","message":"request_start","method":"GET","requestId":"4b316494-c1da-4706-9a0f-791bd5f0dcf2","timestamp":"2026-05-25T14:29:50.356Z","url":"/api/products?page=1&limit=50"}
{"durationMs":103,"level":"info","message":"request_end","requestId":"4b316494-c1da-4706-9a0f-791bd5f0dcf2","statusCode":200,"timestamp":"2026-05-25T14:29:50.459Z"}
{"ip":"::1","level":"info","message":"request_start","method":"GET","requestId":"8dfcba82-c123-44b9-91fd-89a307945990","timestamp":"2026-05-25T14:29:50.461Z","url":"/api/products?page=1&limit=50"}
{"durationMs":16,"level":"info","message":"request_end","requestId":"8dfcba82-c123-44b9-91fd-89a307945990","statusCode":200,"timestamp":"2026-05-25T14:29:50.477Z"}
{"ip":"::1","level":"info","message":"request_start","method":"GET","requestId":"d676bd09-7ec0-4ecf-a765-b7d3960eb99c","timestamp":"2026-05-25T14:30:22.214Z","url":"/api/categories"}
{"durationMs":5,"level":"info","message":"request_end","requestId":"d676bd09-7ec0-4ecf-a765-b7d3960eb99c","statusCode":304,"timestamp":"2026-05-25T14:30:22.219Z"}
{"ip":"::1","level":"info","message":"request_start","method":"GET","requestId":"73c0035e-635b-4665-b2d9-28a0abe81101","timestamp":"2026-05-25T14:30:22.223Z","url":"/api/categories"}
{"durationMs":8,"level":"info","message":"request_end","requestId":"73c0035e-635b-4665-b2d9-28a0abe81101","statusCode":304,"timestamp":"2026-05-25T14:30:22.230Z"}
{"ip":"::1","level":"info","message":"request_start","method":"GET","requestId":"da07010e-6511-48d5-b8f6-1246ed38688b","timestamp":"2026-05-25T14:30:22.241Z","url":"/api/products?page=1&limit=50&search=w"}
{"ip":"::1","level":"info","message":"request_start","method":"GET","requestId":"4ea662b0-598e-43ef-8de4-6073ebdbdbc0","timestamp":"2026-05-25T14:30:22.250Z","url":"/api/products?page=1&limit=50&sort=relevance&search=w"}
{"durationMs":46,"level":"info","message":"request_end","requestId":"da07010e-6511-48d5-b8f6-1246ed38688b","statusCode":200,"timestamp":"2026-05-25T14:30:22.287Z"}
{"durationMs":39,"level":"info","message":"request_end","requestId":"4ea662b0-598e-43ef-8de4-6073ebdbdbc0","statusCode":200,"timestamp":"2026-05-25T14:30:22.289Z"}
{"ip":"::1","level":"info","message":"request_start","method":"GET","requestId":"2815537b-23f3-4165-98a5-0ea9f3364eed","timestamp":"2026-05-25T14:30:25.717Z","url":"/api/categories"}
{"durationMs":8,"level":"info","message":"request_end","requestId":"2815537b-23f3-4165-98a5-0ea9f3364eed","statusCode":304,"timestamp":"2026-05-25T14:30:25.725Z"}
{"ip":"::1","level":"info","message":"request_start","method":"GET","requestId":"a5445323-65d3-41a0-8f98-277d0dbb44cb","timestamp":"2026-05-25T14:30:25.743Z","url":"/api/products?page=1&limit=50&sort=relevance&search=woo"}
{"durationMs":15,"level":"info","message":"request_end","requestId":"a5445323-65d3-41a0-8f98-277d0dbb44cb","statusCode":200,"timestamp":"2026-05-25T14:30:25.758Z"}
{"ip":"::1","level":"info","message":"request_start","method":"GET","requestId":"a721afd2-def3-4a0c-8ffe-85d81398430b","timestamp":"2026-05-25T14:30:26.806Z","url":"/api/categories"}
{"durationMs":9,"level":"info","message":"request_end","requestId":"a721afd2-def3-4a0c-8ffe-85d81398430b","statusCode":304,"timestamp":"2026-05-25T14:30:26.815Z"}
{"ip":"::1","level":"info","message":"request_start","method":"GET","requestId":"9e0a1d59-407f-46af-91cc-8eff6c66a774","timestamp":"2026-05-25T14:30:26.837Z","url":"/api/products?page=1&limit=50&sort=relevance&search=wool"}
{"durationMs":20,"level":"info","message":"request_end","requestId":"9e0a1d59-407f-46af-91cc-8eff6c66a774","statusCode":200,"timestamp":"2026-05-25T14:30:26.857Z"}
{"ip":"::1","level":"info","message":"request_start","method":"GET","requestId":"886ed0d2-ef91-4c59-9c18-3c139f333f66","timestamp":"2026-05-25T14:30:28.268Z","url":"/api/categories"}
{"durationMs":8,"level":"info","message":"request_end","requestId":"886ed0d2-ef91-4c59-9c18-3c139f333f66","statusCode":304,"timestamp":"2026-05-25T14:30:28.276Z"}
{"ip":"::1","level":"info","message":"request_start","method":"GET","requestId":"5aba6600-cf30-49cd-bda6-ec062af2b83c","timestamp":"2026-05-25T14:30:28.345Z","url":"/api/products?page=1&limit=50&sort=relevance&search=woo"}
{"durationMs":14,"level":"info","message":"request_end","requestId":"5aba6600-cf30-49cd-bda6-ec062af2b83c","statusCode":200,"timestamp":"2026-05-25T14:30:28.359Z"}
{"ip":"::1","level":"info","message":"request_start","method":"GET","requestId":"cc042844-e2b5-4e2b-9171-92371f2e83d7","timestamp":"2026-05-25T14:30:28.941Z","url":"/api/categories"}
{"durationMs":8,"level":"info","message":"request_end","requestId":"cc042844-e2b5-4e2b-9171-92371f2e83d7","statusCode":304,"timestamp":"2026-05-25T14:30:28.955Z"}
{"ip":"::1","level":"info","message":"request_start","method":"GET","requestId":"444a0822-203d-4951-934d-521ce8f2e90d","timestamp":"2026-05-25T14:30:28.962Z","url":"/api/categories"}
{"durationMs":7,"level":"info","message":"request_end","requestId":"444a0822-203d-4951-934d-521ce8f2e90d","statusCode":304,"timestamp":"2026-05-25T14:30:28.969Z"}
{"ip":"::1","level":"info","message":"request_start","method":"GET","requestId":"7cf33b42-3f37-4411-a2c0-979eb5989e26","timestamp":"2026-05-25T14:30:28.980Z","url":"/api/products?page=1&limit=50&sort=relevance"}
{"ip":"::1","level":"info","message":"request_start","method":"GET","requestId":"f6faef58-5771-4998-b1a0-7aa48553df7d","timestamp":"2026-05-25T14:30:28.987Z","url":"/api/products?page=1&limit=50"}
{"durationMs":32,"level":"info","message":"request_end","requestId":"7cf33b42-3f37-4411-a2c0-979eb5989e26","statusCode":200,"timestamp":"2026-05-25T14:30:29.012Z"}
{"durationMs":34,"level":"info","message":"request_end","requestId":"f6faef58-5771-4998-b1a0-7aa48553df7d","statusCode":200,"timestamp":"2026-05-25T14:30:29.021Z"}
{"ip":"::1","level":"info","message":"request_start","method":"GET","requestId":"53f823e8-9bdd-4b41-8e79-dac7ef1a0c36","timestamp":"2026-05-25T14:59:24.470Z","url":"/api/users/me"}
{"durationMs":2,"level":"info","message":"request_end","requestId":"53f823e8-9bdd-4b41-8e79-dac7ef1a0c36","statusCode":401,"timestamp":"2026-05-25T14:59:24.472Z"}
{"ip":"::1","level":"info","message":"request_start","method":"GET","requestId":"385761da-9934-405d-a4e3-c7eebb56d5d3","timestamp":"2026-05-25T14:59:24.524Z","url":"/api/users/csrf"}
{"durationMs":3,"level":"info","message":"request_end","requestId":"385761da-9934-405d-a4e3-c7eebb56d5d3","statusCode":200,"timestamp":"2026-05-25T14:59:24.526Z"}
{"ip":"::1","level":"info","message":"request_start","method":"GET","requestId":"2d615616-e67e-4851-99c9-2c31a7947d90","timestamp":"2026-05-25T14:59:24.531Z","url":"/api/categories"}
{"durationMs":6,"level":"info","message":"request_end","requestId":"2d615616-e67e-4851-99c9-2c31a7947d90","statusCode":304,"timestamp":"2026-05-25T14:59:24.536Z"}
{"ip":"::1","level":"info","message":"request_start","method":"POST","requestId":"1c6cc3af-a3bf-47b6-b6d6-9ab1de02f5e0","timestamp":"2026-05-25T14:59:24.578Z","url":"/api/users/refresh"}
{"durationMs":3,"level":"info","message":"request_end","requestId":"1c6cc3af-a3bf-47b6-b6d6-9ab1de02f5e0","statusCode":401,"timestamp":"2026-05-25T14:59:24.581Z"}
{"ip":"::1","level":"info","message":"request_start","method":"GET","requestId":"8c6ce9c7-92b3-4469-85fc-d3479c3f05fe","timestamp":"2026-05-25T14:59:24.582Z","url":"/api/products?page=1&limit=50"}
{"durationMs":13,"level":"info","message":"request_end","requestId":"8c6ce9c7-92b3-4469-85fc-d3479c3f05fe","statusCode":200,"timestamp":"2026-05-25T14:59:24.595Z"}
{"ip":"::1","level":"info","message":"request_start","method":"GET","requestId":"64613af8-a282-4899-b6d5-2b732b518be5","timestamp":"2026-05-25T14:59:31.581Z","url":"/api/products/featured?limit=4"}
{"durationMs":15,"level":"info","message":"request_end","requestId":"64613af8-a282-4899-b6d5-2b732b518be5","statusCode":200,"timestamp":"2026-05-25T14:59:31.596Z"}
{"ip":"::1","level":"info","message":"request_start","method":"GET","requestId":"59728142-5455-4680-a635-f7ea205eff9e","timestamp":"2026-05-25T14:59:31.610Z","url":"/api/products/featured?limit=4"}
{"durationMs":17,"level":"info","message":"request_end","requestId":"59728142-5455-4680-a635-f7ea205eff9e","statusCode":200,"timestamp":"2026-05-25T14:59:31.626Z"}
{"ip":"::1","level":"info","message":"request_start","method":"GET","requestId":"90a264ec-4c04-4a36-8466-912ec3587f97","timestamp":"2026-05-25T14:59:43.152Z","url":"/api/categories"}
{"durationMs":7,"level":"info","message":"request_end","requestId":"90a264ec-4c04-4a36-8466-912ec3587f97","statusCode":304,"timestamp":"2026-05-25T14:59:43.159Z"}
{"ip":"::1","level":"info","message":"request_start","method":"GET","requestId":"c88a8b19-e0f6-4939-98a6-dc189c42ba5f","timestamp":"2026-05-25T14:59:43.163Z","url":"/api/categories"}
{"durationMs":10,"level":"info","message":"request_end","requestId":"c88a8b19-e0f6-4939-98a6-dc189c42ba5f","statusCode":304,"timestamp":"2026-05-25T14:59:43.173Z"}
{"ip":"::1","level":"info","message":"request_start","method":"GET","requestId":"ee1de0eb-d5a7-4f7e-941a-5024f2342bf7","timestamp":"2026-05-25T14:59:43.200Z","url":"/api/products?page=1&limit=50"}
{"durationMs":15,"level":"info","message":"request_end","requestId":"ee1de0eb-d5a7-4f7e-941a-5024f2342bf7","statusCode":200,"timestamp":"2026-05-25T14:59:43.215Z"}
{"ip":"::1","level":"info","message":"request_start","method":"GET","requestId":"1b079a00-96e7-44b5-8295-56c673ccaf95","timestamp":"2026-05-25T14:59:43.217Z","url":"/api/products?page=1&limit=50"}
{"durationMs":16,"level":"info","message":"request_end","requestId":"1b079a00-96e7-44b5-8295-56c673ccaf95","statusCode":200,"timestamp":"2026-05-25T14:59:43.233Z"}
{"ip":"::1","level":"info","message":"request_start","method":"GET","requestId":"03701bb7-f87b-416c-bb9f-d122fcf3d87f","timestamp":"2026-05-25T15:00:10.660Z","url":"/api/categories"}
{"durationMs":6,"level":"info","message":"request_end","requestId":"03701bb7-f87b-416c-bb9f-d122fcf3d87f","statusCode":304,"timestamp":"2026-05-25T15:00:10.666Z"}
{"ip":"::1","level":"info","message":"request_start","method":"GET","requestId":"722b152b-621f-44c5-905a-f60e69610c54","timestamp":"2026-05-25T15:00:10.670Z","url":"/api/categories"}
{"durationMs":6,"level":"info","message":"request_end","requestId":"722b152b-621f-44c5-905a-f60e69610c54","statusCode":304,"timestamp":"2026-05-25T15:00:10.676Z"}
{"ip":"::1","level":"info","message":"request_start","method":"GET","requestId":"62b32e03-1c32-45d6-825c-874564623d99","timestamp":"2026-05-25T15:00:10.704Z","url":"/api/products?page=1&limit=50"}
{"durationMs":16,"level":"info","message":"request_end","requestId":"62b32e03-1c32-45d6-825c-874564623d99","statusCode":200,"timestamp":"2026-05-25T15:00:10.720Z"}
{"ip":"::1","level":"info","message":"request_start","method":"GET","requestId":"1d9c83e8-ced9-4f59-a302-f33340e95145","timestamp":"2026-05-25T15:00:10.723Z","url":"/api/products?page=1&limit=50"}
{"durationMs":13,"level":"info","message":"request_end","requestId":"1d9c83e8-ced9-4f59-a302-f33340e95145","statusCode":200,"timestamp":"2026-05-25T15:00:10.736Z"}
{"ip":"::1","level":"info","message":"request_start","method":"POST","requestId":"539f9e61-7074-476d-8c5b-33d540f4c71d","timestamp":"2026-05-25T15:00:23.929Z","url":"/api/users/login"}
{"durationMs":119,"level":"info","message":"request_end","requestId":"539f9e61-7074-476d-8c5b-33d540f4c71d","statusCode":200,"timestamp":"2026-05-25T15:00:24.048Z"}
{"ip":"::1","level":"info","message":"request_start","method":"GET","requestId":"7fa4a402-5c06-4f7b-8884-a4e620ef1aa0","timestamp":"2026-05-25T15:00:24.078Z","url":"/api/cart"}
{"ip":"::1","level":"info","message":"request_start","method":"GET","requestId":"911beb7a-4aa8-48c8-8e19-d1266b50f3be","timestamp":"2026-05-25T15:00:24.083Z","url":"/api/users/me"}
{"durationMs":16,"level":"info","message":"request_end","requestId":"7fa4a402-5c06-4f7b-8884-a4e620ef1aa0","statusCode":200,"timestamp":"2026-05-25T15:00:24.094Z"}
{"durationMs":16,"level":"info","message":"request_end","requestId":"911beb7a-4aa8-48c8-8e19-d1266b50f3be","statusCode":304,"timestamp":"2026-05-25T15:00:24.099Z"}
{"ip":"::1","level":"info","message":"request_start","method":"GET","requestId":"eb0060b9-3cc9-4759-a0cc-fc3089e53de6","timestamp":"2026-05-25T15:02:20.606Z","url":"/api/users/me"}
{"durationMs":10,"level":"info","message":"request_end","requestId":"eb0060b9-3cc9-4759-a0cc-fc3089e53de6","statusCode":304,"timestamp":"2026-05-25T15:02:20.616Z"}
{"ip":"::1","level":"info","message":"request_start","method":"GET","requestId":"12f25428-4863-4b4b-97fe-82dc1138106c","timestamp":"2026-05-25T15:02:20.718Z","url":"/api/cart"}
{"ip":"::1","level":"info","message":"request_start","method":"GET","requestId":"376c9b28-3276-427c-8b8d-238eb4eebb50","timestamp":"2026-05-25T15:02:20.721Z","url":"/api/products?page=1&limit=100"}
{"ip":"::1","level":"info","message":"request_start","method":"GET","requestId":"bc24341d-7615-4ad7-b235-27a5c0707793","timestamp":"2026-05-25T15:02:20.724Z","url":"/api/users/me"}
{"durationMs":23,"level":"info","message":"request_end","requestId":"12f25428-4863-4b4b-97fe-82dc1138106c","statusCode":304,"timestamp":"2026-05-25T15:02:20.741Z"}
{"durationMs":24,"level":"info","message":"request_end","requestId":"bc24341d-7615-4ad7-b235-27a5c0707793","statusCode":304,"timestamp":"2026-05-25T15:02:20.748Z"}
{"durationMs":30,"level":"info","message":"request_end","requestId":"376c9b28-3276-427c-8b8d-238eb4eebb50","statusCode":200,"timestamp":"2026-05-25T15:02:20.751Z"}
{"ip":"::1","level":"info","message":"request_start","method":"GET","requestId":"cad7f5ba-0b73-48e4-a3d0-676331245b9b","timestamp":"2026-05-25T15:50:30.986Z","url":"/api/payments/admin/all?page=1&limit=25"}
{"durationMs":6,"level":"info","message":"request_end","requestId":"cad7f5ba-0b73-48e4-a3d0-676331245b9b","statusCode":401,"timestamp":"2026-05-25T15:50:30.992Z"}
{"ip":"::1","level":"info","message":"request_start","method":"GET","requestId":"6c249795-5e1f-4cc6-b113-6980f185da43","timestamp":"2026-05-25T15:50:30.994Z","url":"/api/payments/admin/all?page=1&limit=25"}
{"durationMs":1,"level":"info","message":"request_end","requestId":"6c249795-5e1f-4cc6-b113-6980f185da43","statusCode":401,"timestamp":"2026-05-25T15:50:30.995Z"}
{"ip":"::1","level":"info","message":"request_start","method":"GET","requestId":"faecd6ae-9f4a-41d4-b0fd-bcc0d4593e84","timestamp":"2026-05-25T15:50:30.996Z","url":"/api/payments/admin/stats"}
{"durationMs":1,"level":"info","message":"request_end","requestId":"faecd6ae-9f4a-41d4-b0fd-bcc0d4593e84","statusCode":401,"timestamp":"2026-05-25T15:50:30.997Z"}
{"ip":"::1","level":"info","message":"request_start","method":"GET","requestId":"c37703b2-6d8d-4dde-a7e7-b9c8f37d6339","timestamp":"2026-05-25T15:50:31.000Z","url":"/api/users/csrf"}
{"durationMs":7,"level":"info","message":"request_end","requestId":"c37703b2-6d8d-4dde-a7e7-b9c8f37d6339","statusCode":200,"timestamp":"2026-05-25T15:50:31.007Z"}
{"ip":"::1","level":"info","message":"request_start","method":"GET","requestId":"0651fedf-ef45-48f3-b685-24831a068b33","timestamp":"2026-05-25T15:50:31.008Z","url":"/api/payments/admin/stats"}
{"durationMs":3,"level":"info","message":"request_end","requestId":"0651fedf-ef45-48f3-b685-24831a068b33","statusCode":401,"timestamp":"2026-05-25T15:50:31.011Z"}
{"ip":"::1","level":"info","message":"request_start","method":"GET","requestId":"d3b004c0-8a3b-46fb-82f9-0bb73ad48f80","timestamp":"2026-05-25T15:50:31.013Z","url":"/api/users/csrf"}
{"durationMs":2,"level":"info","message":"request_end","requestId":"d3b004c0-8a3b-46fb-82f9-0bb73ad48f80","statusCode":200,"timestamp":"2026-05-25T15:50:31.015Z"}
{"ip":"::1","level":"info","message":"request_start","method":"GET","requestId":"147d8e71-6015-43c5-999c-827173350b17","timestamp":"2026-05-25T15:50:31.018Z","url":"/api/users/csrf"}
{"durationMs":3,"level":"info","message":"request_end","requestId":"147d8e71-6015-43c5-999c-827173350b17","statusCode":200,"timestamp":"2026-05-25T15:50:31.020Z"}
{"ip":"::1","level":"info","message":"request_start","method":"POST","requestId":"571c3a62-6081-4dd6-8c19-9b02cf24b477","timestamp":"2026-05-25T15:50:31.021Z","url":"/api/users/refresh"}
{"durationMs":4,"level":"info","message":"request_end","requestId":"571c3a62-6081-4dd6-8c19-9b02cf24b477","statusCode":403,"timestamp":"2026-05-25T15:50:31.025Z"}
{"ip":"::1","level":"info","message":"request_start","method":"GET","requestId":"baa2ec12-3a6e-4824-bc2e-70095273f216","timestamp":"2026-05-25T15:50:31.027Z","url":"/api/users/csrf"}
{"durationMs":1,"level":"info","message":"request_end","requestId":"baa2ec12-3a6e-4824-bc2e-70095273f216","statusCode":200,"timestamp":"2026-05-25T15:50:31.028Z"}
{"ip":"::1","level":"info","message":"request_start","method":"POST","requestId":"42e139f4-0127-45bc-8baf-18bf993bbae7","timestamp":"2026-05-25T15:50:31.029Z","url":"/api/users/refresh"}
{"durationMs":2,"level":"info","message":"request_end","requestId":"42e139f4-0127-45bc-8baf-18bf993bbae7","statusCode":403,"timestamp":"2026-05-25T15:50:31.032Z"}
{"ip":"::1","level":"info","message":"request_start","method":"POST","requestId":"dd4219a3-1ff0-497a-b6d7-0bc6367ed785","timestamp":"2026-05-25T15:50:31.033Z","url":"/api/users/refresh"}
{"ip":"::1","level":"info","message":"request_start","method":"POST","requestId":"78a7818f-89d7-4558-8da0-ab8d14fdb58a","timestamp":"2026-05-25T15:50:31.040Z","url":"/api/users/refresh"}
{"durationMs":45,"level":"info","message":"request_end","requestId":"dd4219a3-1ff0-497a-b6d7-0bc6367ed785","statusCode":200,"timestamp":"2026-05-25T15:50:31.077Z"}
{"durationMs":40,"level":"info","message":"request_end","requestId":"78a7818f-89d7-4558-8da0-ab8d14fdb58a","statusCode":200,"timestamp":"2026-05-25T15:50:31.080Z"}
{"ip":"::1","level":"info","message":"request_start","method":"GET","requestId":"67bee3af-d5ce-4aaa-b8e5-a5665cd541a1","timestamp":"2026-05-25T15:50:31.081Z","url":"/api/payments/admin/stats"}
{"durationMs":26,"level":"info","message":"request_end","requestId":"67bee3af-d5ce-4aaa-b8e5-a5665cd541a1","statusCode":200,"timestamp":"2026-05-25T15:50:31.107Z"}
{"ip":"::1","level":"info","message":"request_start","method":"GET","requestId":"1575711c-0164-4d4e-9742-5d7c8809e8d4","timestamp":"2026-05-25T15:50:31.108Z","url":"/api/payments/admin/stats"}
{"durationMs":14,"level":"info","message":"request_end","requestId":"1575711c-0164-4d4e-9742-5d7c8809e8d4","statusCode":304,"timestamp":"2026-05-25T15:50:31.122Z"}
{"ip":"::1","level":"info","message":"request_start","method":"GET","requestId":"0a55bfbc-3f55-4bf4-8a54-3673ee669fe8","timestamp":"2026-05-25T15:50:32.843Z","url":"/api/payments/admin/all?page=1&limit=25"}
{"ip":"::1","level":"info","message":"request_start","method":"GET","requestId":"61300627-9c48-494e-8388-4d567718cb52","timestamp":"2026-05-25T15:50:32.845Z","url":"/api/payments/admin/stats"}
{"durationMs":12,"level":"info","message":"request_end","requestId":"0a55bfbc-3f55-4bf4-8a54-3673ee669fe8","statusCode":200,"timestamp":"2026-05-25T15:50:32.855Z"}
{"durationMs":18,"level":"info","message":"request_end","requestId":"61300627-9c48-494e-8388-4d567718cb52","statusCode":304,"timestamp":"2026-05-25T15:50:32.863Z"}
{"ip":"::1","level":"info","message":"request_start","method":"GET","requestId":"782012f6-a8a8-4a55-a845-8d55b1fcb32d","timestamp":"2026-05-25T15:50:40.166Z","url":"/api/payments/admin/all?page=1&limit=25"}
{"ip":"::1","level":"info","message":"request_start","method":"GET","requestId":"c17dd65a-6fcd-434b-b944-eb51af881107","timestamp":"2026-05-25T15:50:40.168Z","url":"/api/payments/admin/stats"}
{"durationMs":9,"level":"info","message":"request_end","requestId":"782012f6-a8a8-4a55-a845-8d55b1fcb32d","statusCode":304,"timestamp":"2026-05-25T15:50:40.175Z"}
{"durationMs":16,"level":"info","message":"request_end","requestId":"c17dd65a-6fcd-434b-b944-eb51af881107","statusCode":304,"timestamp":"2026-05-25T15:50:40.184Z"}
{"ip":"::1","level":"info","message":"request_start","method":"GET","requestId":"673ce45b-f720-49be-a76b-cc2d2da1fc47","timestamp":"2026-05-25T15:50:54.583Z","url":"/api/orders/admin/all?page=1&limit=25"}
{"durationMs":29,"level":"info","message":"request_end","requestId":"673ce45b-f720-49be-a76b-cc2d2da1fc47","statusCode":200,"timestamp":"2026-05-25T15:50:54.612Z"}
{"ip":"::1","level":"info","message":"request_start","method":"GET","requestId":"9be3b995-fb64-4909-ad83-a98c60a54c44","timestamp":"2026-05-25T15:50:54.614Z","url":"/api/orders/admin/all?page=1&limit=25"}
{"ip":"::1","level":"info","message":"request_start","method":"GET","requestId":"0dd9974c-d2ff-4e96-aea8-a4c228dadc74","timestamp":"2026-05-25T15:50:54.619Z","url":"/api/orders/admin/stats"}
{"durationMs":17,"level":"info","message":"request_end","requestId":"9be3b995-fb64-4909-ad83-a98c60a54c44","statusCode":304,"timestamp":"2026-05-25T15:50:54.631Z"}
{"durationMs":30,"level":"info","message":"request_end","requestId":"0dd9974c-d2ff-4e96-aea8-a4c228dadc74","statusCode":200,"timestamp":"2026-05-25T15:50:54.649Z"}
{"ip":"::1","level":"info","message":"request_start","method":"GET","requestId":"4bc3b537-44a1-4a99-a2d9-8e03ee947e26","timestamp":"2026-05-25T15:50:54.651Z","url":"/api/orders/admin/stats"}
{"durationMs":21,"level":"info","message":"request_end","requestId":"4bc3b537-44a1-4a99-a2d9-8e03ee947e26","statusCode":304,"timestamp":"2026-05-25T15:50:54.672Z"}
{"ip":"::1","level":"info","message":"request_start","method":"GET","requestId":"f5750bd3-8ae9-4b88-850a-eb2589159050","timestamp":"2026-05-25T15:50:58.564Z","url":"/api/orders/admin/all?page=1&limit=25"}
{"durationMs":13,"level":"info","message":"request_end","requestId":"f5750bd3-8ae9-4b88-850a-eb2589159050","statusCode":304,"timestamp":"2026-05-25T15:50:58.577Z"}
{"ip":"::1","level":"info","message":"request_start","method":"GET","requestId":"3b5e4b64-f427-4a49-9330-6093fa7640a3","timestamp":"2026-05-25T15:50:58.579Z","url":"/api/orders/admin/all?page=1&limit=25"}
{"ip":"::1","level":"info","message":"request_start","method":"GET","requestId":"4e0a4b44-a5ea-4fac-97b5-268185bb112a","timestamp":"2026-05-25T15:50:58.582Z","url":"/api/orders/admin/stats"}
{"durationMs":15,"level":"info","message":"request_end","requestId":"3b5e4b64-f427-4a49-9330-6093fa7640a3","statusCode":304,"timestamp":"2026-05-25T15:50:58.594Z"}
{"durationMs":22,"level":"info","message":"request_end","requestId":"4e0a4b44-a5ea-4fac-97b5-268185bb112a","statusCode":304,"timestamp":"2026-05-25T15:50:58.604Z"}
{"ip":"::1","level":"info","message":"request_start","method":"GET","requestId":"518ecb19-3fac-4eca-ae0f-a43f9e74cf02","timestamp":"2026-05-25T15:50:58.605Z","url":"/api/orders/admin/stats"}
{"durationMs":22,"level":"info","message":"request_end","requestId":"518ecb19-3fac-4eca-ae0f-a43f9e74cf02","statusCode":304,"timestamp":"2026-05-25T15:50:58.627Z"}
{"ip":"::1","level":"info","message":"request_start","method":"GET","requestId":"64b20cbb-0eaf-4f5d-bee4-b3cbe23a0966","timestamp":"2026-05-25T15:51:01.471Z","url":"/api/users/me"}
{"durationMs":13,"level":"info","message":"request_end","requestId":"64b20cbb-0eaf-4f5d-bee4-b3cbe23a0966","statusCode":304,"timestamp":"2026-05-25T15:51:01.484Z"}
{"ip":"::1","level":"info","message":"request_start","method":"GET","requestId":"f9dca982-07be-40ac-91c7-cdfa08ff9b13","timestamp":"2026-05-25T15:51:01.575Z","url":"/api/products?page=1&limit=100"}
{"ip":"::1","level":"info","message":"request_start","method":"GET","requestId":"4330869a-344e-48dc-8d87-93c1b5d785ba","timestamp":"2026-05-25T15:51:01.579Z","url":"/api/cart"}
{"ip":"::1","level":"info","message":"request_start","method":"GET","requestId":"84d72d16-8ca5-44bd-a1fd-0adc66528a34","timestamp":"2026-05-25T15:51:01.583Z","url":"/api/users/me"}
{"durationMs":18,"level":"info","message":"request_end","requestId":"4330869a-344e-48dc-8d87-93c1b5d785ba","statusCode":304,"timestamp":"2026-05-25T15:51:01.598Z"}
{"durationMs":17,"level":"info","message":"request_end","requestId":"84d72d16-8ca5-44bd-a1fd-0adc66528a34","statusCode":304,"timestamp":"2026-05-25T15:51:01.600Z"}
{"durationMs":28,"level":"info","message":"request_end","requestId":"f9dca982-07be-40ac-91c7-cdfa08ff9b13","statusCode":200,"timestamp":"2026-05-25T15:51:01.603Z"}
{"ip":"::1","level":"info","message":"request_start","method":"GET","requestId":"2bee5efb-092d-4a4f-ae41-9a77ebcc7071","timestamp":"2026-05-25T15:51:03.657Z","url":"/api/orders/admin/all?page=1&limit=25"}
{"durationMs":30,"level":"info","message":"request_end","requestId":"2bee5efb-092d-4a4f-ae41-9a77ebcc7071","statusCode":304,"timestamp":"2026-05-25T15:51:03.687Z"}
{"ip":"::1","level":"info","message":"request_start","method":"GET","requestId":"9bb2964b-769b-4238-a8cf-8a88a65daf1d","timestamp":"2026-05-25T15:51:03.690Z","url":"/api/orders/admin/all?page=1&limit=25"}
{"ip":"::1","level":"info","message":"request_start","method":"GET","requestId":"b7238d45-3751-4bd6-9038-c142689ecade","timestamp":"2026-05-25T15:51:03.697Z","url":"/api/orders/admin/stats"}
{"durationMs":28,"level":"info","message":"request_end","requestId":"9bb2964b-769b-4238-a8cf-8a88a65daf1d","statusCode":304,"timestamp":"2026-05-25T15:51:03.718Z"}
{"durationMs":35,"level":"info","message":"request_end","requestId":"b7238d45-3751-4bd6-9038-c142689ecade","statusCode":304,"timestamp":"2026-05-25T15:51:03.732Z"}
{"ip":"::1","level":"info","message":"request_start","method":"GET","requestId":"f378b2d7-a02d-499b-83c9-2fd7ad488d04","timestamp":"2026-05-25T15:51:03.734Z","url":"/api/orders/admin/stats"}
{"durationMs":22,"level":"info","message":"request_end","requestId":"f378b2d7-a02d-499b-83c9-2fd7ad488d04","statusCode":304,"timestamp":"2026-05-25T15:51:03.756Z"}
{"ip":"::1","level":"info","message":"request_start","method":"GET","requestId":"3f6aec10-3b8c-4077-a026-cfff7b5e44ba","timestamp":"2026-05-25T15:51:07.683Z","url":"/api/payments/admin/all?page=1&limit=25"}
{"ip":"::1","level":"info","message":"request_start","method":"GET","requestId":"087bf462-143e-4463-9587-f681d62c553c","timestamp":"2026-05-25T15:51:07.685Z","url":"/api/payments/admin/stats"}
{"durationMs":10,"level":"info","message":"request_end","requestId":"3f6aec10-3b8c-4077-a026-cfff7b5e44ba","statusCode":304,"timestamp":"2026-05-25T15:51:07.693Z"}
{"ip":"::1","level":"info","message":"request_start","method":"GET","requestId":"a2622d68-e705-42dd-aa2b-5afa5db36893","timestamp":"2026-05-25T15:51:07.696Z","url":"/api/payments/admin/all?page=1&limit=25"}
{"durationMs":19,"level":"info","message":"request_end","requestId":"087bf462-143e-4463-9587-f681d62c553c","statusCode":304,"timestamp":"2026-05-25T15:51:07.704Z"}
{"durationMs":9,"level":"info","message":"request_end","requestId":"a2622d68-e705-42dd-aa2b-5afa5db36893","statusCode":304,"timestamp":"2026-05-25T15:51:07.705Z"}
{"ip":"::1","level":"info","message":"request_start","method":"GET","requestId":"dbf2ce53-a2b9-4490-b89e-c4d2563401e0","timestamp":"2026-05-25T15:51:07.707Z","url":"/api/payments/admin/stats"}
{"durationMs":16,"level":"info","message":"request_end","requestId":"dbf2ce53-a2b9-4490-b89e-c4d2563401e0","statusCode":304,"timestamp":"2026-05-25T15:51:07.722Z"}
{"ip":"::1","level":"info","message":"request_start","method":"GET","requestId":"85030196-d887-46b6-bd15-60c94c9adbd8","timestamp":"2026-05-25T15:53:49.779Z","url":"/api/users/me"}
{"durationMs":15,"level":"info","message":"request_end","requestId":"85030196-d887-46b6-bd15-60c94c9adbd8","statusCode":304,"timestamp":"2026-05-25T15:53:49.794Z"}
{"ip":"::1","level":"info","message":"request_start","method":"GET","requestId":"29f042bf-1d89-492a-8247-2f1fe804867f","timestamp":"2026-05-25T15:53:52.598Z","url":"/api/users/me"}
{"durationMs":11,"level":"info","message":"request_end","requestId":"29f042bf-1d89-492a-8247-2f1fe804867f","statusCode":304,"timestamp":"2026-05-25T15:53:52.609Z"}
{"ip":"::1","level":"info","message":"request_start","method":"GET","requestId":"1397aedc-4e70-400d-af29-dfb93a3f1514","timestamp":"2026-05-25T15:54:16.930Z","url":"/api/users/me"}
{"durationMs":8,"level":"info","message":"request_end","requestId":"1397aedc-4e70-400d-af29-dfb93a3f1514","statusCode":304,"timestamp":"2026-05-25T15:54:16.938Z"}
{"ip":"::1","level":"info","message":"request_start","method":"GET","requestId":"3582e865-c886-458d-9bb4-b010b56f9b8d","timestamp":"2026-05-25T15:54:31.617Z","url":"/api/users/me"}
{"durationMs":88,"level":"info","message":"request_end","requestId":"3582e865-c886-458d-9bb4-b010b56f9b8d","statusCode":304,"timestamp":"2026-05-25T15:54:31.703Z"}
{"ip":"::1","level":"info","message":"request_start","method":"GET","requestId":"8570d04f-c0d9-4a10-9c4c-5357e7b9d7c9","timestamp":"2026-05-25T15:54:33.185Z","url":"/api/users/me"}
{"durationMs":38,"level":"info","message":"request_end","requestId":"8570d04f-c0d9-4a10-9c4c-5357e7b9d7c9","statusCode":304,"timestamp":"2026-05-25T15:54:33.222Z"}
{"ip":"::1","level":"info","message":"request_start","method":"GET","requestId":"9850884e-8a68-4398-9347-d4f14d9edea0","timestamp":"2026-05-25T15:57:22.042Z","url":"/api/users/me"}
{"durationMs":12,"level":"info","message":"request_end","requestId":"9850884e-8a68-4398-9347-d4f14d9edea0","statusCode":304,"timestamp":"2026-05-25T15:57:22.054Z"}
{"ip":"::1","level":"info","message":"request_start","method":"GET","requestId":"ed96bfa3-3e46-4ad0-a263-5def6e15a71e","timestamp":"2026-05-25T15:57:58.995Z","url":"/api/users/me"}
{"durationMs":19,"level":"info","message":"request_end","requestId":"ed96bfa3-3e46-4ad0-a263-5def6e15a71e","statusCode":304,"timestamp":"2026-05-25T15:57:59.014Z"}
{"ip":"::1","level":"info","message":"request_start","method":"GET","requestId":"35f3e106-70ad-49ea-9195-10d0661b2ac0","timestamp":"2026-05-25T15:58:01.634Z","url":"/api/users/me"}
{"durationMs":14,"level":"info","message":"request_end","requestId":"35f3e106-70ad-49ea-9195-10d0661b2ac0","statusCode":304,"timestamp":"2026-05-25T15:58:01.648Z"}
{"ip":"::1","level":"info","message":"request_start","method":"GET","requestId":"993018f2-7682-403a-8200-4106ddb20c2b","timestamp":"2026-05-25T15:58:02.769Z","url":"/api/users/me"}
{"durationMs":16,"level":"info","message":"request_end","requestId":"993018f2-7682-403a-8200-4106ddb20c2b","statusCode":304,"timestamp":"2026-05-25T15:58:02.784Z"}
{"ip":"::1","level":"info","message":"request_start","method":"GET","requestId":"04d8572c-d783-4509-90e6-362b49ed7d4f","timestamp":"2026-05-25T15:58:53.069Z","url":"/api/users/me"}
{"durationMs":52,"level":"info","message":"request_end","requestId":"04d8572c-d783-4509-90e6-362b49ed7d4f","statusCode":304,"timestamp":"2026-05-25T15:58:53.120Z"}
{"ip":"::1","level":"info","message":"request_start","method":"GET","requestId":"be958953-06bd-41df-ac5d-e7f427f8fb43","timestamp":"2026-05-25T15:59:03.057Z","url":"/api/users/me"}
{"durationMs":25,"level":"info","message":"request_end","requestId":"be958953-06bd-41df-ac5d-e7f427f8fb43","statusCode":304,"timestamp":"2026-05-25T15:59:03.081Z"}
{"ip":"::1","level":"info","message":"request_start","method":"GET","requestId":"560cb9cb-23cd-4184-b1ae-be1c3de56ea9","timestamp":"2026-05-25T15:59:09.503Z","url":"/api/users/me"}
{"durationMs":17,"level":"info","message":"request_end","requestId":"560cb9cb-23cd-4184-b1ae-be1c3de56ea9","statusCode":304,"timestamp":"2026-05-25T15:59:09.520Z"}
{"ip":"::1","level":"info","message":"request_start","method":"GET","requestId":"53248789-35f7-460e-9e7c-0711df8c8cd8","timestamp":"2026-05-25T16:00:34.339Z","url":"/api/products?page=1&limit=100"}
{"ip":"::1","level":"info","message":"request_start","method":"GET","requestId":"44e80d2e-f849-4b8f-8506-343c1847eb8c","timestamp":"2026-05-25T16:00:34.373Z","url":"/api/users/me"}
{"durationMs":4,"level":"info","message":"request_end","requestId":"44e80d2e-f849-4b8f-8506-343c1847eb8c","statusCode":401,"timestamp":"2026-05-25T16:00:34.376Z"}
{"durationMs":52,"level":"info","message":"request_end","requestId":"53248789-35f7-460e-9e7c-0711df8c8cd8","statusCode":200,"timestamp":"2026-05-25T16:00:34.391Z"}
{"ip":"::1","level":"info","message":"request_start","method":"GET","requestId":"0b5f29bd-a65f-4c74-8af9-7f32b0cca2de","timestamp":"2026-05-25T16:00:34.437Z","url":"/api/users/csrf"}
{"durationMs":6,"level":"info","message":"request_end","requestId":"0b5f29bd-a65f-4c74-8af9-7f32b0cca2de","statusCode":200,"timestamp":"2026-05-25T16:00:34.443Z"}
{"ip":"::1","level":"info","message":"request_start","method":"POST","requestId":"b55a279c-8c0e-46ba-940d-b1aaca218f35","timestamp":"2026-05-25T16:00:34.861Z","url":"/api/users/refresh"}
{"durationMs":88,"level":"info","message":"request_end","requestId":"b55a279c-8c0e-46ba-940d-b1aaca218f35","statusCode":200,"timestamp":"2026-05-25T16:00:34.949Z"}
{"ip":"::1","level":"info","message":"request_start","method":"GET","requestId":"c4730713-6984-4ec9-b381-748150a78c31","timestamp":"2026-05-25T16:00:34.962Z","url":"/api/users/me"}
{"durationMs":17,"level":"info","message":"request_end","requestId":"c4730713-6984-4ec9-b381-748150a78c31","statusCode":304,"timestamp":"2026-05-25T16:00:34.980Z"}
{"ip":"::1","level":"info","message":"request_start","method":"GET","requestId":"8b6c0e2c-a8a7-4803-9814-14cc54b4f695","timestamp":"2026-05-25T16:00:35.097Z","url":"/api/cart"}
{"ip":"::1","level":"info","message":"request_start","method":"GET","requestId":"8e4b68e6-0e9b-4986-85c5-eb0550d2616e","timestamp":"2026-05-25T16:00:35.106Z","url":"/api/users/me"}
{"durationMs":16,"level":"info","message":"request_end","requestId":"8b6c0e2c-a8a7-4803-9814-14cc54b4f695","statusCode":304,"timestamp":"2026-05-25T16:00:35.112Z"}
{"durationMs":14,"level":"info","message":"request_end","requestId":"8e4b68e6-0e9b-4986-85c5-eb0550d2616e","statusCode":304,"timestamp":"2026-05-25T16:00:35.120Z"}
{"ip":"::1","level":"info","message":"request_start","method":"GET","requestId":"7b2f29ab-a861-44c4-9a1e-3ca26d544ee9","timestamp":"2026-05-25T16:35:22.765Z","url":"/api/products?page=1&limit=100"}
{"ip":"::1","level":"info","message":"request_start","method":"GET","requestId":"e3562d81-a0a2-44e2-8d9b-e8502365bca8","timestamp":"2026-05-25T16:35:22.785Z","url":"/api/users/me"}
{"durationMs":3,"level":"info","message":"request_end","requestId":"e3562d81-a0a2-44e2-8d9b-e8502365bca8","statusCode":401,"timestamp":"2026-05-25T16:35:22.787Z"}
{"durationMs":56,"level":"info","message":"request_end","requestId":"7b2f29ab-a861-44c4-9a1e-3ca26d544ee9","statusCode":200,"timestamp":"2026-05-25T16:35:22.821Z"}
{"ip":"::1","level":"info","message":"request_start","method":"GET","requestId":"87177459-64d5-4306-a991-d8a37406a9ae","timestamp":"2026-05-25T16:35:22.855Z","url":"/api/users/csrf"}
{"durationMs":3,"level":"info","message":"request_end","requestId":"87177459-64d5-4306-a991-d8a37406a9ae","statusCode":200,"timestamp":"2026-05-25T16:35:22.858Z"}
{"ip":"::1","level":"info","message":"request_start","method":"POST","requestId":"5161b823-904a-49e7-ad5c-6e689ad7ea3d","timestamp":"2026-05-25T16:35:22.904Z","url":"/api/users/refresh"}
{"durationMs":24,"level":"info","message":"request_end","requestId":"5161b823-904a-49e7-ad5c-6e689ad7ea3d","statusCode":200,"timestamp":"2026-05-25T16:35:22.928Z"}
{"ip":"::1","level":"info","message":"request_start","method":"GET","requestId":"95fed5d6-7dda-4aa7-8e1a-faf917740645","timestamp":"2026-05-25T16:35:22.940Z","url":"/api/users/me"}
{"durationMs":11,"level":"info","message":"request_end","requestId":"95fed5d6-7dda-4aa7-8e1a-faf917740645","statusCode":304,"timestamp":"2026-05-25T16:35:22.951Z"}
{"ip":"::1","level":"info","message":"request_start","method":"GET","requestId":"9ce7cd56-e499-4eee-904a-9fe989bc2d1e","timestamp":"2026-05-25T16:35:22.976Z","url":"/api/cart"}
{"ip":"::1","level":"info","message":"request_start","method":"GET","requestId":"f2f304a9-0df5-4ac5-942d-47e1ea113211","timestamp":"2026-05-25T16:35:22.981Z","url":"/api/users/me"}
{"durationMs":15,"level":"info","message":"request_end","requestId":"9ce7cd56-e499-4eee-904a-9fe989bc2d1e","statusCode":304,"timestamp":"2026-05-25T16:35:22.991Z"}
{"durationMs":13,"level":"info","message":"request_end","requestId":"f2f304a9-0df5-4ac5-942d-47e1ea113211","statusCode":304,"timestamp":"2026-05-25T16:35:22.994Z"}
{"ip":"::1","level":"info","message":"request_start","method":"GET","requestId":"ce0d3451-27cf-4e6b-8085-4bf26d0fa40c","timestamp":"2026-05-25T16:35:36.872Z","url":"/api/payments/admin/all?page=1&limit=25"}
{"ip":"::1","level":"info","message":"request_start","method":"GET","requestId":"d8d0fd70-2a73-4bfe-bf75-8916e0cb03bc","timestamp":"2026-05-25T16:35:36.876Z","url":"/api/payments/admin/stats"}
{"durationMs":25,"level":"info","message":"request_end","requestId":"ce0d3451-27cf-4e6b-8085-4bf26d0fa40c","statusCode":304,"timestamp":"2026-05-25T16:35:36.897Z"}
{"ip":"::1","level":"info","message":"request_start","method":"GET","requestId":"1db8a7cb-d9ea-4eba-a8eb-76fa1e088c42","timestamp":"2026-05-25T16:35:36.906Z","url":"/api/payments/admin/all?page=1&limit=25"}
{"durationMs":47,"level":"info","message":"request_end","requestId":"d8d0fd70-2a73-4bfe-bf75-8916e0cb03bc","statusCode":304,"timestamp":"2026-05-25T16:35:36.923Z"}
{"durationMs":21,"level":"info","message":"request_end","requestId":"1db8a7cb-d9ea-4eba-a8eb-76fa1e088c42","statusCode":304,"timestamp":"2026-05-25T16:35:36.927Z"}
{"ip":"::1","level":"info","message":"request_start","method":"GET","requestId":"b0826d02-6702-4959-8a36-46d53786ce89","timestamp":"2026-05-25T16:35:36.929Z","url":"/api/payments/admin/stats"}
{"durationMs":34,"level":"info","message":"request_end","requestId":"b0826d02-6702-4959-8a36-46d53786ce89","statusCode":304,"timestamp":"2026-05-25T16:35:36.963Z"}
{"ip":"::1","level":"info","message":"request_start","method":"GET","requestId":"28263988-6170-4a5b-a2ae-16a96d70ea11","timestamp":"2026-05-25T16:36:25.175Z","url":"/api/orders/admin/all?page=1&limit=25"}
{"durationMs":35,"level":"info","message":"request_end","requestId":"28263988-6170-4a5b-a2ae-16a96d70ea11","statusCode":304,"timestamp":"2026-05-25T16:36:25.210Z"}
{"ip":"::1","level":"info","message":"request_start","method":"GET","requestId":"7658ca57-aca9-42ab-900f-a63aea2babf4","timestamp":"2026-05-25T16:36:25.214Z","url":"/api/orders/admin/all?page=1&limit=25"}
{"ip":"::1","level":"info","message":"request_start","method":"GET","requestId":"f14c38c5-0f4e-4944-a8f8-1e86e8fddcf4","timestamp":"2026-05-25T16:36:25.224Z","url":"/api/orders/admin/stats"}
{"durationMs":29,"level":"info","message":"request_end","requestId":"7658ca57-aca9-42ab-900f-a63aea2babf4","statusCode":304,"timestamp":"2026-05-25T16:36:25.243Z"}
{"durationMs":40,"level":"info","message":"request_end","requestId":"f14c38c5-0f4e-4944-a8f8-1e86e8fddcf4","statusCode":304,"timestamp":"2026-05-25T16:36:25.264Z"}
{"ip":"::1","level":"info","message":"request_start","method":"GET","requestId":"8dfc5345-ab42-4d5d-b55e-8475802fb776","timestamp":"2026-05-25T16:36:25.268Z","url":"/api/orders/admin/stats"}
{"durationMs":34,"level":"info","message":"request_end","requestId":"8dfc5345-ab42-4d5d-b55e-8475802fb776","statusCode":304,"timestamp":"2026-05-25T16:36:25.302Z"}
{"ip":"::1","level":"info","message":"request_start","method":"GET","requestId":"021ca064-b0f6-4968-96f7-c089f17ffbb3","timestamp":"2026-05-25T16:36:28.928Z","url":"/api/orders/admin/all?page=1&limit=25"}
{"durationMs":19,"level":"info","message":"request_end","requestId":"021ca064-b0f6-4968-96f7-c089f17ffbb3","statusCode":304,"timestamp":"2026-05-25T16:36:28.947Z"}
{"ip":"::1","level":"info","message":"request_start","method":"GET","requestId":"b7aae6ea-7d66-443b-b31d-373186de7601","timestamp":"2026-05-25T16:36:28.956Z","url":"/api/orders/admin/stats"}
{"durationMs":27,"level":"info","message":"request_end","requestId":"b7aae6ea-7d66-443b-b31d-373186de7601","statusCode":304,"timestamp":"2026-05-25T16:36:28.983Z"}
{"ip":"::1","level":"info","message":"request_start","method":"GET","requestId":"768a0f9c-ffcb-4002-8acc-486f9ce5aeb3","timestamp":"2026-05-25T16:37:02.526Z","url":"/api/orders/admin/all?page=1&limit=25"}
{"durationMs":30,"level":"info","message":"request_end","requestId":"768a0f9c-ffcb-4002-8acc-486f9ce5aeb3","statusCode":304,"timestamp":"2026-05-25T16:37:02.556Z"}
{"ip":"::1","level":"info","message":"request_start","method":"GET","requestId":"46ef468e-69a3-468e-9b6a-f4f7e15cbe5e","timestamp":"2026-05-25T16:37:02.558Z","url":"/api/orders/admin/all?page=1&limit=25"}
{"ip":"::1","level":"info","message":"request_start","method":"GET","requestId":"8d7a3d8f-646a-4d8c-89a3-ffe654f0a209","timestamp":"2026-05-25T16:37:02.568Z","url":"/api/orders/admin/stats"}
{"durationMs":34,"level":"info","message":"request_end","requestId":"46ef468e-69a3-468e-9b6a-f4f7e15cbe5e","statusCode":304,"timestamp":"2026-05-25T16:37:02.592Z"}
{"durationMs":48,"level":"info","message":"request_end","requestId":"8d7a3d8f-646a-4d8c-89a3-ffe654f0a209","statusCode":304,"timestamp":"2026-05-25T16:37:02.616Z"}
{"ip":"::1","level":"info","message":"request_start","method":"GET","requestId":"da8afa5b-1e60-4102-959a-4cb9134a1376","timestamp":"2026-05-25T16:37:02.619Z","url":"/api/orders/admin/stats"}
{"durationMs":36,"level":"info","message":"request_end","requestId":"da8afa5b-1e60-4102-959a-4cb9134a1376","statusCode":304,"timestamp":"2026-05-25T16:37:02.655Z"}
{"ip":"::1","level":"info","message":"request_start","method":"GET","requestId":"df242256-78cd-45ee-ba66-156d78fb9913","timestamp":"2026-05-25T16:37:31.244Z","url":"/api/orders/admin/all?page=1&limit=25"}
{"durationMs":17,"level":"info","message":"request_end","requestId":"df242256-78cd-45ee-ba66-156d78fb9913","statusCode":304,"timestamp":"2026-05-25T16:37:31.261Z"}
{"ip":"::1","level":"info","message":"request_start","method":"GET","requestId":"76d2a4c5-9112-4d9f-8c23-18281b8bcd62","timestamp":"2026-05-25T16:37:31.272Z","url":"/api/orders/admin/stats"}
{"durationMs":28,"level":"info","message":"request_end","requestId":"76d2a4c5-9112-4d9f-8c23-18281b8bcd62","statusCode":304,"timestamp":"2026-05-25T16:37:31.300Z"}
{"ip":"::1","level":"info","message":"request_start","method":"GET","requestId":"1c97da42-f09f-495c-bdaa-7f932fe67344","timestamp":"2026-05-25T16:37:39.535Z","url":"/api/payments/admin/all?page=1&limit=25"}
{"ip":"::1","level":"info","message":"request_start","method":"GET","requestId":"d025f1d4-677c-4107-86dc-9265f325ccdc","timestamp":"2026-05-25T16:37:39.541Z","url":"/api/payments/admin/stats"}
{"durationMs":25,"level":"info","message":"request_end","requestId":"1c97da42-f09f-495c-bdaa-7f932fe67344","statusCode":304,"timestamp":"2026-05-25T16:37:39.560Z"}
{"ip":"::1","level":"info","message":"request_start","method":"GET","requestId":"4cc78090-d7ce-4c95-a9b2-e95a87b2e3c5","timestamp":"2026-05-25T16:37:39.565Z","url":"/api/payments/admin/all?page=1&limit=25"}
{"durationMs":40,"level":"info","message":"request_end","requestId":"d025f1d4-677c-4107-86dc-9265f325ccdc","statusCode":304,"timestamp":"2026-05-25T16:37:39.581Z"}
{"durationMs":20,"level":"info","message":"request_end","requestId":"4cc78090-d7ce-4c95-a9b2-e95a87b2e3c5","statusCode":304,"timestamp":"2026-05-25T16:37:39.585Z"}
{"ip":"::1","level":"info","message":"request_start","method":"GET","requestId":"823624d3-af02-4785-bcc2-8c4cc56feacf","timestamp":"2026-05-25T16:37:39.590Z","url":"/api/payments/admin/stats"}
{"durationMs":28,"level":"info","message":"request_end","requestId":"823624d3-af02-4785-bcc2-8c4cc56feacf","statusCode":304,"timestamp":"2026-05-25T16:37:39.618Z"}
{"ip":"::1","level":"info","message":"request_start","method":"GET","requestId":"259677ae-572e-476a-8097-cf9c578ef737","timestamp":"2026-05-25T16:57:28.613Z","url":"/api/products/featured?limit=4"}
{"ip":"::1","level":"info","message":"request_start","method":"GET","requestId":"29bc3973-dc8f-4533-b4e9-4f25bd70bbeb","timestamp":"2026-05-25T16:57:28.700Z","url":"/api/users/me"}
{"durationMs":14,"level":"info","message":"request_end","requestId":"29bc3973-dc8f-4533-b4e9-4f25bd70bbeb","statusCode":401,"timestamp":"2026-05-25T16:57:28.714Z"}
{"ip":"::1","level":"info","message":"request_start","method":"GET","requestId":"7304cf8e-760f-48a6-a2ba-eb79d2e25a3a","timestamp":"2026-05-25T16:57:28.738Z","url":"/api/users/csrf"}
{"durationMs":8,"level":"info","message":"request_end","requestId":"7304cf8e-760f-48a6-a2ba-eb79d2e25a3a","statusCode":200,"timestamp":"2026-05-25T16:57:28.746Z"}
{"durationMs":139,"level":"info","message":"request_end","requestId":"259677ae-572e-476a-8097-cf9c578ef737","statusCode":200,"timestamp":"2026-05-25T16:57:28.752Z"}
{"ip":"::1","level":"info","message":"request_start","method":"POST","requestId":"ddc6f72e-cc82-45bd-8c24-e0623ad27a5b","timestamp":"2026-05-25T16:57:28.759Z","url":"/api/users/refresh"}
{"durationMs":5,"level":"info","message":"request_end","requestId":"ddc6f72e-cc82-45bd-8c24-e0623ad27a5b","statusCode":401,"timestamp":"2026-05-25T16:57:28.764Z"}
{"ip":"::1","level":"info","message":"request_start","method":"GET","requestId":"f1192fec-d77f-4700-9433-bf2174dfae6f","timestamp":"2026-05-25T16:58:20.513Z","url":"/api/categories"}
{"durationMs":13,"level":"info","message":"request_end","requestId":"f1192fec-d77f-4700-9433-bf2174dfae6f","statusCode":200,"timestamp":"2026-05-25T16:58:20.526Z"}
{"ip":"::1","level":"info","message":"request_start","method":"GET","requestId":"322b0df8-537e-4426-b720-0488b478e427","timestamp":"2026-05-25T16:58:20.533Z","url":"/api/categories"}
{"durationMs":10,"level":"info","message":"request_end","requestId":"322b0df8-537e-4426-b720-0488b478e427","statusCode":304,"timestamp":"2026-05-25T16:58:20.542Z"}
{"ip":"::1","level":"info","message":"request_start","method":"GET","requestId":"6850697e-97e2-4bab-8b44-ff9672c96a25","timestamp":"2026-05-25T16:58:20.639Z","url":"/api/products?page=1&limit=50"}
{"durationMs":22,"level":"info","message":"request_end","requestId":"6850697e-97e2-4bab-8b44-ff9672c96a25","statusCode":200,"timestamp":"2026-05-25T16:58:20.660Z"}
{"ip":"::1","level":"info","message":"request_start","method":"GET","requestId":"4043adfa-e8aa-4db8-8a0b-9dfec75d7134","timestamp":"2026-05-25T16:58:20.664Z","url":"/api/products?page=1&limit=50"}
{"durationMs":28,"level":"info","message":"request_end","requestId":"4043adfa-e8aa-4db8-8a0b-9dfec75d7134","statusCode":200,"timestamp":"2026-05-25T16:58:20.692Z"}
{"ip":"::1","level":"info","message":"request_start","method":"GET","requestId":"be1e4f01-6bd2-4524-ab98-9c38e001dad5","timestamp":"2026-05-25T16:58:30.230Z","url":"/api/categories"}
{"durationMs":11,"level":"info","message":"request_end","requestId":"be1e4f01-6bd2-4524-ab98-9c38e001dad5","statusCode":304,"timestamp":"2026-05-25T16:58:30.241Z"}
{"ip":"::1","level":"info","message":"request_start","method":"GET","requestId":"3cd0adb2-bf51-4043-94f0-ffce1f562e92","timestamp":"2026-05-25T16:58:30.247Z","url":"/api/categories"}
{"durationMs":13,"level":"info","message":"request_end","requestId":"3cd0adb2-bf51-4043-94f0-ffce1f562e92","statusCode":304,"timestamp":"2026-05-25T16:58:30.260Z"}
{"ip":"::1","level":"info","message":"request_start","method":"GET","requestId":"aec924ce-6043-405b-a663-b4eb8c04dadc","timestamp":"2026-05-25T16:58:30.301Z","url":"/api/products?page=1&limit=50"}
{"durationMs":21,"level":"info","message":"request_end","requestId":"aec924ce-6043-405b-a663-b4eb8c04dadc","statusCode":200,"timestamp":"2026-05-25T16:58:30.322Z"}
{"ip":"::1","level":"info","message":"request_start","method":"GET","requestId":"7a57d1ca-e7b5-4beb-b265-a39249f2596f","timestamp":"2026-05-25T16:58:30.326Z","url":"/api/products?page=1&limit=50"}
{"durationMs":23,"level":"info","message":"request_end","requestId":"7a57d1ca-e7b5-4beb-b265-a39249f2596f","statusCode":200,"timestamp":"2026-05-25T16:58:30.349Z"}
{"ip":"::1","level":"info","message":"request_start","method":"GET","requestId":"4ee47876-6192-43ab-9b40-f6f5a1f7068f","timestamp":"2026-05-25T16:58:32.606Z","url":"/api/products/featured?limit=4"}
{"durationMs":32,"level":"info","message":"request_end","requestId":"4ee47876-6192-43ab-9b40-f6f5a1f7068f","statusCode":200,"timestamp":"2026-05-25T16:58:32.638Z"}
{"ip":"::1","level":"info","message":"request_start","method":"GET","requestId":"1c4803ad-703e-4d00-8a97-101ce30538ce","timestamp":"2026-05-25T16:58:32.648Z","url":"/api/products/featured?limit=4"}
{"durationMs":16,"level":"info","message":"request_end","requestId":"1c4803ad-703e-4d00-8a97-101ce30538ce","statusCode":200,"timestamp":"2026-05-25T16:58:32.664Z"}
{"ip":"::1","level":"info","message":"request_start","method":"POST","requestId":"41d80236-14c1-4ce7-9c8f-4941b701a124","timestamp":"2026-05-25T16:58:42.084Z","url":"/api/users/login"}
{"durationMs":102,"level":"info","message":"request_end","requestId":"41d80236-14c1-4ce7-9c8f-4941b701a124","statusCode":200,"timestamp":"2026-05-25T16:58:42.186Z"}
{"ip":"::1","level":"info","message":"request_start","method":"GET","requestId":"a2b8320d-45ae-4937-9635-60beaffda9cf","timestamp":"2026-05-25T16:58:42.221Z","url":"/api/cart"}
{"ip":"::1","level":"info","message":"request_start","method":"GET","requestId":"d5bd7e10-d45b-48a1-975c-7a14c09569be","timestamp":"2026-05-25T16:58:42.226Z","url":"/api/users/me"}
{"durationMs":24,"level":"info","message":"request_end","requestId":"a2b8320d-45ae-4937-9635-60beaffda9cf","statusCode":200,"timestamp":"2026-05-25T16:58:42.245Z"}
{"durationMs":23,"level":"info","message":"request_end","requestId":"d5bd7e10-d45b-48a1-975c-7a14c09569be","statusCode":200,"timestamp":"2026-05-25T16:58:42.249Z"}
{"ip":"::1","level":"info","message":"request_start","method":"GET","requestId":"43cfbd24-457a-49ff-bf72-3586bdcf5aa3","timestamp":"2026-05-25T16:58:44.483Z","url":"/api/products?page=1&limit=100"}
{"durationMs":50,"level":"info","message":"request_end","requestId":"43cfbd24-457a-49ff-bf72-3586bdcf5aa3","statusCode":200,"timestamp":"2026-05-25T16:58:44.532Z"}
{"ip":"::1","level":"info","message":"request_start","method":"GET","requestId":"5721b7aa-3e5a-44b6-8e81-8d330ec7efbf","timestamp":"2026-05-25T16:58:44.538Z","url":"/api/products?page=1&limit=100"}
{"durationMs":26,"level":"info","message":"request_end","requestId":"5721b7aa-3e5a-44b6-8e81-8d330ec7efbf","statusCode":200,"timestamp":"2026-05-25T16:58:44.564Z"}
{"ip":"::1","level":"info","message":"request_start","method":"GET","requestId":"c548a003-d636-4e15-bf9f-def2c072269a","timestamp":"2026-05-25T16:58:47.264Z","url":"/api/orders/admin/all?page=1&limit=25"}
{"durationMs":38,"level":"info","message":"request_end","requestId":"c548a003-d636-4e15-bf9f-def2c072269a","statusCode":200,"timestamp":"2026-05-25T16:58:47.302Z"}
{"ip":"::1","level":"info","message":"request_start","method":"GET","requestId":"b77728a5-7933-4371-8355-1483080b3379","timestamp":"2026-05-25T16:58:47.308Z","url":"/api/orders/admin/all?page=1&limit=25"}
{"ip":"::1","level":"info","message":"request_start","method":"GET","requestId":"7f3a5a47-6263-42c9-abba-c652d7fc0f89","timestamp":"2026-05-25T16:58:47.325Z","url":"/api/orders/admin/stats"}
{"durationMs":44,"level":"info","message":"request_end","requestId":"b77728a5-7933-4371-8355-1483080b3379","statusCode":304,"timestamp":"2026-05-25T16:58:47.352Z"}
{"durationMs":60,"level":"info","message":"request_end","requestId":"7f3a5a47-6263-42c9-abba-c652d7fc0f89","statusCode":200,"timestamp":"2026-05-25T16:58:47.385Z"}
{"ip":"::1","level":"info","message":"request_start","method":"GET","requestId":"16b6e30d-4c3c-4885-bfdc-b43dac4b4b64","timestamp":"2026-05-25T16:58:47.388Z","url":"/api/orders/admin/stats"}
{"durationMs":33,"level":"info","message":"request_end","requestId":"16b6e30d-4c3c-4885-bfdc-b43dac4b4b64","statusCode":304,"timestamp":"2026-05-25T16:58:47.421Z"}
{"ip":"::1","level":"info","message":"request_start","method":"GET","requestId":"99e81268-0417-4244-96d1-0039f4bba086","timestamp":"2026-05-25T16:58:50.865Z","url":"/api/payments/admin/all?page=1&limit=25"}
{"ip":"::1","level":"info","message":"request_start","method":"GET","requestId":"1ff0f6cc-f4d2-491c-83b1-978f34336b6b","timestamp":"2026-05-25T16:58:50.868Z","url":"/api/payments/admin/stats"}
{"durationMs":20,"level":"info","message":"request_end","requestId":"99e81268-0417-4244-96d1-0039f4bba086","statusCode":200,"timestamp":"2026-05-25T16:58:50.885Z"}
{"ip":"::1","level":"info","message":"request_start","method":"GET","requestId":"75ef3d55-a7d5-4372-aa6b-23746a184ca2","timestamp":"2026-05-25T16:58:50.892Z","url":"/api/payments/admin/all?page=1&limit=25"}
{"durationMs":36,"level":"info","message":"request_end","requestId":"1ff0f6cc-f4d2-491c-83b1-978f34336b6b","statusCode":200,"timestamp":"2026-05-25T16:58:50.904Z"}
{"durationMs":16,"level":"info","message":"request_end","requestId":"75ef3d55-a7d5-4372-aa6b-23746a184ca2","statusCode":304,"timestamp":"2026-05-25T16:58:50.908Z"}
{"ip":"::1","level":"info","message":"request_start","method":"GET","requestId":"7fb7fabe-317e-483a-a4e1-5ba5a8243cf0","timestamp":"2026-05-25T16:58:50.911Z","url":"/api/payments/admin/stats"}
{"durationMs":25,"level":"info","message":"request_end","requestId":"7fb7fabe-317e-483a-a4e1-5ba5a8243cf0","statusCode":304,"timestamp":"2026-05-25T16:58:50.936Z"}
{"ip":"::1","level":"info","message":"request_start","method":"GET","requestId":"8ed88947-b626-4c7b-a3f4-5be3ca509d79","timestamp":"2026-05-25T16:59:09.660Z","url":"/api/orders/admin/all?page=1&limit=25"}
{"durationMs":26,"level":"info","message":"request_end","requestId":"8ed88947-b626-4c7b-a3f4-5be3ca509d79","statusCode":304,"timestamp":"2026-05-25T16:59:09.686Z"}
{"ip":"::1","level":"info","message":"request_start","method":"GET","requestId":"65d79cb4-02d5-4ec1-a13b-154657cd3755","timestamp":"2026-05-25T16:59:09.690Z","url":"/api/orders/admin/all?page=1&limit=25"}
{"ip":"::1","level":"info","message":"request_start","method":"GET","requestId":"340f2eec-104e-4886-8a97-6a9684c53b36","timestamp":"2026-05-25T16:59:09.699Z","url":"/api/orders/admin/stats"}
{"durationMs":32,"level":"info","message":"request_end","requestId":"65d79cb4-02d5-4ec1-a13b-154657cd3755","statusCode":304,"timestamp":"2026-05-25T16:59:09.721Z"}
{"durationMs":45,"level":"info","message":"request_end","requestId":"340f2eec-104e-4886-8a97-6a9684c53b36","statusCode":304,"timestamp":"2026-05-25T16:59:09.744Z"}
{"ip":"::1","level":"info","message":"request_start","method":"GET","requestId":"150be0bf-2a62-4e17-9da0-c5ce47f02ccf","timestamp":"2026-05-25T16:59:09.746Z","url":"/api/orders/admin/stats"}
{"durationMs":37,"level":"info","message":"request_end","requestId":"150be0bf-2a62-4e17-9da0-c5ce47f02ccf","statusCode":304,"timestamp":"2026-05-25T16:59:09.783Z"}
{"ip":"::1","level":"info","message":"request_start","method":"GET","requestId":"a2db8480-64a9-4bd6-a454-cb6603fff2a2","timestamp":"2026-05-25T16:59:13.418Z","url":"/api/payments/admin/all?page=1&limit=25"}
{"ip":"::1","level":"info","message":"request_start","method":"GET","requestId":"2e98b510-52df-44ff-9925-f505c3e9e45a","timestamp":"2026-05-25T16:59:13.424Z","url":"/api/payments/admin/stats"}
{"durationMs":29,"level":"info","message":"request_end","requestId":"a2db8480-64a9-4bd6-a454-cb6603fff2a2","statusCode":304,"timestamp":"2026-05-25T16:59:13.447Z"}
{"ip":"::1","level":"info","message":"request_start","method":"GET","requestId":"609f0888-629b-46ff-8072-71445179fd5a","timestamp":"2026-05-25T16:59:13.450Z","url":"/api/payments/admin/all?page=1&limit=25"}
{"durationMs":40,"level":"info","message":"request_end","requestId":"2e98b510-52df-44ff-9925-f505c3e9e45a","statusCode":304,"timestamp":"2026-05-25T16:59:13.464Z"}
{"durationMs":16,"level":"info","message":"request_end","requestId":"609f0888-629b-46ff-8072-71445179fd5a","statusCode":304,"timestamp":"2026-05-25T16:59:13.466Z"}
{"ip":"::1","level":"info","message":"request_start","method":"GET","requestId":"5274d6cc-484b-4856-8cfb-6a2722edc031","timestamp":"2026-05-25T16:59:13.468Z","url":"/api/payments/admin/stats"}
{"durationMs":25,"level":"info","message":"request_end","requestId":"5274d6cc-484b-4856-8cfb-6a2722edc031","statusCode":304,"timestamp":"2026-05-25T16:59:13.493Z"}
{"ip":"::1","level":"info","message":"request_start","method":"GET","requestId":"ac0a5593-19b8-4552-a790-3860428fd81a","timestamp":"2026-05-25T17:39:58.414Z","url":"/api/orders/admin/stats"}
{"durationMs":2,"level":"info","message":"request_end","requestId":"ac0a5593-19b8-4552-a790-3860428fd81a","statusCode":401,"timestamp":"2026-05-25T17:39:58.416Z"}
{"ip":"::1","level":"info","message":"request_start","method":"GET","requestId":"a27e126f-0dae-4f0f-b78c-ce3b72d749b5","timestamp":"2026-05-25T17:39:58.419Z","url":"/api/payments/admin/stats"}
{"durationMs":8,"level":"info","message":"request_end","requestId":"a27e126f-0dae-4f0f-b78c-ce3b72d749b5","statusCode":401,"timestamp":"2026-05-25T17:39:58.427Z"}
{"ip":"::1","level":"info","message":"request_start","method":"GET","requestId":"71b413c3-ec42-49fc-b471-1e458504f2ae","timestamp":"2026-05-25T17:39:58.428Z","url":"/api/recommendations/admin/analytics"}
{"durationMs":2,"level":"info","message":"request_end","requestId":"71b413c3-ec42-49fc-b471-1e458504f2ae","statusCode":401,"timestamp":"2026-05-25T17:39:58.430Z"}
{"ip":"::1","level":"info","message":"request_start","method":"GET","requestId":"eac3e769-b7d7-4f14-a64a-b8979c89c389","timestamp":"2026-05-25T17:39:58.432Z","url":"/api/products/admin/stats"}
{"durationMs":3,"level":"info","message":"request_end","requestId":"eac3e769-b7d7-4f14-a64a-b8979c89c389","statusCode":401,"timestamp":"2026-05-25T17:39:58.435Z"}
{"ip":"::1","level":"info","message":"request_start","method":"GET","requestId":"b7e2bf60-a348-4d0f-b1ac-63423246ca39","timestamp":"2026-05-25T17:39:58.439Z","url":"/api/reviews/admin/stats"}
{"durationMs":3,"level":"info","message":"request_end","requestId":"b7e2bf60-a348-4d0f-b1ac-63423246ca39","statusCode":401,"timestamp":"2026-05-25T17:39:58.442Z"}
{"ip":"::1","level":"info","message":"request_start","method":"GET","requestId":"f8c8f56e-744f-4154-9814-651ef49bd847","timestamp":"2026-05-25T17:39:58.444Z","url":"/api/products?page=1&limit=100"}
{"ip":"::1","level":"info","message":"request_start","method":"GET","requestId":"1f84b28c-b37d-4796-9026-e85c6dcec7a1","timestamp":"2026-05-25T17:39:58.449Z","url":"/api/users/me"}
{"durationMs":2,"level":"info","message":"request_end","requestId":"1f84b28c-b37d-4796-9026-e85c6dcec7a1","statusCode":401,"timestamp":"2026-05-25T17:39:58.450Z"}
{"ip":"::1","level":"info","message":"request_start","method":"GET","requestId":"c11f13a2-4267-4123-b522-6d7da0c9eba9","timestamp":"2026-05-25T17:39:58.473Z","url":"/api/users/csrf"}
{"durationMs":13,"level":"info","message":"request_end","requestId":"c11f13a2-4267-4123-b522-6d7da0c9eba9","statusCode":200,"timestamp":"2026-05-25T17:39:58.487Z"}
{"ip":"::1","level":"info","message":"request_start","method":"GET","requestId":"e822c8a9-6513-4807-97c8-02f48d8a4c16","timestamp":"2026-05-25T17:39:58.490Z","url":"/api/users/csrf"}
{"durationMs":10,"level":"info","message":"request_end","requestId":"e822c8a9-6513-4807-97c8-02f48d8a4c16","statusCode":200,"timestamp":"2026-05-25T17:39:58.500Z"}
{"ip":"::1","level":"info","message":"request_start","method":"GET","requestId":"65a13a16-95c7-4f75-b111-fc10b61dbca1","timestamp":"2026-05-25T17:39:58.514Z","url":"/api/users/csrf"}
{"durationMs":4,"level":"info","message":"request_end","requestId":"65a13a16-95c7-4f75-b111-fc10b61dbca1","statusCode":200,"timestamp":"2026-05-25T17:39:58.518Z"}
{"durationMs":78,"level":"info","message":"request_end","requestId":"f8c8f56e-744f-4154-9814-651ef49bd847","statusCode":200,"timestamp":"2026-05-25T17:39:58.521Z"}
{"ip":"::1","level":"info","message":"request_start","method":"POST","requestId":"b7356cda-191c-4bf0-a2b5-636ac23312c2","timestamp":"2026-05-25T17:39:58.527Z","url":"/api/users/refresh"}
{"durationMs":12,"level":"info","message":"request_end","requestId":"b7356cda-191c-4bf0-a2b5-636ac23312c2","statusCode":403,"timestamp":"2026-05-25T17:39:58.539Z"}
{"ip":"::1","level":"info","message":"request_start","method":"GET","requestId":"17359737-b3ee-4ecb-b41b-f2a4ef611500","timestamp":"2026-05-25T17:39:58.546Z","url":"/api/users/csrf"}
{"durationMs":4,"level":"info","message":"request_end","requestId":"17359737-b3ee-4ecb-b41b-f2a4ef611500","statusCode":200,"timestamp":"2026-05-25T17:39:58.550Z"}
{"ip":"::1","level":"info","message":"request_start","method":"POST","requestId":"adb54bdb-cbe9-4beb-b5e3-a5f13e1a334c","timestamp":"2026-05-25T17:39:58.556Z","url":"/api/users/refresh"}
{"ip":"::1","level":"info","message":"request_start","method":"GET","requestId":"5c7ca4ee-bd9c-4c1d-a3d8-6e6f28d33f9a","timestamp":"2026-05-25T17:39:58.572Z","url":"/api/users/csrf"}
{"durationMs":14,"level":"info","message":"request_end","requestId":"5c7ca4ee-bd9c-4c1d-a3d8-6e6f28d33f9a","statusCode":200,"timestamp":"2026-05-25T17:39:58.586Z"}
{"ip":"::1","level":"info","message":"request_start","method":"GET","requestId":"c488ffa0-749b-4dfd-a87d-dd85041197e4","timestamp":"2026-05-25T17:39:58.605Z","url":"/api/users/csrf"}
{"durationMs":16,"level":"info","message":"request_end","requestId":"c488ffa0-749b-4dfd-a87d-dd85041197e4","statusCode":200,"timestamp":"2026-05-25T17:39:58.621Z"}
{"ip":"::1","level":"info","message":"request_start","method":"POST","requestId":"90bb8b6f-f796-4059-91a2-4e5dfb117255","timestamp":"2026-05-25T17:39:58.627Z","url":"/api/users/refresh"}
{"durationMs":8,"level":"info","message":"request_end","requestId":"90bb8b6f-f796-4059-91a2-4e5dfb117255","statusCode":403,"timestamp":"2026-05-25T17:39:58.635Z"}
{"ip":"::1","level":"info","message":"request_start","method":"POST","requestId":"d66a8a9c-2b9c-451b-9ead-3cc381010d37","timestamp":"2026-05-25T17:39:58.639Z","url":"/api/users/refresh"}
{"durationMs":6,"level":"info","message":"request_end","requestId":"d66a8a9c-2b9c-451b-9ead-3cc381010d37","statusCode":403,"timestamp":"2026-05-25T17:39:58.645Z"}
{"ip":"::1","level":"info","message":"request_start","method":"POST","requestId":"66441226-a6c1-48c2-947b-ccf45413b1b7","timestamp":"2026-05-25T17:39:58.646Z","url":"/api/users/refresh"}
{"ip":"::1","level":"info","message":"request_start","method":"POST","requestId":"b2d7890a-728f-4ece-9c4f-35256e0ce551","timestamp":"2026-05-25T17:39:58.649Z","url":"/api/users/refresh"}
{"durationMs":28,"level":"info","message":"request_end","requestId":"b2d7890a-728f-4ece-9c4f-35256e0ce551","statusCode":401,"timestamp":"2026-05-25T17:39:58.677Z"}
{"durationMs":127,"level":"info","message":"request_end","requestId":"adb54bdb-cbe9-4beb-b5e3-a5f13e1a334c","statusCode":200,"timestamp":"2026-05-25T17:39:58.683Z"}
{"durationMs":55,"level":"info","message":"request_end","requestId":"66441226-a6c1-48c2-947b-ccf45413b1b7","statusCode":200,"timestamp":"2026-05-25T17:39:58.701Z"}
{"ip":"::1","level":"info","message":"request_start","method":"GET","requestId":"161200f3-3a04-4873-aa34-fd9b861b119c","timestamp":"2026-05-25T17:39:58.709Z","url":"/api/recommendations/admin/analytics"}
{"ip":"::1","level":"info","message":"request_start","method":"GET","requestId":"2d372d7b-f90c-4944-b665-4a657f2cb4fe","timestamp":"2026-05-25T17:39:58.714Z","url":"/api/reviews/admin/stats"}
{"durationMs":19,"level":"info","message":"request_end","requestId":"161200f3-3a04-4873-aa34-fd9b861b119c","statusCode":200,"timestamp":"2026-05-25T17:39:58.728Z"}
{"durationMs":19,"level":"info","message":"request_end","requestId":"2d372d7b-f90c-4944-b665-4a657f2cb4fe","statusCode":200,"timestamp":"2026-05-25T17:39:58.733Z"}
{"ip":"::1","level":"info","message":"request_start","method":"GET","requestId":"273939ea-3cf6-4c25-b610-980616260b12","timestamp":"2026-05-25T17:39:58.887Z","url":"/api/products/featured?limit=4"}
{"durationMs":14,"level":"info","message":"request_end","requestId":"273939ea-3cf6-4c25-b610-980616260b12","statusCode":200,"timestamp":"2026-05-25T17:39:58.901Z"}
{"ip":"::1","level":"info","message":"request_start","method":"GET","requestId":"7bc1a630-a9fa-45b4-b369-c31c7f156df0","timestamp":"2026-05-25T17:39:58.906Z","url":"/api/products/featured?limit=4"}
{"durationMs":17,"level":"info","message":"request_end","requestId":"7bc1a630-a9fa-45b4-b369-c31c7f156df0","statusCode":200,"timestamp":"2026-05-25T17:39:58.923Z"}
{"ip":"::1","level":"info","message":"request_start","method":"POST","requestId":"a3b96512-d4dc-441e-b453-88ae4680e82a","timestamp":"2026-05-25T17:40:09.121Z","url":"/api/users/login"}
{"durationMs":85,"level":"info","message":"request_end","requestId":"a3b96512-d4dc-441e-b453-88ae4680e82a","statusCode":200,"timestamp":"2026-05-25T17:40:09.206Z"}
{"ip":"::1","level":"info","message":"request_start","method":"GET","requestId":"74eb10e9-09e9-4353-b62e-3755c88e373c","timestamp":"2026-05-25T17:40:09.249Z","url":"/api/cart"}
{"ip":"::1","level":"info","message":"request_start","method":"GET","requestId":"853690fa-b19e-4efe-9a9f-b5440a6548da","timestamp":"2026-05-25T17:40:09.254Z","url":"/api/users/me"}
{"durationMs":20,"level":"info","message":"request_end","requestId":"74eb10e9-09e9-4353-b62e-3755c88e373c","statusCode":304,"timestamp":"2026-05-25T17:40:09.269Z"}
{"durationMs":19,"level":"info","message":"request_end","requestId":"853690fa-b19e-4efe-9a9f-b5440a6548da","statusCode":304,"timestamp":"2026-05-25T17:40:09.273Z"}
{"ip":"::1","level":"info","message":"request_start","method":"GET","requestId":"99ad1afd-0085-4e5a-8b6e-cb19a729f310","timestamp":"2026-05-25T17:40:11.649Z","url":"/api/orders/admin/stats"}
{"ip":"::1","level":"info","message":"request_start","method":"GET","requestId":"b7eb591a-99f5-4326-8d4f-210332646ba4","timestamp":"2026-05-25T17:40:11.654Z","url":"/api/products/admin/stats"}
{"ip":"::1","level":"info","message":"request_start","method":"GET","requestId":"a86be993-f71a-4aef-b261-23c67dbfeb47","timestamp":"2026-05-25T17:40:11.670Z","url":"/api/payments/admin/stats"}
{"ip":"::1","level":"info","message":"request_start","method":"GET","requestId":"de289361-db3a-489d-9321-60520fe198c1","timestamp":"2026-05-25T17:40:11.681Z","url":"/api/products?page=1&limit=100"}
{"ip":"::1","level":"info","message":"request_start","method":"GET","requestId":"02ef9faf-23a3-41d2-8e30-215e1ca8d4d3","timestamp":"2026-05-25T17:40:11.720Z","url":"/api/reviews/admin/stats"}
{"ip":"::1","level":"info","message":"request_start","method":"GET","requestId":"e2b6206e-e089-44b7-b022-64ed9b18d103","timestamp":"2026-05-25T17:40:11.725Z","url":"/api/recommendations/admin/analytics"}
{"durationMs":90,"level":"info","message":"request_end","requestId":"de289361-db3a-489d-9321-60520fe198c1","statusCode":200,"timestamp":"2026-05-25T17:40:11.771Z"}
{"durationMs":59,"level":"info","message":"request_end","requestId":"02ef9faf-23a3-41d2-8e30-215e1ca8d4d3","statusCode":304,"timestamp":"2026-05-25T17:40:11.779Z"}
{"durationMs":127,"level":"info","message":"request_end","requestId":"b7eb591a-99f5-4326-8d4f-210332646ba4","statusCode":200,"timestamp":"2026-05-25T17:40:11.781Z"}
{"ip":"::1","level":"info","message":"request_start","method":"GET","requestId":"eff60f5e-b489-49ea-a3ee-9a7bb448e93f","timestamp":"2026-05-25T17:40:11.785Z","url":"/api/products?page=1&limit=100"}
{"ip":"::1","level":"info","message":"request_start","method":"GET","requestId":"481cc618-5e44-413f-861b-59b708f387aa","timestamp":"2026-05-25T17:40:11.792Z","url":"/api/reviews/admin/stats"}
{"ip":"::1","level":"info","message":"request_start","method":"GET","requestId":"fcbbed67-4b47-4a4a-8648-3ff2c492562d","timestamp":"2026-05-25T17:40:11.797Z","url":"/api/products/admin/stats"}
{"durationMs":139,"level":"info","message":"request_end","requestId":"a86be993-f71a-4aef-b261-23c67dbfeb47","statusCode":304,"timestamp":"2026-05-25T17:40:11.809Z"}
{"ip":"::1","level":"info","message":"request_start","method":"GET","requestId":"8b442b5b-dcb4-4584-829d-8421436d61f5","timestamp":"2026-05-25T17:40:11.820Z","url":"/api/payments/admin/stats"}
{"durationMs":176,"level":"info","message":"request_end","requestId":"99ad1afd-0085-4e5a-8b6e-cb19a729f310","statusCode":304,"timestamp":"2026-05-25T17:40:11.824Z"}
{"durationMs":106,"level":"info","message":"request_end","requestId":"e2b6206e-e089-44b7-b022-64ed9b18d103","statusCode":304,"timestamp":"2026-05-25T17:40:11.831Z"}
{"durationMs":51,"level":"info","message":"request_end","requestId":"eff60f5e-b489-49ea-a3ee-9a7bb448e93f","statusCode":200,"timestamp":"2026-05-25T17:40:11.836Z"}
{"ip":"::1","level":"info","message":"request_start","method":"GET","requestId":"0b384d54-9c43-48ac-9d36-444c9e37e195","timestamp":"2026-05-25T17:40:11.838Z","url":"/api/orders/admin/stats"}
{"ip":"::1","level":"info","message":"request_start","method":"GET","requestId":"21620153-bb50-4039-8d17-3e38cc1cd31d","timestamp":"2026-05-25T17:40:11.846Z","url":"/api/recommendations/admin/analytics"}
{"durationMs":63,"level":"info","message":"request_end","requestId":"481cc618-5e44-413f-861b-59b708f387aa","statusCode":304,"timestamp":"2026-05-25T17:40:11.855Z"}
{"durationMs":74,"level":"info","message":"request_end","requestId":"fcbbed67-4b47-4a4a-8648-3ff2c492562d","statusCode":304,"timestamp":"2026-05-25T17:40:11.871Z"}
{"durationMs":46,"level":"info","message":"request_end","requestId":"21620153-bb50-4039-8d17-3e38cc1cd31d","statusCode":304,"timestamp":"2026-05-25T17:40:11.892Z"}
{"durationMs":76,"level":"info","message":"request_end","requestId":"8b442b5b-dcb4-4584-829d-8421436d61f5","statusCode":304,"timestamp":"2026-05-25T17:40:11.896Z"}
{"durationMs":77,"level":"info","message":"request_end","requestId":"0b384d54-9c43-48ac-9d36-444c9e37e195","statusCode":304,"timestamp":"2026-05-25T17:40:11.915Z"}
{"ip":"::1","level":"info","message":"request_start","method":"GET","requestId":"b4f44012-701b-4231-895e-11eed4050b24","timestamp":"2026-05-25T17:41:24.739Z","url":"/api/orders/admin/stats"}
{"ip":"::1","level":"info","message":"request_start","method":"GET","requestId":"41be33dd-9d86-4fdb-a10c-40d2988d932d","timestamp":"2026-05-25T17:41:24.748Z","url":"/api/payments/admin/stats"}
{"ip":"::1","level":"info","message":"request_start","method":"GET","requestId":"db540f27-d9ba-4f38-976b-16c35efbab39","timestamp":"2026-05-25T17:41:24.759Z","url":"/api/products/admin/stats"}
{"ip":"::1","level":"info","message":"request_start","method":"GET","requestId":"b7815536-bec7-4916-8b08-0fe8aa1a4310","timestamp":"2026-05-25T17:41:24.764Z","url":"/api/reviews/admin/stats"}
{"ip":"::1","level":"info","message":"request_start","method":"GET","requestId":"d8cb67ed-1c80-4815-b091-63cb45d8cb3f","timestamp":"2026-05-25T17:41:24.767Z","url":"/api/recommendations/admin/analytics"}
{"ip":"::1","level":"info","message":"request_start","method":"GET","requestId":"e3b91383-9a78-41f0-a3b1-1d7935901439","timestamp":"2026-05-25T17:41:24.780Z","url":"/api/products?page=1&limit=100"}
{"ip":"::1","level":"info","message":"request_start","method":"GET","requestId":"712d2ac2-59ae-4ea7-a131-c9537d4c3e05","timestamp":"2026-05-25T17:41:24.783Z","url":"/api/users/me"}
{"durationMs":64,"level":"info","message":"request_end","requestId":"b7815536-bec7-4916-8b08-0fe8aa1a4310","statusCode":304,"timestamp":"2026-05-25T17:41:24.828Z"}
{"durationMs":50,"level":"info","message":"request_end","requestId":"e3b91383-9a78-41f0-a3b1-1d7935901439","statusCode":200,"timestamp":"2026-05-25T17:41:24.830Z"}
{"durationMs":66,"level":"info","message":"request_end","requestId":"d8cb67ed-1c80-4815-b091-63cb45d8cb3f","statusCode":304,"timestamp":"2026-05-25T17:41:24.833Z"}
{"durationMs":80,"level":"info","message":"request_end","requestId":"db540f27-d9ba-4f38-976b-16c35efbab39","statusCode":304,"timestamp":"2026-05-25T17:41:24.839Z"}
{"durationMs":98,"level":"info","message":"request_end","requestId":"41be33dd-9d86-4fdb-a10c-40d2988d932d","statusCode":304,"timestamp":"2026-05-25T17:41:24.845Z"}
{"durationMs":66,"level":"info","message":"request_end","requestId":"712d2ac2-59ae-4ea7-a131-c9537d4c3e05","statusCode":304,"timestamp":"2026-05-25T17:41:24.849Z"}
{"durationMs":113,"level":"info","message":"request_end","requestId":"b4f44012-701b-4231-895e-11eed4050b24","statusCode":304,"timestamp":"2026-05-25T17:41:24.851Z"}
{"ip":"::1","level":"info","message":"request_start","method":"GET","requestId":"714a6542-b949-430f-8888-fffc7942747d","timestamp":"2026-05-25T17:41:24.906Z","url":"/api/cart"}
{"ip":"::1","level":"info","message":"request_start","method":"GET","requestId":"2e3ed474-0cc5-4e94-99d8-7a862f09d7bf","timestamp":"2026-05-25T17:41:24.909Z","url":"/api/users/me"}
{"durationMs":9,"level":"info","message":"request_end","requestId":"714a6542-b949-430f-8888-fffc7942747d","statusCode":304,"timestamp":"2026-05-25T17:41:24.915Z"}
{"durationMs":9,"level":"info","message":"request_end","requestId":"2e3ed474-0cc5-4e94-99d8-7a862f09d7bf","statusCode":304,"timestamp":"2026-05-25T17:41:24.918Z"}
{"ip":"::1","level":"info","message":"request_start","method":"GET","requestId":"9db3cd84-0915-4e93-b6ba-755d99f36e7d","timestamp":"2026-05-25T17:50:45.129Z","url":"/api/orders/admin/stats"}
{"durationMs":2,"level":"info","message":"request_end","requestId":"9db3cd84-0915-4e93-b6ba-755d99f36e7d","statusCode":401,"timestamp":"2026-05-25T17:50:45.131Z"}
{"ip":"::1","level":"info","message":"request_start","method":"GET","requestId":"23965874-85ee-47b8-8008-183f355516e0","timestamp":"2026-05-25T17:50:45.133Z","url":"/api/payments/admin/stats"}
{"durationMs":18,"level":"info","message":"request_end","requestId":"23965874-85ee-47b8-8008-183f355516e0","statusCode":401,"timestamp":"2026-05-25T17:50:45.151Z"}
{"ip":"::1","level":"info","message":"request_start","method":"GET","requestId":"39b86b9c-d482-4c39-aafb-c7d1e2ba2d46","timestamp":"2026-05-25T17:50:45.158Z","url":"/api/products/admin/stats"}
{"durationMs":6,"level":"info","message":"request_end","requestId":"39b86b9c-d482-4c39-aafb-c7d1e2ba2d46","statusCode":401,"timestamp":"2026-05-25T17:50:45.164Z"}
{"ip":"::1","level":"info","message":"request_start","method":"GET","requestId":"614662c9-97f0-44eb-b306-d026943cff16","timestamp":"2026-05-25T17:50:45.167Z","url":"/api/reviews/admin/stats"}
{"durationMs":3,"level":"info","message":"request_end","requestId":"614662c9-97f0-44eb-b306-d026943cff16","statusCode":401,"timestamp":"2026-05-25T17:50:45.169Z"}
{"ip":"::1","level":"info","message":"request_start","method":"GET","requestId":"a1e43922-7a43-4e7c-86b8-9e4b6a41c65a","timestamp":"2026-05-25T17:50:45.175Z","url":"/api/recommendations/admin/analytics"}
{"durationMs":3,"level":"info","message":"request_end","requestId":"a1e43922-7a43-4e7c-86b8-9e4b6a41c65a","statusCode":401,"timestamp":"2026-05-25T17:50:45.178Z"}
{"ip":"::1","level":"info","message":"request_start","method":"GET","requestId":"8567e0e2-af9c-41e7-9c59-155f48320465","timestamp":"2026-05-25T17:50:45.182Z","url":"/api/users/csrf"}
{"durationMs":3,"level":"info","message":"request_end","requestId":"8567e0e2-af9c-41e7-9c59-155f48320465","statusCode":200,"timestamp":"2026-05-25T17:50:45.184Z"}
{"ip":"::1","level":"info","message":"request_start","method":"GET","requestId":"1143fa5b-0719-4403-b221-9df1d15683b7","timestamp":"2026-05-25T17:50:45.187Z","url":"/api/users/csrf"}
{"durationMs":10,"level":"info","message":"request_end","requestId":"1143fa5b-0719-4403-b221-9df1d15683b7","statusCode":200,"timestamp":"2026-05-25T17:50:45.197Z"}
{"ip":"::1","level":"info","message":"request_start","method":"GET","requestId":"55fb7ed9-c584-45bc-806d-c5c84e68887c","timestamp":"2026-05-25T17:50:45.200Z","url":"/api/users/csrf"}
{"durationMs":3,"level":"info","message":"request_end","requestId":"55fb7ed9-c584-45bc-806d-c5c84e68887c","statusCode":200,"timestamp":"2026-05-25T17:50:45.203Z"}
{"ip":"::1","level":"info","message":"request_start","method":"POST","requestId":"1ee817a9-9493-426a-9947-c287ac59317f","timestamp":"2026-05-25T17:50:45.207Z","url":"/api/users/refresh"}
{"durationMs":8,"level":"info","message":"request_end","requestId":"1ee817a9-9493-426a-9947-c287ac59317f","statusCode":403,"timestamp":"2026-05-25T17:50:45.215Z"}
{"ip":"::1","level":"info","message":"request_start","method":"GET","requestId":"727f1eb4-12aa-4969-ad37-5b35565beac4","timestamp":"2026-05-25T17:50:45.217Z","url":"/api/users/csrf"}
{"durationMs":3,"level":"info","message":"request_end","requestId":"727f1eb4-12aa-4969-ad37-5b35565beac4","statusCode":200,"timestamp":"2026-05-25T17:50:45.220Z"}
{"ip":"::1","level":"info","message":"request_start","method":"POST","requestId":"dc580cb5-ba1a-4779-a6f8-0c8d676e0dc0","timestamp":"2026-05-25T17:50:45.222Z","url":"/api/users/refresh"}
{"durationMs":9,"level":"info","message":"request_end","requestId":"dc580cb5-ba1a-4779-a6f8-0c8d676e0dc0","statusCode":403,"timestamp":"2026-05-25T17:50:45.231Z"}
{"ip":"::1","level":"info","message":"request_start","method":"POST","requestId":"d31b3bd3-39e4-49d3-8503-b73a5b38bdf8","timestamp":"2026-05-25T17:50:45.232Z","url":"/api/users/refresh"}
{"ip":"::1","level":"info","message":"request_start","method":"GET","requestId":"d3a2d481-561c-4466-b1b1-a5344756a990","timestamp":"2026-05-25T17:50:45.237Z","url":"/api/users/csrf"}
{"durationMs":5,"level":"info","message":"request_end","requestId":"d3a2d481-561c-4466-b1b1-a5344756a990","statusCode":200,"timestamp":"2026-05-25T17:50:45.242Z"}
{"ip":"::1","level":"info","message":"request_start","method":"POST","requestId":"1a332663-1cf6-43e6-a882-6a114e93a09c","timestamp":"2026-05-25T17:50:45.244Z","url":"/api/users/refresh"}
{"ip":"::1","level":"info","message":"request_start","method":"POST","requestId":"604a550f-4198-4540-9792-10b211eccb9d","timestamp":"2026-05-25T17:50:45.255Z","url":"/api/users/refresh"}
{"durationMs":63,"level":"info","message":"request_end","requestId":"d31b3bd3-39e4-49d3-8503-b73a5b38bdf8","statusCode":200,"timestamp":"2026-05-25T17:50:45.295Z"}
{"durationMs":55,"level":"info","message":"request_end","requestId":"1a332663-1cf6-43e6-a882-6a114e93a09c","statusCode":200,"timestamp":"2026-05-25T17:50:45.299Z"}
{"ip":"::1","level":"info","message":"request_start","method":"GET","requestId":"93007973-7972-409c-9eb4-c97245ef06b2","timestamp":"2026-05-25T17:50:45.302Z","url":"/api/products/admin/stats"}
{"durationMs":59,"level":"info","message":"request_end","requestId":"604a550f-4198-4540-9792-10b211eccb9d","statusCode":200,"timestamp":"2026-05-25T17:50:45.314Z"}
{"ip":"::1","level":"info","message":"request_start","method":"GET","requestId":"bb49e1aa-2c79-49c8-8048-50b9f7938934","timestamp":"2026-05-25T17:50:45.318Z","url":"/api/reviews/admin/stats"}
{"ip":"::1","level":"info","message":"request_start","method":"GET","requestId":"34a03756-df62-4bfa-8dbf-d2fa7e66549b","timestamp":"2026-05-25T17:50:45.326Z","url":"/api/recommendations/admin/analytics"}
{"durationMs":41,"level":"info","message":"request_end","requestId":"93007973-7972-409c-9eb4-c97245ef06b2","statusCode":304,"timestamp":"2026-05-25T17:50:45.343Z"}
{"durationMs":29,"level":"info","message":"request_end","requestId":"bb49e1aa-2c79-49c8-8048-50b9f7938934","statusCode":304,"timestamp":"2026-05-25T17:50:45.347Z"}
{"durationMs":23,"level":"info","message":"request_end","requestId":"34a03756-df62-4bfa-8dbf-d2fa7e66549b","statusCode":304,"timestamp":"2026-05-25T17:50:45.349Z"}
{"ip":"::1","level":"info","message":"request_start","method":"GET","requestId":"76e1ccc1-820d-46a2-b746-95843102753d","timestamp":"2026-05-25T17:50:48.448Z","url":"/api/orders/admin/stats"}
{"ip":"::1","level":"info","message":"request_start","method":"GET","requestId":"a0ea9fa0-b632-43b0-9293-93de900dbf32","timestamp":"2026-05-25T17:50:48.451Z","url":"/api/payments/admin/stats"}
{"ip":"::1","level":"info","message":"request_start","method":"GET","requestId":"d602d6a6-e649-428e-9747-c2215b7f1e87","timestamp":"2026-05-25T17:50:48.460Z","url":"/api/products/admin/stats"}
{"ip":"::1","level":"info","message":"request_start","method":"GET","requestId":"e503d213-2472-440c-92d5-54436cbacbb4","timestamp":"2026-05-25T17:50:48.464Z","url":"/api/reviews/admin/stats"}
{"ip":"::1","level":"info","message":"request_start","method":"GET","requestId":"c35f8939-8734-44e2-8e8c-9ddfc0028abf","timestamp":"2026-05-25T17:50:48.469Z","url":"/api/recommendations/admin/analytics"}
{"durationMs":59,"level":"info","message":"request_end","requestId":"e503d213-2472-440c-92d5-54436cbacbb4","statusCode":304,"timestamp":"2026-05-25T17:50:48.523Z"}
{"durationMs":59,"level":"info","message":"request_end","requestId":"c35f8939-8734-44e2-8e8c-9ddfc0028abf","statusCode":304,"timestamp":"2026-05-25T17:50:48.527Z"}
{"durationMs":73,"level":"info","message":"request_end","requestId":"d602d6a6-e649-428e-9747-c2215b7f1e87","statusCode":304,"timestamp":"2026-05-25T17:50:48.533Z"}
{"durationMs":89,"level":"info","message":"request_end","requestId":"a0ea9fa0-b632-43b0-9293-93de900dbf32","statusCode":304,"timestamp":"2026-05-25T17:50:48.540Z"}
{"durationMs":100,"level":"info","message":"request_end","requestId":"76e1ccc1-820d-46a2-b746-95843102753d","statusCode":304,"timestamp":"2026-05-25T17:50:48.548Z"}
{"ip":"::1","level":"info","message":"request_start","method":"GET","requestId":"57841c63-32d5-4e6f-a364-7705bfdf479b","timestamp":"2026-05-25T17:50:54.965Z","url":"/api/orders/admin/stats"}
{"ip":"::1","level":"info","message":"request_start","method":"GET","requestId":"ec7ca40b-225b-448d-8b7d-b9836d680e41","timestamp":"2026-05-25T17:50:54.983Z","url":"/api/payments/admin/stats"}
{"ip":"::1","level":"info","message":"request_start","method":"GET","requestId":"b4763a04-90e4-47f5-97bc-2ced7b9bcf32","timestamp":"2026-05-25T17:50:55.001Z","url":"/api/products/admin/stats"}
{"ip":"::1","level":"info","message":"request_start","method":"GET","requestId":"58f23dca-58e4-48f6-8907-9901690d9caf","timestamp":"2026-05-25T17:50:55.013Z","url":"/api/reviews/admin/stats"}
{"ip":"::1","level":"info","message":"request_start","method":"GET","requestId":"3b15ed3e-fbfd-41e6-a296-c2dc71988fe4","timestamp":"2026-05-25T17:50:55.034Z","url":"/api/recommendations/admin/analytics"}
{"durationMs":159,"level":"info","message":"request_end","requestId":"3b15ed3e-fbfd-41e6-a296-c2dc71988fe4","statusCode":304,"timestamp":"2026-05-25T17:50:55.193Z"}
{"durationMs":200,"level":"info","message":"request_end","requestId":"b4763a04-90e4-47f5-97bc-2ced7b9bcf32","statusCode":304,"timestamp":"2026-05-25T17:50:55.201Z"}
{"durationMs":220,"level":"info","message":"request_end","requestId":"58f23dca-58e4-48f6-8907-9901690d9caf","statusCode":304,"timestamp":"2026-05-25T17:50:55.233Z"}
{"durationMs":281,"level":"info","message":"request_end","requestId":"ec7ca40b-225b-448d-8b7d-b9836d680e41","statusCode":304,"timestamp":"2026-05-25T17:50:55.264Z"}
{"durationMs":333,"level":"info","message":"request_end","requestId":"57841c63-32d5-4e6f-a364-7705bfdf479b","statusCode":304,"timestamp":"2026-05-25T17:50:55.293Z"}
{"ip":"::1","level":"info","message":"request_start","method":"GET","requestId":"eaeaae23-91d6-450c-9fe0-4d86cf4c6622","timestamp":"2026-05-25T17:51:13.283Z","url":"/api/orders/admin/all?page=1&limit=25"}
{"durationMs":31,"level":"info","message":"request_end","requestId":"eaeaae23-91d6-450c-9fe0-4d86cf4c6622","statusCode":304,"timestamp":"2026-05-25T17:51:13.314Z"}
{"ip":"::1","level":"info","message":"request_start","method":"GET","requestId":"7c3bcd52-1aba-45a8-a534-42ca7a1e1031","timestamp":"2026-05-25T17:51:13.317Z","url":"/api/orders/admin/all?page=1&limit=25"}
{"ip":"::1","level":"info","message":"request_start","method":"GET","requestId":"dbbe2190-6747-42f5-89dd-c9b4feb498b3","timestamp":"2026-05-25T17:51:13.323Z","url":"/api/orders/admin/stats"}
{"durationMs":29,"level":"info","message":"request_end","requestId":"7c3bcd52-1aba-45a8-a534-42ca7a1e1031","statusCode":304,"timestamp":"2026-05-25T17:51:13.346Z"}
{"durationMs":48,"level":"info","message":"request_end","requestId":"dbbe2190-6747-42f5-89dd-c9b4feb498b3","statusCode":304,"timestamp":"2026-05-25T17:51:13.371Z"}
{"ip":"::1","level":"info","message":"request_start","method":"GET","requestId":"402e3359-bc8e-4c5c-ba13-a757bea8dca2","timestamp":"2026-05-25T17:51:13.374Z","url":"/api/orders/admin/stats"}
{"durationMs":39,"level":"info","message":"request_end","requestId":"402e3359-bc8e-4c5c-ba13-a757bea8dca2","statusCode":304,"timestamp":"2026-05-25T17:51:13.413Z"}
{"ip":"::1","level":"info","message":"request_start","method":"GET","requestId":"2cba27d0-1938-458e-8266-8f57ff1d1117","timestamp":"2026-05-25T17:51:18.415Z","url":"/api/payments/admin/all?page=1&limit=25"}
{"ip":"::1","level":"info","message":"request_start","method":"GET","requestId":"b3b48b78-b59f-45e4-a242-95bf89047eaa","timestamp":"2026-05-25T17:51:18.420Z","url":"/api/payments/admin/stats"}
{"durationMs":32,"level":"info","message":"request_end","requestId":"2cba27d0-1938-458e-8266-8f57ff1d1117","statusCode":304,"timestamp":"2026-05-25T17:51:18.446Z"}
{"ip":"::1","level":"info","message":"request_start","method":"GET","requestId":"272fa2de-fd07-49f6-8794-bdc5d8c5faa8","timestamp":"2026-05-25T17:51:18.451Z","url":"/api/payments/admin/all?page=1&limit=25"}
{"durationMs":45,"level":"info","message":"request_end","requestId":"b3b48b78-b59f-45e4-a242-95bf89047eaa","statusCode":304,"timestamp":"2026-05-25T17:51:18.465Z"}
{"durationMs":16,"level":"info","message":"request_end","requestId":"272fa2de-fd07-49f6-8794-bdc5d8c5faa8","statusCode":304,"timestamp":"2026-05-25T17:51:18.468Z"}
{"ip":"::1","level":"info","message":"request_start","method":"GET","requestId":"e666bd77-d19c-421b-a38a-df99b070a2a9","timestamp":"2026-05-25T17:51:18.469Z","url":"/api/payments/admin/stats"}
{"durationMs":33,"level":"info","message":"request_end","requestId":"e666bd77-d19c-421b-a38a-df99b070a2a9","statusCode":304,"timestamp":"2026-05-25T17:51:18.502Z"}
{"ip":"::1","level":"info","message":"request_start","method":"GET","requestId":"ce1b46f8-2b23-4ad2-96cd-c02f316c3606","timestamp":"2026-05-25T17:51:26.639Z","url":"/api/orders/admin/all?page=1&limit=25"}
{"durationMs":26,"level":"info","message":"request_end","requestId":"ce1b46f8-2b23-4ad2-96cd-c02f316c3606","statusCode":304,"timestamp":"2026-05-25T17:51:26.665Z"}
{"ip":"::1","level":"info","message":"request_start","method":"GET","requestId":"cf90f217-f8a0-4620-8704-56eef765d970","timestamp":"2026-05-25T17:51:26.668Z","url":"/api/orders/admin/all?page=1&limit=25"}
{"ip":"::1","level":"info","message":"request_start","method":"GET","requestId":"089f8166-6312-4c22-b915-508e8202fe40","timestamp":"2026-05-25T17:51:26.675Z","url":"/api/orders/admin/stats"}
{"durationMs":25,"level":"info","message":"request_end","requestId":"cf90f217-f8a0-4620-8704-56eef765d970","statusCode":304,"timestamp":"2026-05-25T17:51:26.693Z"}
{"durationMs":44,"level":"info","message":"request_end","requestId":"089f8166-6312-4c22-b915-508e8202fe40","statusCode":304,"timestamp":"2026-05-25T17:51:26.719Z"}
{"ip":"::1","level":"info","message":"request_start","method":"GET","requestId":"87a0d739-d674-4743-9249-73796229a860","timestamp":"2026-05-25T17:51:26.722Z","url":"/api/orders/admin/stats"}
{"durationMs":34,"level":"info","message":"request_end","requestId":"87a0d739-d674-4743-9249-73796229a860","statusCode":304,"timestamp":"2026-05-25T17:51:26.756Z"}
{"ip":"::1","level":"info","message":"request_start","method":"GET","requestId":"94e68811-90fb-4be8-9870-4e4e7e0f71ac","timestamp":"2026-05-25T17:51:27.653Z","url":"/api/orders/admin/stats"}
{"ip":"::1","level":"info","message":"request_start","method":"GET","requestId":"29d1ddc3-29ed-4a4c-bd8f-70995e65baec","timestamp":"2026-05-25T17:51:27.659Z","url":"/api/payments/admin/stats"}
{"ip":"::1","level":"info","message":"request_start","method":"GET","requestId":"0b513214-02c4-47f3-8d41-46cf4c110e77","timestamp":"2026-05-25T17:51:27.670Z","url":"/api/products/admin/stats"}
{"ip":"::1","level":"info","message":"request_start","method":"GET","requestId":"3103d66c-8aa1-4776-abd5-7c6acdf41298","timestamp":"2026-05-25T17:51:27.685Z","url":"/api/reviews/admin/stats"}
{"ip":"::1","level":"info","message":"request_start","method":"GET","requestId":"54d2a68a-bc0f-406b-98f6-6e78c5c55a9a","timestamp":"2026-05-25T17:51:27.691Z","url":"/api/recommendations/admin/analytics"}
{"durationMs":66,"level":"info","message":"request_end","requestId":"3103d66c-8aa1-4776-abd5-7c6acdf41298","statusCode":304,"timestamp":"2026-05-25T17:51:27.751Z"}
{"durationMs":63,"level":"info","message":"request_end","requestId":"54d2a68a-bc0f-406b-98f6-6e78c5c55a9a","statusCode":304,"timestamp":"2026-05-25T17:51:27.754Z"}
{"durationMs":86,"level":"info","message":"request_end","requestId":"0b513214-02c4-47f3-8d41-46cf4c110e77","statusCode":304,"timestamp":"2026-05-25T17:51:27.756Z"}
{"durationMs":108,"level":"info","message":"request_end","requestId":"29d1ddc3-29ed-4a4c-bd8f-70995e65baec","statusCode":304,"timestamp":"2026-05-25T17:51:27.767Z"}
{"ip":"::1","level":"info","message":"request_start","method":"GET","requestId":"ff7c357d-1a8c-40a7-8ef4-bb81a917f33b","timestamp":"2026-05-25T17:51:27.769Z","url":"/api/reviews/admin/stats"}
{"ip":"::1","level":"info","message":"request_start","method":"GET","requestId":"c3b246c8-c3e4-4757-b169-c55e56844495","timestamp":"2026-05-25T17:51:27.773Z","url":"/api/recommendations/admin/analytics"}
{"ip":"::1","level":"info","message":"request_start","method":"GET","requestId":"da0dbc3b-01f9-47d0-bd9b-edcdbad96694","timestamp":"2026-05-25T17:51:27.779Z","url":"/api/products/admin/stats"}
{"ip":"::1","level":"info","message":"request_start","method":"GET","requestId":"1c7ac94b-c2b1-4e8e-9f95-e113a797306e","timestamp":"2026-05-25T17:51:27.785Z","url":"/api/payments/admin/stats"}
{"durationMs":146,"level":"info","message":"request_end","requestId":"94e68811-90fb-4be8-9870-4e4e7e0f71ac","statusCode":304,"timestamp":"2026-05-25T17:51:27.799Z"}
{"ip":"::1","level":"info","message":"request_start","method":"GET","requestId":"510e6b33-5c79-4f49-8289-05286d6e2398","timestamp":"2026-05-25T17:51:27.809Z","url":"/api/orders/admin/stats"}
{"durationMs":69,"level":"info","message":"request_end","requestId":"ff7c357d-1a8c-40a7-8ef4-bb81a917f33b","statusCode":304,"timestamp":"2026-05-25T17:51:27.838Z"}
{"durationMs":67,"level":"info","message":"request_end","requestId":"c3b246c8-c3e4-4757-b169-c55e56844495","statusCode":304,"timestamp":"2026-05-25T17:51:27.840Z"}
{"durationMs":71,"level":"info","message":"request_end","requestId":"da0dbc3b-01f9-47d0-bd9b-edcdbad96694","statusCode":304,"timestamp":"2026-05-25T17:51:27.850Z"}
{"durationMs":73,"level":"info","message":"request_end","requestId":"1c7ac94b-c2b1-4e8e-9f95-e113a797306e","statusCode":304,"timestamp":"2026-05-25T17:51:27.858Z"}
{"durationMs":62,"level":"info","message":"request_end","requestId":"510e6b33-5c79-4f49-8289-05286d6e2398","statusCode":304,"timestamp":"2026-05-25T17:51:27.871Z"}
{"ip":"::1","level":"info","message":"request_start","method":"GET","requestId":"1a7b75d6-b6c8-459e-848b-9450f26ca651","timestamp":"2026-05-25T17:51:38.259Z","url":"/api/products/featured?limit=4"}
{"durationMs":35,"level":"info","message":"request_end","requestId":"1a7b75d6-b6c8-459e-848b-9450f26ca651","statusCode":200,"timestamp":"2026-05-25T17:51:38.294Z"}
{"ip":"::1","level":"info","message":"request_start","method":"GET","requestId":"109cf65a-b6c1-435e-af09-1ffff7bded80","timestamp":"2026-05-25T17:51:38.303Z","url":"/api/products/featured?limit=4"}
{"durationMs":24,"level":"info","message":"request_end","requestId":"109cf65a-b6c1-435e-af09-1ffff7bded80","statusCode":200,"timestamp":"2026-05-25T17:51:38.326Z"}
{"ip":"::1","level":"info","message":"request_start","method":"GET","requestId":"f14aa0e0-e7b0-4dc2-8533-19a7693c001e","timestamp":"2026-05-25T17:53:35.536Z","url":"/api/products/featured?limit=4"}
{"ip":"::1","level":"info","message":"request_start","method":"GET","requestId":"f8d8d8ca-2d46-43c6-9dd9-44b15afbc807","timestamp":"2026-05-25T17:53:35.543Z","url":"/api/users/me"}
{"durationMs":19,"level":"info","message":"request_end","requestId":"f14aa0e0-e7b0-4dc2-8533-19a7693c001e","statusCode":200,"timestamp":"2026-05-25T17:53:35.556Z"}
{"durationMs":15,"level":"info","message":"request_end","requestId":"f8d8d8ca-2d46-43c6-9dd9-44b15afbc807","statusCode":200,"timestamp":"2026-05-25T17:53:35.558Z"}
{"ip":"::1","level":"info","message":"request_start","method":"GET","requestId":"491b4087-dd59-4b82-9ed9-a381d540873d","timestamp":"2026-05-25T17:53:35.606Z","url":"/api/cart"}
{"ip":"::1","level":"info","message":"request_start","method":"GET","requestId":"d57f6f42-5c29-40b4-8c0e-0c554cd87cf9","timestamp":"2026-05-25T17:53:35.609Z","url":"/api/users/me"}
{"durationMs":11,"level":"info","message":"request_end","requestId":"491b4087-dd59-4b82-9ed9-a381d540873d","statusCode":304,"timestamp":"2026-05-25T17:53:35.617Z"}
{"durationMs":10,"level":"info","message":"request_end","requestId":"d57f6f42-5c29-40b4-8c0e-0c554cd87cf9","statusCode":304,"timestamp":"2026-05-25T17:53:35.619Z"}
{"ip":"::1","level":"info","message":"request_start","method":"GET","requestId":"88beafda-74a1-44f1-a383-d6e8ac1f98fe","timestamp":"2026-05-25T17:53:38.275Z","url":"/api/products/featured?limit=4"}
{"durationMs":17,"level":"info","message":"request_end","requestId":"88beafda-74a1-44f1-a383-d6e8ac1f98fe","statusCode":200,"timestamp":"2026-05-25T17:53:38.292Z"}
{"ip":"::1","level":"info","message":"request_start","method":"GET","requestId":"29cb7eb2-be6c-49a5-8484-6a50863dcd68","timestamp":"2026-05-25T17:53:38.295Z","url":"/api/users/me"}
{"durationMs":22,"level":"info","message":"request_end","requestId":"29cb7eb2-be6c-49a5-8484-6a50863dcd68","statusCode":304,"timestamp":"2026-05-25T17:53:38.318Z"}
{"ip":"::1","level":"info","message":"request_start","method":"GET","requestId":"c2751762-6050-4073-806b-7cf337e7c8c5","timestamp":"2026-05-25T17:53:38.410Z","url":"/api/cart"}
{"ip":"::1","level":"info","message":"request_start","method":"GET","requestId":"ecca0221-fbd3-4030-8772-d1515c24cc5b","timestamp":"2026-05-25T17:53:38.414Z","url":"/api/users/me"}
{"durationMs":17,"level":"info","message":"request_end","requestId":"c2751762-6050-4073-806b-7cf337e7c8c5","statusCode":304,"timestamp":"2026-05-25T17:53:38.427Z"}
{"durationMs":17,"level":"info","message":"request_end","requestId":"ecca0221-fbd3-4030-8772-d1515c24cc5b","statusCode":304,"timestamp":"2026-05-25T17:53:38.431Z"}
{"ip":"::1","level":"info","message":"request_start","method":"GET","requestId":"8d446999-ebff-4f8d-a933-4e9309b461c4","timestamp":"2026-05-25T17:53:42.312Z","url":"/api/products/featured?limit=4"}
{"ip":"::1","level":"info","message":"request_start","method":"GET","requestId":"4925a158-a697-4641-bf1d-bee3d1f95ba4","timestamp":"2026-05-25T17:53:42.315Z","url":"/api/users/me"}
{"durationMs":16,"level":"info","message":"request_end","requestId":"8d446999-ebff-4f8d-a933-4e9309b461c4","statusCode":200,"timestamp":"2026-05-25T17:53:42.328Z"}
{"durationMs":17,"level":"info","message":"request_end","requestId":"4925a158-a697-4641-bf1d-bee3d1f95ba4","statusCode":304,"timestamp":"2026-05-25T17:53:42.331Z"}
{"ip":"::1","level":"info","message":"request_start","method":"GET","requestId":"d9f57325-4d84-483f-b2d7-38b21c02b7cc","timestamp":"2026-05-25T17:53:42.388Z","url":"/api/cart"}
{"ip":"::1","level":"info","message":"request_start","method":"GET","requestId":"ea8f96ad-7ddd-4bf5-b303-fdf40ec23cd3","timestamp":"2026-05-25T17:53:42.390Z","url":"/api/users/me"}
{"durationMs":6,"level":"info","message":"request_end","requestId":"d9f57325-4d84-483f-b2d7-38b21c02b7cc","statusCode":304,"timestamp":"2026-05-25T17:53:42.394Z"}
{"durationMs":6,"level":"info","message":"request_end","requestId":"ea8f96ad-7ddd-4bf5-b303-fdf40ec23cd3","statusCode":304,"timestamp":"2026-05-25T17:53:42.396Z"}
{"ip":"::1","level":"info","message":"request_start","method":"GET","requestId":"bd91b923-fc2e-4449-9e21-a42636743b0a","timestamp":"2026-05-25T17:53:52.475Z","url":"/api/orders/admin/stats"}
{"ip":"::1","level":"info","message":"request_start","method":"GET","requestId":"ff1a4715-8018-4508-be31-e41e2b3fdb48","timestamp":"2026-05-25T17:53:52.484Z","url":"/api/payments/admin/stats"}
{"ip":"::1","level":"info","message":"request_start","method":"GET","requestId":"5a3868a3-4d81-4478-819d-0023eac6bf90","timestamp":"2026-05-25T17:53:52.498Z","url":"/api/products/admin/stats"}
{"ip":"::1","level":"info","message":"request_start","method":"GET","requestId":"3765050f-e0f4-4593-b2c4-398eb788dad1","timestamp":"2026-05-25T17:53:52.531Z","url":"/api/reviews/admin/stats"}
{"ip":"::1","level":"info","message":"request_start","method":"GET","requestId":"07440401-8525-4fba-ab6d-99c295f85b91","timestamp":"2026-05-25T17:53:52.548Z","url":"/api/recommendations/admin/analytics"}
{"ip":"::1","level":"info","message":"request_start","method":"GET","requestId":"50fa572b-81b1-4e9f-bf04-2fa471a38a40","timestamp":"2026-05-25T17:53:52.553Z","url":"/api/products?page=1&limit=100"}
{"durationMs":60,"level":"info","message":"request_end","requestId":"50fa572b-81b1-4e9f-bf04-2fa471a38a40","statusCode":200,"timestamp":"2026-05-25T17:53:52.613Z"}
{"durationMs":92,"level":"info","message":"request_end","requestId":"3765050f-e0f4-4593-b2c4-398eb788dad1","statusCode":304,"timestamp":"2026-05-25T17:53:52.623Z"}
{"durationMs":78,"level":"info","message":"request_end","requestId":"07440401-8525-4fba-ab6d-99c295f85b91","statusCode":304,"timestamp":"2026-05-25T17:53:52.626Z"}
{"ip":"::1","level":"info","message":"request_start","method":"GET","requestId":"a8f40bac-5357-4d91-b008-b88f82d8276b","timestamp":"2026-05-25T17:53:52.629Z","url":"/api/products?page=1&limit=100"}
{"durationMs":137,"level":"info","message":"request_end","requestId":"5a3868a3-4d81-4478-819d-0023eac6bf90","statusCode":304,"timestamp":"2026-05-25T17:53:52.634Z"}
{"durationMs":159,"level":"info","message":"request_end","requestId":"ff1a4715-8018-4508-be31-e41e2b3fdb48","statusCode":304,"timestamp":"2026-05-25T17:53:52.643Z"}
{"ip":"::1","level":"info","message":"request_start","method":"GET","requestId":"74597d66-69f8-4db5-a918-95fb1530f4c6","timestamp":"2026-05-25T17:53:52.645Z","url":"/api/reviews/admin/stats"}
{"ip":"::1","level":"info","message":"request_start","method":"GET","requestId":"0b0ddfc7-f5c1-4b10-a674-6add14f16431","timestamp":"2026-05-25T17:53:52.650Z","url":"/api/recommendations/admin/analytics"}
{"ip":"::1","level":"info","message":"request_start","method":"GET","requestId":"881ce08a-4b52-41d5-a3e5-0639b6d503ca","timestamp":"2026-05-25T17:53:52.665Z","url":"/api/products/admin/stats"}
{"ip":"::1","level":"info","message":"request_start","method":"GET","requestId":"7864f29a-9c55-4a41-b726-31664fcb5f7d","timestamp":"2026-05-25T17:53:52.669Z","url":"/api/payments/admin/stats"}
{"durationMs":205,"level":"info","message":"request_end","requestId":"bd91b923-fc2e-4449-9e21-a42636743b0a","statusCode":304,"timestamp":"2026-05-25T17:53:52.680Z"}
{"durationMs":59,"level":"info","message":"request_end","requestId":"a8f40bac-5357-4d91-b008-b88f82d8276b","statusCode":200,"timestamp":"2026-05-25T17:53:52.688Z"}
{"ip":"::1","level":"info","message":"request_start","method":"GET","requestId":"72e59ea2-642b-4472-820e-ef02c6febd0e","timestamp":"2026-05-25T17:53:52.694Z","url":"/api/orders/admin/stats"}
{"durationMs":63,"level":"info","message":"request_end","requestId":"74597d66-69f8-4db5-a918-95fb1530f4c6","statusCode":304,"timestamp":"2026-05-25T17:53:52.709Z"}
{"durationMs":61,"level":"info","message":"request_end","requestId":"0b0ddfc7-f5c1-4b10-a674-6add14f16431","statusCode":304,"timestamp":"2026-05-25T17:53:52.711Z"}
{"durationMs":55,"level":"info","message":"request_end","requestId":"881ce08a-4b52-41d5-a3e5-0639b6d503ca","statusCode":304,"timestamp":"2026-05-25T17:53:52.720Z"}
{"durationMs":61,"level":"info","message":"request_end","requestId":"7864f29a-9c55-4a41-b726-31664fcb5f7d","statusCode":304,"timestamp":"2026-05-25T17:53:52.730Z"}
{"durationMs":45,"level":"info","message":"request_end","requestId":"72e59ea2-642b-4472-820e-ef02c6febd0e","statusCode":304,"timestamp":"2026-05-25T17:53:52.739Z"}
{"ip":"::1","level":"info","message":"request_start","method":"GET","requestId":"b8b65900-4bdb-4981-8d1e-4fa451d04f1b","timestamp":"2026-05-25T17:54:12.840Z","url":"/api/orders/admin/all?page=1&limit=25"}
{"durationMs":22,"level":"info","message":"request_end","requestId":"b8b65900-4bdb-4981-8d1e-4fa451d04f1b","statusCode":200,"timestamp":"2026-05-25T17:54:12.862Z"}
{"ip":"::1","level":"info","message":"request_start","method":"GET","requestId":"7fcb33f1-821e-4996-b48b-d9415ff6db2b","timestamp":"2026-05-25T17:54:12.866Z","url":"/api/orders/admin/all?page=1&limit=25"}
{"ip":"::1","level":"info","message":"request_start","method":"GET","requestId":"e11b2953-f85d-49f6-aa90-819d5b511e33","timestamp":"2026-05-25T17:54:12.876Z","url":"/api/orders/admin/stats"}
{"durationMs":26,"level":"info","message":"request_end","requestId":"7fcb33f1-821e-4996-b48b-d9415ff6db2b","statusCode":304,"timestamp":"2026-05-25T17:54:12.892Z"}
{"durationMs":35,"level":"info","message":"request_end","requestId":"e11b2953-f85d-49f6-aa90-819d5b511e33","statusCode":304,"timestamp":"2026-05-25T17:54:12.911Z"}
{"ip":"::1","level":"info","message":"request_start","method":"GET","requestId":"cafaa161-7afe-4bde-8eaa-6ba0b68f1d30","timestamp":"2026-05-25T17:54:12.914Z","url":"/api/orders/admin/stats"}
{"durationMs":32,"level":"info","message":"request_end","requestId":"cafaa161-7afe-4bde-8eaa-6ba0b68f1d30","statusCode":304,"timestamp":"2026-05-25T17:54:12.946Z"}
{"ip":"::1","level":"info","message":"request_start","method":"GET","requestId":"6a44dccb-a129-480b-83c1-dccc94125907","timestamp":"2026-05-25T17:54:23.581Z","url":"/api/payments/admin/all?page=1&limit=25"}
{"ip":"::1","level":"info","message":"request_start","method":"GET","requestId":"e6ff9a5d-ffd9-4d53-8805-3bd5aa83b845","timestamp":"2026-05-25T17:54:23.587Z","url":"/api/payments/admin/stats"}
{"durationMs":27,"level":"info","message":"request_end","requestId":"6a44dccb-a129-480b-83c1-dccc94125907","statusCode":304,"timestamp":"2026-05-25T17:54:23.607Z"}
{"ip":"::1","level":"info","message":"request_start","method":"GET","requestId":"d8663e8d-5f9d-4560-949b-f58b0daf9594","timestamp":"2026-05-25T17:54:23.612Z","url":"/api/payments/admin/all?page=1&limit=25"}
{"durationMs":35,"level":"info","message":"request_end","requestId":"e6ff9a5d-ffd9-4d53-8805-3bd5aa83b845","statusCode":304,"timestamp":"2026-05-25T17:54:23.622Z"}
{"durationMs":14,"level":"info","message":"request_end","requestId":"d8663e8d-5f9d-4560-949b-f58b0daf9594","statusCode":304,"timestamp":"2026-05-25T17:54:23.626Z"}
{"ip":"::1","level":"info","message":"request_start","method":"GET","requestId":"aeb29dcc-07c8-45c0-af8b-ef4ac08b5233","timestamp":"2026-05-25T17:54:23.628Z","url":"/api/payments/admin/stats"}
{"durationMs":23,"level":"info","message":"request_end","requestId":"aeb29dcc-07c8-45c0-af8b-ef4ac08b5233","statusCode":304,"timestamp":"2026-05-25T17:54:23.651Z"}
{"ip":"::1","level":"info","message":"request_start","method":"GET","requestId":"b9d4fbe6-4696-4876-872c-141cd9ef9d4c","timestamp":"2026-05-25T17:54:28.499Z","url":"/api/orders/admin/all?page=1&limit=25"}
{"durationMs":25,"level":"info","message":"request_end","requestId":"b9d4fbe6-4696-4876-872c-141cd9ef9d4c","statusCode":304,"timestamp":"2026-05-25T17:54:28.524Z"}
{"ip":"::1","level":"info","message":"request_start","method":"GET","requestId":"965b73c7-fc47-4db4-a533-087249933383","timestamp":"2026-05-25T17:54:28.529Z","url":"/api/orders/admin/all?page=1&limit=25"}
{"ip":"::1","level":"info","message":"request_start","method":"GET","requestId":"6ac966df-fe92-40b0-8877-c98be6a53944","timestamp":"2026-05-25T17:54:28.536Z","url":"/api/orders/admin/stats"}
{"durationMs":19,"level":"info","message":"request_end","requestId":"965b73c7-fc47-4db4-a533-087249933383","statusCode":304,"timestamp":"2026-05-25T17:54:28.548Z"}
{"durationMs":33,"level":"info","message":"request_end","requestId":"6ac966df-fe92-40b0-8877-c98be6a53944","statusCode":304,"timestamp":"2026-05-25T17:54:28.569Z"}
{"ip":"::1","level":"info","message":"request_start","method":"GET","requestId":"0601b145-8e86-4452-aa2f-a65d84dabccf","timestamp":"2026-05-25T17:54:28.573Z","url":"/api/orders/admin/stats"}
{"durationMs":31,"level":"info","message":"request_end","requestId":"0601b145-8e86-4452-aa2f-a65d84dabccf","statusCode":304,"timestamp":"2026-05-25T17:54:28.603Z"}
{"ip":"::1","level":"info","message":"request_start","method":"GET","requestId":"707951c7-ea3e-40ad-a88b-bbc0ebc2d108","timestamp":"2026-05-25T17:58:36.770Z","url":"/api/orders/admin/stats"}
{"ip":"::1","level":"info","message":"request_start","method":"GET","requestId":"41874775-18cd-4a53-8c7c-14b44215e5df","timestamp":"2026-05-25T17:58:36.787Z","url":"/api/payments/admin/stats"}
{"ip":"::1","level":"info","message":"request_start","method":"GET","requestId":"4c6fef87-8626-4158-977b-a6d8c04d486e","timestamp":"2026-05-25T17:58:36.804Z","url":"/api/products/admin/stats"}
{"ip":"::1","level":"info","message":"request_start","method":"GET","requestId":"08fddc68-902c-420b-8512-246c719988cc","timestamp":"2026-05-25T17:58:36.819Z","url":"/api/reviews/admin/stats"}
{"ip":"::1","level":"info","message":"request_start","method":"GET","requestId":"5360d40b-b27f-4f14-8f85-ad9e4c8aad8c","timestamp":"2026-05-25T17:58:36.831Z","url":"/api/recommendations/admin/analytics"}
{"ip":"::1","level":"info","message":"request_start","method":"GET","requestId":"ba55e746-74d1-40e8-93b7-919620e5bb4c","timestamp":"2026-05-25T17:58:36.837Z","url":"/api/products?page=1&limit=100"}
{"ip":"::1","level":"info","message":"request_start","method":"GET","requestId":"9949821a-051d-442d-b056-12b9d5212a9a","timestamp":"2026-05-25T17:58:36.850Z","url":"/api/users/me"}
{"durationMs":85,"level":"info","message":"request_end","requestId":"9949821a-051d-442d-b056-12b9d5212a9a","statusCode":304,"timestamp":"2026-05-25T17:58:36.935Z"}
{"durationMs":122,"level":"info","message":"request_end","requestId":"5360d40b-b27f-4f14-8f85-ad9e4c8aad8c","statusCode":304,"timestamp":"2026-05-25T17:58:36.953Z"}
{"durationMs":130,"level":"info","message":"request_end","requestId":"ba55e746-74d1-40e8-93b7-919620e5bb4c","statusCode":200,"timestamp":"2026-05-25T17:58:36.967Z"}
{"durationMs":169,"level":"info","message":"request_end","requestId":"08fddc68-902c-420b-8512-246c719988cc","statusCode":304,"timestamp":"2026-05-25T17:58:36.988Z"}
{"durationMs":194,"level":"info","message":"request_end","requestId":"4c6fef87-8626-4158-977b-a6d8c04d486e","statusCode":304,"timestamp":"2026-05-25T17:58:36.998Z"}
{"ip":"::1","level":"info","message":"request_start","method":"GET","requestId":"4c5a0968-81e8-499a-bb6c-d37cec8ac72c","timestamp":"2026-05-25T17:58:37.001Z","url":"/api/cart"}
{"ip":"::1","level":"info","message":"request_start","method":"GET","requestId":"01ea7e0f-702f-4bff-b5dd-86a991647adc","timestamp":"2026-05-25T17:58:37.005Z","url":"/api/users/me"}
{"durationMs":252,"level":"info","message":"request_end","requestId":"41874775-18cd-4a53-8c7c-14b44215e5df","statusCode":304,"timestamp":"2026-05-25T17:58:37.039Z"}
{"durationMs":44,"level":"info","message":"request_end","requestId":"4c5a0968-81e8-499a-bb6c-d37cec8ac72c","statusCode":304,"timestamp":"2026-05-25T17:58:37.045Z"}
{"durationMs":44,"level":"info","message":"request_end","requestId":"01ea7e0f-702f-4bff-b5dd-86a991647adc","statusCode":304,"timestamp":"2026-05-25T17:58:37.050Z"}
{"durationMs":289,"level":"info","message":"request_end","requestId":"707951c7-ea3e-40ad-a88b-bbc0ebc2d108","statusCode":304,"timestamp":"2026-05-25T17:58:37.059Z"}
{"ip":"::1","level":"info","message":"request_start","method":"GET","requestId":"890c9e41-3fa1-4579-b6d5-055188b51e5e","timestamp":"2026-05-25T17:58:40.943Z","url":"/api/orders/admin/all?page=1&limit=25"}
{"durationMs":22,"level":"info","message":"request_end","requestId":"890c9e41-3fa1-4579-b6d5-055188b51e5e","statusCode":304,"timestamp":"2026-05-25T17:58:40.965Z"}
{"ip":"::1","level":"info","message":"request_start","method":"GET","requestId":"a3be9be1-70f3-48a4-956f-a6c45eb8a2a7","timestamp":"2026-05-25T17:58:40.968Z","url":"/api/orders/admin/all?page=1&limit=25"}
{"ip":"::1","level":"info","message":"request_start","method":"GET","requestId":"ba58fee3-079f-42f2-bfe4-b28a071b1545","timestamp":"2026-05-25T17:58:40.982Z","url":"/api/orders/admin/stats"}
{"durationMs":21,"level":"info","message":"request_end","requestId":"a3be9be1-70f3-48a4-956f-a6c45eb8a2a7","statusCode":304,"timestamp":"2026-05-25T17:58:40.989Z"}
{"durationMs":36,"level":"info","message":"request_end","requestId":"ba58fee3-079f-42f2-bfe4-b28a071b1545","statusCode":304,"timestamp":"2026-05-25T17:58:41.018Z"}
{"ip":"::1","level":"info","message":"request_start","method":"GET","requestId":"8dd486d6-6f0a-4785-a550-5c80abd4fa71","timestamp":"2026-05-25T17:58:41.020Z","url":"/api/orders/admin/stats"}
{"durationMs":26,"level":"info","message":"request_end","requestId":"8dd486d6-6f0a-4785-a550-5c80abd4fa71","statusCode":304,"timestamp":"2026-05-25T17:58:41.046Z"}
{"ip":"::1","level":"info","message":"request_start","method":"GET","requestId":"9d169ea3-7b7e-4bfc-8d38-a1d67e4c6abb","timestamp":"2026-05-25T17:58:47.559Z","url":"/api/orders/admin/stats"}
{"ip":"::1","level":"info","message":"request_start","method":"GET","requestId":"f82cc8ff-23d4-4780-ac95-53f03a7b5abd","timestamp":"2026-05-25T17:58:47.563Z","url":"/api/payments/admin/stats"}
{"ip":"::1","level":"info","message":"request_start","method":"GET","requestId":"b1167778-7ba6-4e65-8973-d1fe04a26d52","timestamp":"2026-05-25T17:58:47.566Z","url":"/api/products/admin/stats"}
{"ip":"::1","level":"info","message":"request_start","method":"GET","requestId":"bf73726a-621e-4dfd-8ef6-c19bad6d1e61","timestamp":"2026-05-25T17:58:47.569Z","url":"/api/reviews/admin/stats"}
{"ip":"::1","level":"info","message":"request_start","method":"GET","requestId":"1f4ae61c-c686-4790-93c1-5eb7a67befbe","timestamp":"2026-05-25T17:58:47.572Z","url":"/api/recommendations/admin/analytics"}
{"ip":"::1","level":"info","message":"request_start","method":"GET","requestId":"50a2372c-8b15-45cd-ab01-e5f6ca288fd4","timestamp":"2026-05-25T17:58:47.576Z","url":"/api/products?page=1&limit=100"}
{"ip":"::1","level":"info","message":"request_start","method":"GET","requestId":"8bc069ee-a18b-47e6-85cf-abdc3bc093e3","timestamp":"2026-05-25T17:58:47.582Z","url":"/api/users/me"}
{"durationMs":70,"level":"info","message":"request_end","requestId":"8bc069ee-a18b-47e6-85cf-abdc3bc093e3","statusCode":304,"timestamp":"2026-05-25T17:58:47.652Z"}
{"durationMs":90,"level":"info","message":"request_end","requestId":"50a2372c-8b15-45cd-ab01-e5f6ca288fd4","statusCode":200,"timestamp":"2026-05-25T17:58:47.666Z"}
{"durationMs":102,"level":"info","message":"request_end","requestId":"bf73726a-621e-4dfd-8ef6-c19bad6d1e61","statusCode":304,"timestamp":"2026-05-25T17:58:47.671Z"}
{"durationMs":103,"level":"info","message":"request_end","requestId":"1f4ae61c-c686-4790-93c1-5eb7a67befbe","statusCode":304,"timestamp":"2026-05-25T17:58:47.674Z"}
{"durationMs":116,"level":"info","message":"request_end","requestId":"b1167778-7ba6-4e65-8973-d1fe04a26d52","statusCode":304,"timestamp":"2026-05-25T17:58:47.682Z"}
{"ip":"::1","level":"info","message":"request_start","method":"GET","requestId":"69daa006-98d8-43d2-a0d3-b1c102aed195","timestamp":"2026-05-25T17:58:47.687Z","url":"/api/cart"}
{"ip":"::1","level":"info","message":"request_start","method":"GET","requestId":"64e35a52-0a1b-4c6a-8974-a325c0021d25","timestamp":"2026-05-25T17:58:47.690Z","url":"/api/users/me"}
{"durationMs":133,"level":"info","message":"request_end","requestId":"f82cc8ff-23d4-4780-ac95-53f03a7b5abd","statusCode":304,"timestamp":"2026-05-25T17:58:47.697Z"}
{"durationMs":145,"level":"info","message":"request_end","requestId":"9d169ea3-7b7e-4bfc-8d38-a1d67e4c6abb","statusCode":304,"timestamp":"2026-05-25T17:58:47.704Z"}
{"durationMs":20,"level":"info","message":"request_end","requestId":"69daa006-98d8-43d2-a0d3-b1c102aed195","statusCode":304,"timestamp":"2026-05-25T17:58:47.707Z"}
{"durationMs":25,"level":"info","message":"request_end","requestId":"64e35a52-0a1b-4c6a-8974-a325c0021d25","statusCode":304,"timestamp":"2026-05-25T17:58:47.715Z"}
{"ip":"::1","level":"info","message":"request_start","method":"GET","requestId":"34d46034-d3a1-4019-8097-31bcf7727ca0","timestamp":"2026-05-25T17:58:55.545Z","url":"/api/orders/admin/all?page=1&limit=25"}
{"durationMs":38,"level":"info","message":"request_end","requestId":"34d46034-d3a1-4019-8097-31bcf7727ca0","statusCode":304,"timestamp":"2026-05-25T17:58:55.584Z"}
{"ip":"::1","level":"info","message":"request_start","method":"GET","requestId":"57b3d568-b141-4273-98fa-01c4b389aaeb","timestamp":"2026-05-25T17:58:55.588Z","url":"/api/orders/admin/all?page=1&limit=25"}
{"ip":"::1","level":"info","message":"request_start","method":"GET","requestId":"1fb15a30-cff2-4de7-905b-7875727403ce","timestamp":"2026-05-25T17:58:55.604Z","url":"/api/orders/admin/stats"}
{"durationMs":61,"level":"info","message":"request_end","requestId":"57b3d568-b141-4273-98fa-01c4b389aaeb","statusCode":304,"timestamp":"2026-05-25T17:58:55.649Z"}
{"durationMs":62,"level":"info","message":"request_end","requestId":"1fb15a30-cff2-4de7-905b-7875727403ce","statusCode":304,"timestamp":"2026-05-25T17:58:55.665Z"}
{"ip":"::1","level":"info","message":"request_start","method":"GET","requestId":"97fac8cb-6a9c-4022-b683-b330d1c5445f","timestamp":"2026-05-25T17:58:55.668Z","url":"/api/orders/admin/stats"}
{"durationMs":43,"level":"info","message":"request_end","requestId":"97fac8cb-6a9c-4022-b683-b330d1c5445f","statusCode":304,"timestamp":"2026-05-25T17:58:55.711Z"}
{"ip":"::1","level":"info","message":"request_start","method":"GET","requestId":"7ff3e9ee-d311-4f87-a379-f84b6f3ab5c1","timestamp":"2026-05-25T17:58:58.886Z","url":"/api/orders/admin/all?page=1&limit=25"}
{"durationMs":31,"level":"info","message":"request_end","requestId":"7ff3e9ee-d311-4f87-a379-f84b6f3ab5c1","statusCode":304,"timestamp":"2026-05-25T17:58:58.917Z"}
{"ip":"::1","level":"info","message":"request_start","method":"GET","requestId":"a9646e1d-2fb2-4954-9b47-9643d2563621","timestamp":"2026-05-25T17:58:58.928Z","url":"/api/orders/admin/stats"}
{"durationMs":38,"level":"info","message":"request_end","requestId":"a9646e1d-2fb2-4954-9b47-9643d2563621","statusCode":304,"timestamp":"2026-05-25T17:58:58.966Z"}
{"ip":"::1","level":"info","message":"request_start","method":"GET","requestId":"cd182271-aa4f-4ea5-b5ee-d4b338f68b4d","timestamp":"2026-05-25T17:58:59.771Z","url":"/api/orders/admin/all?page=1&limit=25"}
{"durationMs":57,"level":"info","message":"request_end","requestId":"cd182271-aa4f-4ea5-b5ee-d4b338f68b4d","statusCode":304,"timestamp":"2026-05-25T17:58:59.829Z"}
{"ip":"::1","level":"info","message":"request_start","method":"GET","requestId":"0561f476-8495-4950-b76e-21830caa42ad","timestamp":"2026-05-25T17:58:59.852Z","url":"/api/orders/admin/stats"}
{"durationMs":37,"level":"info","message":"request_end","requestId":"0561f476-8495-4950-b76e-21830caa42ad","statusCode":304,"timestamp":"2026-05-25T17:58:59.889Z"}
{"ip":"::1","level":"info","message":"request_start","method":"GET","requestId":"314d2440-3986-4b63-aa93-314f82d22d5d","timestamp":"2026-05-25T17:59:36.792Z","url":"/api/orders/admin/all?page=1&limit=25"}
{"durationMs":37,"level":"info","message":"request_end","requestId":"314d2440-3986-4b63-aa93-314f82d22d5d","statusCode":304,"timestamp":"2026-05-25T17:59:36.830Z"}
{"ip":"::1","level":"info","message":"request_start","method":"GET","requestId":"b2e5b098-0595-44fc-8b22-591cc484d8ae","timestamp":"2026-05-25T17:59:36.842Z","url":"/api/orders/admin/stats"}
{"durationMs":32,"level":"info","message":"request_end","requestId":"b2e5b098-0595-44fc-8b22-591cc484d8ae","statusCode":304,"timestamp":"2026-05-25T17:59:36.874Z"}
{"ip":"::1","level":"info","message":"request_start","method":"GET","requestId":"a6558e8a-d219-46e6-b4bf-ff155d87a07e","timestamp":"2026-05-25T17:59:40.162Z","url":"/api/orders/admin/stats"}
{"ip":"::1","level":"info","message":"request_start","method":"GET","requestId":"b59110ca-7036-4a57-b105-43d5af02d98a","timestamp":"2026-05-25T17:59:40.212Z","url":"/api/payments/admin/stats"}
{"ip":"::1","level":"info","message":"request_start","method":"GET","requestId":"8bd5a5a0-848e-415d-9cd0-109e6459de02","timestamp":"2026-05-25T17:59:40.240Z","url":"/api/products/admin/stats"}
{"ip":"::1","level":"info","message":"request_start","method":"GET","requestId":"d98e21c5-26f7-4f46-854f-2de27c667c0e","timestamp":"2026-05-25T17:59:40.280Z","url":"/api/reviews/admin/stats"}
{"ip":"::1","level":"info","message":"request_start","method":"GET","requestId":"3d1fd4fd-5868-4dc9-8e5f-d6e49233c2b4","timestamp":"2026-05-25T17:59:40.336Z","url":"/api/recommendations/admin/analytics"}
{"ip":"::1","level":"info","message":"request_start","method":"GET","requestId":"3b7b94f4-5916-429d-aafa-ac6cf99ffb86","timestamp":"2026-05-25T17:59:40.389Z","url":"/api/products?page=1&limit=100"}
{"ip":"::1","level":"info","message":"request_start","method":"GET","requestId":"0ace9253-3ab1-4625-8254-da74f71d772d","timestamp":"2026-05-25T17:59:40.411Z","url":"/api/users/me"}
{"durationMs":67,"level":"info","message":"request_end","requestId":"0ace9253-3ab1-4625-8254-da74f71d772d","statusCode":304,"timestamp":"2026-05-25T17:59:40.478Z"}
{"durationMs":114,"level":"info","message":"request_end","requestId":"3b7b94f4-5916-429d-aafa-ac6cf99ffb86","statusCode":200,"timestamp":"2026-05-25T17:59:40.503Z"}
{"durationMs":243,"level":"info","message":"request_end","requestId":"d98e21c5-26f7-4f46-854f-2de27c667c0e","statusCode":304,"timestamp":"2026-05-25T17:59:40.523Z"}
{"durationMs":194,"level":"info","message":"request_end","requestId":"3d1fd4fd-5868-4dc9-8e5f-d6e49233c2b4","statusCode":304,"timestamp":"2026-05-25T17:59:40.530Z"}
{"ip":"::1","level":"info","message":"request_start","method":"GET","requestId":"2bf69c9f-4a85-40f6-bfc2-f39c985d5556","timestamp":"2026-05-25T17:59:40.552Z","url":"/api/cart"}
{"durationMs":330,"level":"info","message":"request_end","requestId":"8bd5a5a0-848e-415d-9cd0-109e6459de02","statusCode":304,"timestamp":"2026-05-25T17:59:40.570Z"}
{"ip":"::1","level":"info","message":"request_start","method":"GET","requestId":"75bc06ae-3ab0-4c2f-a138-b8269279ad91","timestamp":"2026-05-25T17:59:40.626Z","url":"/api/users/me"}
{"durationMs":429,"level":"info","message":"request_end","requestId":"b59110ca-7036-4a57-b105-43d5af02d98a","statusCode":304,"timestamp":"2026-05-25T17:59:40.641Z"}
{"durationMs":110,"level":"info","message":"request_end","requestId":"2bf69c9f-4a85-40f6-bfc2-f39c985d5556","statusCode":304,"timestamp":"2026-05-25T17:59:40.661Z"}
{"durationMs":502,"level":"info","message":"request_end","requestId":"a6558e8a-d219-46e6-b4bf-ff155d87a07e","statusCode":304,"timestamp":"2026-05-25T17:59:40.664Z"}
{"durationMs":47,"level":"info","message":"request_end","requestId":"75bc06ae-3ab0-4c2f-a138-b8269279ad91","statusCode":304,"timestamp":"2026-05-25T17:59:40.673Z"}
{"ip":"::1","level":"info","message":"request_start","method":"GET","requestId":"0c92246e-c223-40e0-96b5-54473641f07e","timestamp":"2026-05-25T17:59:41.386Z","url":"/api/orders/admin/all?page=1&limit=25"}
{"durationMs":15,"level":"info","message":"request_end","requestId":"0c92246e-c223-40e0-96b5-54473641f07e","statusCode":304,"timestamp":"2026-05-25T17:59:41.401Z"}
{"ip":"::1","level":"info","message":"request_start","method":"GET","requestId":"d54bd4c7-0d05-4db1-87e9-322bf1e2dda3","timestamp":"2026-05-25T17:59:41.404Z","url":"/api/orders/admin/all?page=1&limit=25"}
{"ip":"::1","level":"info","message":"request_start","method":"GET","requestId":"e1166311-4430-4ae5-81cc-d81d1d73ee11","timestamp":"2026-05-25T17:59:41.410Z","url":"/api/orders/admin/stats"}
{"durationMs":22,"level":"info","message":"request_end","requestId":"d54bd4c7-0d05-4db1-87e9-322bf1e2dda3","statusCode":304,"timestamp":"2026-05-25T17:59:41.426Z"}
{"durationMs":34,"level":"info","message":"request_end","requestId":"e1166311-4430-4ae5-81cc-d81d1d73ee11","statusCode":304,"timestamp":"2026-05-25T17:59:41.444Z"}
{"ip":"::1","level":"info","message":"request_start","method":"GET","requestId":"0229c41f-096b-4e47-a326-30acfe63e4d7","timestamp":"2026-05-25T17:59:41.446Z","url":"/api/orders/admin/stats"}
{"durationMs":24,"level":"info","message":"request_end","requestId":"0229c41f-096b-4e47-a326-30acfe63e4d7","statusCode":304,"timestamp":"2026-05-25T17:59:41.470Z"}
{"ip":"::1","level":"info","message":"request_start","method":"GET","requestId":"b086937d-6ff7-4045-b5ad-95e3f0bd4636","timestamp":"2026-05-25T17:59:43.462Z","url":"/api/orders/admin/all?page=1&limit=25"}
{"durationMs":13,"level":"info","message":"request_end","requestId":"b086937d-6ff7-4045-b5ad-95e3f0bd4636","statusCode":304,"timestamp":"2026-05-25T17:59:43.475Z"}
{"ip":"::1","level":"info","message":"request_start","method":"GET","requestId":"bb0d1745-6c91-4c60-b5a9-62369bb06b85","timestamp":"2026-05-25T17:59:43.481Z","url":"/api/orders/admin/stats"}
{"durationMs":26,"level":"info","message":"request_end","requestId":"bb0d1745-6c91-4c60-b5a9-62369bb06b85","statusCode":304,"timestamp":"2026-05-25T17:59:43.508Z"}
{"ip":"::1","level":"info","message":"request_start","method":"GET","requestId":"2192c6d3-95d3-40dc-b596-3065b75ceff0","timestamp":"2026-05-25T17:59:44.345Z","url":"/api/orders/admin/all?page=1&limit=25"}
{"durationMs":46,"level":"info","message":"request_end","requestId":"2192c6d3-95d3-40dc-b596-3065b75ceff0","statusCode":304,"timestamp":"2026-05-25T17:59:44.391Z"}
{"ip":"::1","level":"info","message":"request_start","method":"GET","requestId":"404bdd4d-7557-434a-a894-2210fc5bb2fa","timestamp":"2026-05-25T17:59:44.405Z","url":"/api/orders/admin/stats"}
{"durationMs":37,"level":"info","message":"request_end","requestId":"404bdd4d-7557-434a-a894-2210fc5bb2fa","statusCode":304,"timestamp":"2026-05-25T17:59:44.442Z"}
{"ip":"::1","level":"info","message":"request_start","method":"GET","requestId":"5f293fee-8bd4-49eb-bde1-614c01c3d527","timestamp":"2026-05-25T17:59:44.677Z","url":"/api/orders/admin/all?page=1&limit=25"}
{"durationMs":13,"level":"info","message":"request_end","requestId":"5f293fee-8bd4-49eb-bde1-614c01c3d527","statusCode":304,"timestamp":"2026-05-25T17:59:44.690Z"}
{"ip":"::1","level":"info","message":"request_start","method":"GET","requestId":"8c0d79f4-189e-4e3e-ae76-2eeb9b335c8c","timestamp":"2026-05-25T17:59:44.697Z","url":"/api/orders/admin/stats"}
{"durationMs":21,"level":"info","message":"request_end","requestId":"8c0d79f4-189e-4e3e-ae76-2eeb9b335c8c","statusCode":304,"timestamp":"2026-05-25T17:59:44.718Z"}
{"ip":"::1","level":"info","message":"request_start","method":"GET","requestId":"672aa9e9-dbd8-4e06-a442-c82c5a367250","timestamp":"2026-05-25T17:59:44.865Z","url":"/api/orders/admin/all?page=1&limit=25"}
{"durationMs":22,"level":"info","message":"request_end","requestId":"672aa9e9-dbd8-4e06-a442-c82c5a367250","statusCode":304,"timestamp":"2026-05-25T17:59:44.887Z"}
{"ip":"::1","level":"info","message":"request_start","method":"GET","requestId":"ab206ab4-0fe7-4078-9438-a5b2e3bedbdc","timestamp":"2026-05-25T17:59:44.898Z","url":"/api/orders/admin/stats"}
{"durationMs":62,"level":"info","message":"request_end","requestId":"ab206ab4-0fe7-4078-9438-a5b2e3bedbdc","statusCode":304,"timestamp":"2026-05-25T17:59:44.960Z"}
{"ip":"::1","level":"info","message":"request_start","method":"GET","requestId":"7620c009-92a4-4552-b05f-0b639df3fff3","timestamp":"2026-05-25T17:59:53.766Z","url":"/api/payments/admin/all?page=1&limit=25"}
{"ip":"::1","level":"info","message":"request_start","method":"GET","requestId":"cf0f46a6-a0b7-41c9-a9c7-d21e8d23a0d4","timestamp":"2026-05-25T17:59:53.779Z","url":"/api/payments/admin/stats"}
{"durationMs":56,"level":"info","message":"request_end","requestId":"7620c009-92a4-4552-b05f-0b639df3fff3","statusCode":304,"timestamp":"2026-05-25T17:59:53.822Z"}
{"ip":"::1","level":"info","message":"request_start","method":"GET","requestId":"7aa37a71-f195-41df-b0ab-b233476fb684","timestamp":"2026-05-25T17:59:53.843Z","url":"/api/payments/admin/all?page=1&limit=25"}
{"durationMs":26,"level":"info","message":"request_end","requestId":"7aa37a71-f195-41df-b0ab-b233476fb684","statusCode":304,"timestamp":"2026-05-25T17:59:53.868Z"}
{"durationMs":119,"level":"info","message":"request_end","requestId":"cf0f46a6-a0b7-41c9-a9c7-d21e8d23a0d4","statusCode":304,"timestamp":"2026-05-25T17:59:53.898Z"}
{"ip":"::1","level":"info","message":"request_start","method":"GET","requestId":"6aaab238-ebcd-4407-b399-a5c8cb868d38","timestamp":"2026-05-25T17:59:53.916Z","url":"/api/payments/admin/stats"}
{"durationMs":308,"level":"info","message":"request_end","requestId":"6aaab238-ebcd-4407-b399-a5c8cb868d38","statusCode":304,"timestamp":"2026-05-25T17:59:54.224Z"}
{"ip":"::1","level":"info","message":"request_start","method":"GET","requestId":"74d40ddf-41d6-45ff-bca8-552e79099b7d","timestamp":"2026-05-25T17:59:58.932Z","url":"/api/payments/admin/all?page=1&limit=25"}
{"ip":"::1","level":"info","message":"request_start","method":"GET","requestId":"63472004-8212-44d6-a81e-04ecd9c73b14","timestamp":"2026-05-25T17:59:58.938Z","url":"/api/payments/admin/stats"}
{"durationMs":17,"level":"info","message":"request_end","requestId":"74d40ddf-41d6-45ff-bca8-552e79099b7d","statusCode":304,"timestamp":"2026-05-25T17:59:58.949Z"}
{"durationMs":21,"level":"info","message":"request_end","requestId":"63472004-8212-44d6-a81e-04ecd9c73b14","statusCode":304,"timestamp":"2026-05-25T17:59:58.959Z"}
{"ip":"::1","level":"info","message":"request_start","method":"GET","requestId":"0eb162c0-04db-4ea5-a59d-3e90766b119e","timestamp":"2026-05-25T17:59:59.897Z","url":"/api/payments/admin/all?page=1&limit=25"}
{"ip":"::1","level":"info","message":"request_start","method":"GET","requestId":"3147d196-1091-4dd1-84df-e4878109c882","timestamp":"2026-05-25T17:59:59.899Z","url":"/api/payments/admin/stats"}
{"durationMs":14,"level":"info","message":"request_end","requestId":"0eb162c0-04db-4ea5-a59d-3e90766b119e","statusCode":304,"timestamp":"2026-05-25T17:59:59.911Z"}
{"durationMs":44,"level":"info","message":"request_end","requestId":"3147d196-1091-4dd1-84df-e4878109c882","statusCode":304,"timestamp":"2026-05-25T17:59:59.943Z"}
{"ip":"::1","level":"info","message":"request_start","method":"GET","requestId":"3d3802b9-44fd-493e-8907-872ca87efa33","timestamp":"2026-05-25T18:00:08.325Z","url":"/api/orders/admin/all?page=1&limit=25"}
{"durationMs":20,"level":"info","message":"request_end","requestId":"3d3802b9-44fd-493e-8907-872ca87efa33","statusCode":304,"timestamp":"2026-05-25T18:00:08.345Z"}
{"ip":"::1","level":"info","message":"request_start","method":"GET","requestId":"21e40f02-d6f1-41d8-acbf-4fd88806fd3d","timestamp":"2026-05-25T18:00:08.347Z","url":"/api/orders/admin/all?page=1&limit=25"}
{"ip":"::1","level":"info","message":"request_start","method":"GET","requestId":"5b7a2c61-5957-408b-9e4d-158894c9c950","timestamp":"2026-05-25T18:00:08.355Z","url":"/api/orders/admin/stats"}
{"durationMs":31,"level":"info","message":"request_end","requestId":"21e40f02-d6f1-41d8-acbf-4fd88806fd3d","statusCode":304,"timestamp":"2026-05-25T18:00:08.378Z"}
{"durationMs":43,"level":"info","message":"request_end","requestId":"5b7a2c61-5957-408b-9e4d-158894c9c950","statusCode":304,"timestamp":"2026-05-25T18:00:08.398Z"}
{"ip":"::1","level":"info","message":"request_start","method":"GET","requestId":"a4c26e6b-82a6-47ca-a9bf-c497866d720f","timestamp":"2026-05-25T18:00:08.401Z","url":"/api/orders/admin/stats"}
{"durationMs":40,"level":"info","message":"request_end","requestId":"a4c26e6b-82a6-47ca-a9bf-c497866d720f","statusCode":304,"timestamp":"2026-05-25T18:00:08.441Z"}
{"ip":"::1","level":"info","message":"request_start","method":"GET","requestId":"becb54d1-edd4-4ddf-b9c9-4a2ba9f1a7df","timestamp":"2026-05-25T18:00:10.428Z","url":"/api/orders/admin/stats"}
{"ip":"::1","level":"info","message":"request_start","method":"GET","requestId":"8f36876d-0e1b-44ee-9ad7-af8c5f933241","timestamp":"2026-05-25T18:00:10.436Z","url":"/api/payments/admin/stats"}
{"ip":"::1","level":"info","message":"request_start","method":"GET","requestId":"01432f89-ce31-4a86-8603-6c42709eb093","timestamp":"2026-05-25T18:00:10.448Z","url":"/api/products/admin/stats"}
{"ip":"::1","level":"info","message":"request_start","method":"GET","requestId":"619098da-1028-4c6a-ae2b-4f16a90443d6","timestamp":"2026-05-25T18:00:10.456Z","url":"/api/reviews/admin/stats"}
{"ip":"::1","level":"info","message":"request_start","method":"GET","requestId":"a47e0a3b-7ecb-46b5-b2cc-890b5ec0430c","timestamp":"2026-05-25T18:00:10.463Z","url":"/api/recommendations/admin/analytics"}
{"durationMs":76,"level":"info","message":"request_end","requestId":"619098da-1028-4c6a-ae2b-4f16a90443d6","statusCode":304,"timestamp":"2026-05-25T18:00:10.532Z"}
{"durationMs":87,"level":"info","message":"request_end","requestId":"a47e0a3b-7ecb-46b5-b2cc-890b5ec0430c","statusCode":304,"timestamp":"2026-05-25T18:00:10.549Z"}
{"ip":"::1","level":"info","message":"request_start","method":"GET","requestId":"10363352-9a05-4ccf-9926-e277c429e3a9","timestamp":"2026-05-25T18:00:10.558Z","url":"/api/reviews/admin/stats"}
{"durationMs":130,"level":"info","message":"request_end","requestId":"8f36876d-0e1b-44ee-9ad7-af8c5f933241","statusCode":304,"timestamp":"2026-05-25T18:00:10.566Z"}
{"durationMs":121,"level":"info","message":"request_end","requestId":"01432f89-ce31-4a86-8603-6c42709eb093","statusCode":304,"timestamp":"2026-05-25T18:00:10.569Z"}
{"ip":"::1","level":"info","message":"request_start","method":"GET","requestId":"f69b9c13-5285-4031-9f81-e1b40613506b","timestamp":"2026-05-25T18:00:10.581Z","url":"/api/recommendations/admin/analytics"}
{"ip":"::1","level":"info","message":"request_start","method":"GET","requestId":"259ea70b-0d22-44ee-93aa-170e14bb0eeb","timestamp":"2026-05-25T18:00:10.591Z","url":"/api/payments/admin/stats"}
{"ip":"::1","level":"info","message":"request_start","method":"GET","requestId":"46ca4493-8a4c-4ec0-89a5-11ca424fe3c5","timestamp":"2026-05-25T18:00:10.597Z","url":"/api/products/admin/stats"}
{"durationMs":187,"level":"info","message":"request_end","requestId":"becb54d1-edd4-4ddf-b9c9-4a2ba9f1a7df","statusCode":304,"timestamp":"2026-05-25T18:00:10.615Z"}
{"durationMs":77,"level":"info","message":"request_end","requestId":"10363352-9a05-4ccf-9926-e277c429e3a9","statusCode":304,"timestamp":"2026-05-25T18:00:10.635Z"}
{"ip":"::1","level":"info","message":"request_start","method":"GET","requestId":"bc836eaf-77a1-4479-9001-23b9cbbea743","timestamp":"2026-05-25T18:00:10.641Z","url":"/api/orders/admin/stats"}
{"durationMs":94,"level":"info","message":"request_end","requestId":"f69b9c13-5285-4031-9f81-e1b40613506b","statusCode":304,"timestamp":"2026-05-25T18:00:10.675Z"}
{"durationMs":89,"level":"info","message":"request_end","requestId":"46ca4493-8a4c-4ec0-89a5-11ca424fe3c5","statusCode":304,"timestamp":"2026-05-25T18:00:10.685Z"}
{"durationMs":98,"level":"info","message":"request_end","requestId":"259ea70b-0d22-44ee-93aa-170e14bb0eeb","statusCode":304,"timestamp":"2026-05-25T18:00:10.689Z"}
{"durationMs":72,"level":"info","message":"request_end","requestId":"bc836eaf-77a1-4479-9001-23b9cbbea743","statusCode":304,"timestamp":"2026-05-25T18:00:10.713Z"}
{"ip":"::1","level":"info","message":"request_start","method":"GET","requestId":"b2dd4bc6-1e40-4f78-8847-05412bca2ec0","timestamp":"2026-05-25T18:00:25.237Z","url":"/api/orders/admin/all?page=1&limit=25"}
{"durationMs":26,"level":"info","message":"request_end","requestId":"b2dd4bc6-1e40-4f78-8847-05412bca2ec0","statusCode":304,"timestamp":"2026-05-25T18:00:25.263Z"}
{"ip":"::1","level":"info","message":"request_start","method":"GET","requestId":"14af16f4-b441-4c57-98c8-fc84e2a1fcc5","timestamp":"2026-05-25T18:00:25.266Z","url":"/api/orders/admin/all?page=1&limit=25"}
{"ip":"::1","level":"info","message":"request_start","method":"GET","requestId":"88f19fa9-ab3f-45c1-95c3-eb946dac0088","timestamp":"2026-05-25T18:00:25.277Z","url":"/api/orders/admin/stats"}
{"durationMs":32,"level":"info","message":"request_end","requestId":"14af16f4-b441-4c57-98c8-fc84e2a1fcc5","statusCode":304,"timestamp":"2026-05-25T18:00:25.298Z"}
{"durationMs":43,"level":"info","message":"request_end","requestId":"88f19fa9-ab3f-45c1-95c3-eb946dac0088","statusCode":304,"timestamp":"2026-05-25T18:00:25.320Z"}
{"ip":"::1","level":"info","message":"request_start","method":"GET","requestId":"27740e72-7b88-4a78-9778-e2af53d3364a","timestamp":"2026-05-25T18:00:25.333Z","url":"/api/orders/admin/stats"}
{"durationMs":55,"level":"info","message":"request_end","requestId":"27740e72-7b88-4a78-9778-e2af53d3364a","statusCode":304,"timestamp":"2026-05-25T18:00:25.387Z"}
{"ip":"::1","level":"info","message":"request_start","method":"GET","requestId":"f3b447e6-73a5-4102-9f0d-0e6e6b57613c","timestamp":"2026-05-25T18:00:29.549Z","url":"/api/payments/admin/all?page=1&limit=25"}
{"ip":"::1","level":"info","message":"request_start","method":"GET","requestId":"2c0476ad-2789-4c6c-8c5c-583c9bc2d2be","timestamp":"2026-05-25T18:00:29.553Z","url":"/api/payments/admin/stats"}
{"durationMs":39,"level":"info","message":"request_end","requestId":"f3b447e6-73a5-4102-9f0d-0e6e6b57613c","statusCode":304,"timestamp":"2026-05-25T18:00:29.588Z"}
{"ip":"::1","level":"info","message":"request_start","method":"GET","requestId":"20b2906e-6f40-47ad-9c1e-aa824e5c8b0e","timestamp":"2026-05-25T18:00:29.598Z","url":"/api/payments/admin/all?page=1&limit=25"}
{"durationMs":57,"level":"info","message":"request_end","requestId":"2c0476ad-2789-4c6c-8c5c-583c9bc2d2be","statusCode":304,"timestamp":"2026-05-25T18:00:29.610Z"}
{"durationMs":16,"level":"info","message":"request_end","requestId":"20b2906e-6f40-47ad-9c1e-aa824e5c8b0e","statusCode":304,"timestamp":"2026-05-25T18:00:29.614Z"}
{"ip":"::1","level":"info","message":"request_start","method":"GET","requestId":"e4ab0fc4-76b0-48ba-bfda-540d46be2a19","timestamp":"2026-05-25T18:00:29.616Z","url":"/api/payments/admin/stats"}
{"durationMs":49,"level":"info","message":"request_end","requestId":"e4ab0fc4-76b0-48ba-bfda-540d46be2a19","statusCode":304,"timestamp":"2026-05-25T18:00:29.664Z"}
{"ip":"::1","level":"info","message":"request_start","method":"GET","requestId":"f502890e-c3a0-42c0-a082-b60d0115f7af","timestamp":"2026-05-25T18:00:32.579Z","url":"/api/orders/admin/stats"}
{"ip":"::1","level":"info","message":"request_start","method":"GET","requestId":"c227c61d-8c89-4b34-a6cd-fe74a148cd8d","timestamp":"2026-05-25T18:00:32.584Z","url":"/api/payments/admin/stats"}
{"ip":"::1","level":"info","message":"request_start","method":"GET","requestId":"51d583db-4aa2-47e7-ba92-9a40a58f373c","timestamp":"2026-05-25T18:00:32.588Z","url":"/api/products/admin/stats"}
{"ip":"::1","level":"info","message":"request_start","method":"GET","requestId":"d1906fe8-4163-4795-9b85-05b9ea18a25a","timestamp":"2026-05-25T18:00:32.592Z","url":"/api/reviews/admin/stats"}
{"ip":"::1","level":"info","message":"request_start","method":"GET","requestId":"0d9cf62f-40f0-4345-b5d8-e89993839712","timestamp":"2026-05-25T18:00:32.600Z","url":"/api/recommendations/admin/analytics"}
{"durationMs":70,"level":"info","message":"request_end","requestId":"d1906fe8-4163-4795-9b85-05b9ea18a25a","statusCode":304,"timestamp":"2026-05-25T18:00:32.662Z"}
{"durationMs":68,"level":"info","message":"request_end","requestId":"0d9cf62f-40f0-4345-b5d8-e89993839712","statusCode":304,"timestamp":"2026-05-25T18:00:32.668Z"}
{"durationMs":87,"level":"info","message":"request_end","requestId":"51d583db-4aa2-47e7-ba92-9a40a58f373c","statusCode":304,"timestamp":"2026-05-25T18:00:32.675Z"}
{"ip":"::1","level":"info","message":"request_start","method":"GET","requestId":"bef9a5de-c2ac-4e27-bde9-af6838d47fe1","timestamp":"2026-05-25T18:00:32.682Z","url":"/api/reviews/admin/stats"}
{"durationMs":102,"level":"info","message":"request_end","requestId":"c227c61d-8c89-4b34-a6cd-fe74a148cd8d","statusCode":304,"timestamp":"2026-05-25T18:00:32.686Z"}
{"ip":"::1","level":"info","message":"request_start","method":"GET","requestId":"cef86349-4dcc-4c1f-bbed-42750923ad31","timestamp":"2026-05-25T18:00:32.688Z","url":"/api/recommendations/admin/analytics"}
{"ip":"::1","level":"info","message":"request_start","method":"GET","requestId":"1d9ad49f-8f0c-4651-a7a3-f6437890e666","timestamp":"2026-05-25T18:00:32.697Z","url":"/api/products/admin/stats"}
{"ip":"::1","level":"info","message":"request_start","method":"GET","requestId":"68907c45-3149-4da1-9bb3-4a4f9eec81e2","timestamp":"2026-05-25T18:00:32.703Z","url":"/api/payments/admin/stats"}
{"durationMs":142,"level":"info","message":"request_end","requestId":"f502890e-c3a0-42c0-a082-b60d0115f7af","statusCode":304,"timestamp":"2026-05-25T18:00:32.721Z"}
{"ip":"::1","level":"info","message":"request_start","method":"GET","requestId":"85221dcf-8ed2-40f7-9812-a5380231a5e5","timestamp":"2026-05-25T18:00:32.734Z","url":"/api/orders/admin/stats"}
{"durationMs":64,"level":"info","message":"request_end","requestId":"bef9a5de-c2ac-4e27-bde9-af6838d47fe1","statusCode":304,"timestamp":"2026-05-25T18:00:32.746Z"}
{"durationMs":68,"level":"info","message":"request_end","requestId":"cef86349-4dcc-4c1f-bbed-42750923ad31","statusCode":304,"timestamp":"2026-05-25T18:00:32.756Z"}
{"durationMs":70,"level":"info","message":"request_end","requestId":"1d9ad49f-8f0c-4651-a7a3-f6437890e666","statusCode":304,"timestamp":"2026-05-25T18:00:32.767Z"}
{"durationMs":79,"level":"info","message":"request_end","requestId":"68907c45-3149-4da1-9bb3-4a4f9eec81e2","statusCode":304,"timestamp":"2026-05-25T18:00:32.782Z"}
{"durationMs":88,"level":"info","message":"request_end","requestId":"85221dcf-8ed2-40f7-9812-a5380231a5e5","statusCode":304,"timestamp":"2026-05-25T18:00:32.822Z"}
{"ip":"::1","level":"info","message":"request_start","method":"GET","requestId":"9e214e5e-6b53-445d-b52a-9fd8f9776563","timestamp":"2026-05-25T18:00:47.734Z","url":"/api/orders/admin/all?page=1&limit=25"}
{"durationMs":7,"level":"info","message":"request_end","requestId":"9e214e5e-6b53-445d-b52a-9fd8f9776563","statusCode":401,"timestamp":"2026-05-25T18:00:47.741Z"}
{"ip":"::1","level":"info","message":"request_start","method":"GET","requestId":"8930f07b-885e-488d-931d-eeb68b2d86a8","timestamp":"2026-05-25T18:00:47.753Z","url":"/api/orders/admin/all?page=1&limit=25"}
{"durationMs":4,"level":"info","message":"request_end","requestId":"8930f07b-885e-488d-931d-eeb68b2d86a8","statusCode":401,"timestamp":"2026-05-25T18:00:47.756Z"}
{"ip":"::1","level":"info","message":"request_start","method":"GET","requestId":"fba8c67a-1440-4e31-bae7-0c99ad61c911","timestamp":"2026-05-25T18:00:47.758Z","url":"/api/users/csrf"}
{"durationMs":6,"level":"info","message":"request_end","requestId":"fba8c67a-1440-4e31-bae7-0c99ad61c911","statusCode":200,"timestamp":"2026-05-25T18:00:47.764Z"}
{"ip":"::1","level":"info","message":"request_start","method":"GET","requestId":"ae03724e-fc6e-4769-84ec-02733d2201e4","timestamp":"2026-05-25T18:00:47.771Z","url":"/api/users/csrf"}
{"durationMs":1,"level":"info","message":"request_end","requestId":"ae03724e-fc6e-4769-84ec-02733d2201e4","statusCode":200,"timestamp":"2026-05-25T18:00:47.773Z"}
{"ip":"::1","level":"info","message":"request_start","method":"POST","requestId":"b4ef82e2-e028-4aaf-afc9-9d62e582546c","timestamp":"2026-05-25T18:00:47.778Z","url":"/api/users/refresh"}
{"durationMs":7,"level":"info","message":"request_end","requestId":"b4ef82e2-e028-4aaf-afc9-9d62e582546c","statusCode":403,"timestamp":"2026-05-25T18:00:47.785Z"}
{"ip":"::1","level":"info","message":"request_start","method":"POST","requestId":"8015d9fa-ac1d-44ac-ba49-c10c02a78c9d","timestamp":"2026-05-25T18:00:47.786Z","url":"/api/users/refresh"}
{"durationMs":31,"level":"info","message":"request_end","requestId":"8015d9fa-ac1d-44ac-ba49-c10c02a78c9d","statusCode":200,"timestamp":"2026-05-25T18:00:47.817Z"}
{"ip":"::1","level":"info","message":"request_start","method":"GET","requestId":"1e00600b-5460-412d-9d6e-9e5d0bef41f9","timestamp":"2026-05-25T18:00:47.824Z","url":"/api/orders/admin/all?page=1&limit=25"}
{"durationMs":25,"level":"info","message":"request_end","requestId":"1e00600b-5460-412d-9d6e-9e5d0bef41f9","statusCode":304,"timestamp":"2026-05-25T18:00:47.849Z"}
{"ip":"::1","level":"info","message":"request_start","method":"GET","requestId":"166ed4ab-0903-44e9-a801-199693a694a9","timestamp":"2026-05-25T18:00:47.856Z","url":"/api/orders/admin/stats"}
{"durationMs":34,"level":"info","message":"request_end","requestId":"166ed4ab-0903-44e9-a801-199693a694a9","statusCode":304,"timestamp":"2026-05-25T18:00:47.889Z"}
{"ip":"::1","level":"info","message":"request_start","method":"GET","requestId":"49c944f3-7bd4-4e9b-86bc-fe92454e5dc2","timestamp":"2026-05-25T18:00:49.807Z","url":"/api/orders/admin/all?page=1&limit=25"}
{"durationMs":47,"level":"info","message":"request_end","requestId":"49c944f3-7bd4-4e9b-86bc-fe92454e5dc2","statusCode":304,"timestamp":"2026-05-25T18:00:49.854Z"}
{"ip":"::1","level":"info","message":"request_start","method":"GET","requestId":"0bbda513-80e1-4215-bdbe-dd95bcffa7fd","timestamp":"2026-05-25T18:00:49.867Z","url":"/api/orders/admin/stats"}
{"durationMs":42,"level":"info","message":"request_end","requestId":"0bbda513-80e1-4215-bdbe-dd95bcffa7fd","statusCode":304,"timestamp":"2026-05-25T18:00:49.909Z"}
{"ip":"::1","level":"info","message":"request_start","method":"GET","requestId":"6e9e1aa6-e69e-4e35-810c-bc6eb1ebedaf","timestamp":"2026-05-25T18:00:52.551Z","url":"/api/orders/admin/all?page=1&limit=25"}
{"durationMs":22,"level":"info","message":"request_end","requestId":"6e9e1aa6-e69e-4e35-810c-bc6eb1ebedaf","statusCode":304,"timestamp":"2026-05-25T18:00:52.573Z"}
{"ip":"::1","level":"info","message":"request_start","method":"GET","requestId":"3cf586e1-37a8-4aad-8bd5-cb52ccc3dd60","timestamp":"2026-05-25T18:00:52.583Z","url":"/api/orders/admin/stats"}
{"durationMs":20,"level":"info","message":"request_end","requestId":"3cf586e1-37a8-4aad-8bd5-cb52ccc3dd60","statusCode":304,"timestamp":"2026-05-25T18:00:52.602Z"}
{"ip":"::1","level":"info","message":"request_start","method":"GET","requestId":"d251e20d-3f31-485d-a614-d9cffcb3c43c","timestamp":"2026-05-25T18:00:53.355Z","url":"/api/orders/admin/all?page=1&limit=25"}
{"durationMs":17,"level":"info","message":"request_end","requestId":"d251e20d-3f31-485d-a614-d9cffcb3c43c","statusCode":304,"timestamp":"2026-05-25T18:00:53.372Z"}
{"ip":"::1","level":"info","message":"request_start","method":"GET","requestId":"a4bc15d6-4606-4a36-a433-37021b35de12","timestamp":"2026-05-25T18:00:53.383Z","url":"/api/orders/admin/stats"}
{"durationMs":24,"level":"info","message":"request_end","requestId":"a4bc15d6-4606-4a36-a433-37021b35de12","statusCode":304,"timestamp":"2026-05-25T18:00:53.407Z"}
{"ip":"::1","level":"info","message":"request_start","method":"GET","requestId":"384a3ec1-dafc-461c-ac14-f61c3e4c3cf6","timestamp":"2026-05-25T18:01:29.871Z","url":"/api/orders/admin/all?page=1&limit=25"}
{"durationMs":40,"level":"info","message":"request_end","requestId":"384a3ec1-dafc-461c-ac14-f61c3e4c3cf6","statusCode":304,"timestamp":"2026-05-25T18:01:29.911Z"}
{"ip":"::1","level":"info","message":"request_start","method":"GET","requestId":"98cea280-78af-425b-8472-f07c2b8efb87","timestamp":"2026-05-25T18:01:29.936Z","url":"/api/orders/admin/stats"}
{"durationMs":42,"level":"info","message":"request_end","requestId":"98cea280-78af-425b-8472-f07c2b8efb87","statusCode":304,"timestamp":"2026-05-25T18:01:29.978Z"}
{"ip":"::1","level":"info","message":"request_start","method":"GET","requestId":"caee87e0-cdae-49a0-b272-329ce46c5f12","timestamp":"2026-05-25T18:01:37.507Z","url":"/api/orders/admin/stats"}
{"ip":"::1","level":"info","message":"request_start","method":"GET","requestId":"8c773994-79c6-4085-981e-555563000dc8","timestamp":"2026-05-25T18:01:37.520Z","url":"/api/payments/admin/stats"}
{"ip":"::1","level":"info","message":"request_start","method":"GET","requestId":"8140877f-ec3c-4c8b-ae94-52710b5a3495","timestamp":"2026-05-25T18:01:37.528Z","url":"/api/products/admin/stats"}
{"ip":"::1","level":"info","message":"request_start","method":"GET","requestId":"ade53c72-d7c9-41cf-b87b-333d3cc64e37","timestamp":"2026-05-25T18:01:37.533Z","url":"/api/reviews/admin/stats"}
{"ip":"::1","level":"info","message":"request_start","method":"GET","requestId":"d1a29e0d-fe38-43dc-8c09-19a3731d7b56","timestamp":"2026-05-25T18:01:37.545Z","url":"/api/recommendations/admin/analytics"}
{"ip":"::1","level":"info","message":"request_start","method":"GET","requestId":"57812b03-6e39-4b53-bc53-2f3d2eab7c8f","timestamp":"2026-05-25T18:01:37.549Z","url":"/api/products?page=1&limit=100"}
{"ip":"::1","level":"info","message":"request_start","method":"GET","requestId":"688c1f21-376b-40d4-8fdf-01a26dbd9b50","timestamp":"2026-05-25T18:01:37.558Z","url":"/api/users/me"}
{"durationMs":58,"level":"info","message":"request_end","requestId":"688c1f21-376b-40d4-8fdf-01a26dbd9b50","statusCode":304,"timestamp":"2026-05-25T18:01:37.615Z"}
{"durationMs":108,"level":"info","message":"request_end","requestId":"57812b03-6e39-4b53-bc53-2f3d2eab7c8f","statusCode":200,"timestamp":"2026-05-25T18:01:37.656Z"}
{"durationMs":128,"level":"info","message":"request_end","requestId":"ade53c72-d7c9-41cf-b87b-333d3cc64e37","statusCode":304,"timestamp":"2026-05-25T18:01:37.661Z"}
{"durationMs":118,"level":"info","message":"request_end","requestId":"d1a29e0d-fe38-43dc-8c09-19a3731d7b56","statusCode":304,"timestamp":"2026-05-25T18:01:37.663Z"}
{"durationMs":142,"level":"info","message":"request_end","requestId":"8140877f-ec3c-4c8b-ae94-52710b5a3495","statusCode":304,"timestamp":"2026-05-25T18:01:37.670Z"}
{"durationMs":155,"level":"info","message":"request_end","requestId":"8c773994-79c6-4085-981e-555563000dc8","statusCode":304,"timestamp":"2026-05-25T18:01:37.675Z"}
{"ip":"::1","level":"info","message":"request_start","method":"GET","requestId":"a28ff294-6f41-4ef1-8542-ceb918ca6397","timestamp":"2026-05-25T18:01:37.678Z","url":"/api/cart"}
{"ip":"::1","level":"info","message":"request_start","method":"GET","requestId":"a1dc4ce5-4563-4df1-8765-23641baa5d62","timestamp":"2026-05-25T18:01:37.681Z","url":"/api/users/me"}
{"durationMs":188,"level":"info","message":"request_end","requestId":"caee87e0-cdae-49a0-b272-329ce46c5f12","statusCode":304,"timestamp":"2026-05-25T18:01:37.695Z"}
{"durationMs":21,"level":"info","message":"request_end","requestId":"a28ff294-6f41-4ef1-8542-ceb918ca6397","statusCode":304,"timestamp":"2026-05-25T18:01:37.699Z"}
{"durationMs":22,"level":"info","message":"request_end","requestId":"a1dc4ce5-4563-4df1-8765-23641baa5d62","statusCode":304,"timestamp":"2026-05-25T18:01:37.703Z"}
{"ip":"::1","level":"info","message":"request_start","method":"GET","requestId":"b2b6d879-3fdf-4edf-8420-29e9bab54e85","timestamp":"2026-05-25T18:01:39.068Z","url":"/api/orders/admin/all?page=1&limit=25"}
{"durationMs":33,"level":"info","message":"request_end","requestId":"b2b6d879-3fdf-4edf-8420-29e9bab54e85","statusCode":304,"timestamp":"2026-05-25T18:01:39.101Z"}
{"ip":"::1","level":"info","message":"request_start","method":"GET","requestId":"aad8d0aa-c2ff-4b9c-9ea8-c354c96ce54c","timestamp":"2026-05-25T18:01:39.106Z","url":"/api/orders/admin/all?page=1&limit=25"}
{"ip":"::1","level":"info","message":"request_start","method":"GET","requestId":"7c60afb4-7701-4535-9aa7-17adda8e5863","timestamp":"2026-05-25T18:01:39.116Z","url":"/api/orders/admin/stats"}
{"durationMs":33,"level":"info","message":"request_end","requestId":"aad8d0aa-c2ff-4b9c-9ea8-c354c96ce54c","statusCode":304,"timestamp":"2026-05-25T18:01:39.139Z"}
{"durationMs":47,"level":"info","message":"request_end","requestId":"7c60afb4-7701-4535-9aa7-17adda8e5863","statusCode":304,"timestamp":"2026-05-25T18:01:39.163Z"}
{"ip":"::1","level":"info","message":"request_start","method":"GET","requestId":"6a95fb8f-0d7e-4a46-bb81-af101c9773d1","timestamp":"2026-05-25T18:01:39.168Z","url":"/api/orders/admin/stats"}
{"durationMs":66,"level":"info","message":"request_end","requestId":"6a95fb8f-0d7e-4a46-bb81-af101c9773d1","statusCode":304,"timestamp":"2026-05-25T18:01:39.234Z"}
{"ip":"::1","level":"info","message":"request_start","method":"GET","requestId":"37ee29d9-caa2-4dbe-8359-cec54fdee713","timestamp":"2026-05-25T18:03:57.569Z","url":"/api/orders/admin/all?page=1&limit=25"}
{"durationMs":31,"level":"info","message":"request_end","requestId":"37ee29d9-caa2-4dbe-8359-cec54fdee713","statusCode":304,"timestamp":"2026-05-25T18:03:57.600Z"}
{"ip":"::1","level":"info","message":"request_start","method":"GET","requestId":"80a293e2-f8db-453d-8dad-d9cfdb8fee59","timestamp":"2026-05-25T18:03:57.612Z","url":"/api/orders/admin/stats"}
{"durationMs":33,"level":"info","message":"request_end","requestId":"80a293e2-f8db-453d-8dad-d9cfdb8fee59","statusCode":304,"timestamp":"2026-05-25T18:03:57.644Z"}
{"ip":"::1","level":"info","message":"request_start","method":"GET","requestId":"4e51b093-3d41-4716-bbb9-1070c8e8993a","timestamp":"2026-05-25T18:04:00.335Z","url":"/api/orders/admin/stats"}
{"ip":"::1","level":"info","message":"request_start","method":"GET","requestId":"b5e1d72e-f3d1-4e65-a1a4-6f7e225741c3","timestamp":"2026-05-25T18:04:00.352Z","url":"/api/payments/admin/stats"}
{"ip":"::1","level":"info","message":"request_start","method":"GET","requestId":"e4bfa3e3-4702-4614-8aeb-1103e0171899","timestamp":"2026-05-25T18:04:00.358Z","url":"/api/products/admin/stats"}
{"ip":"::1","level":"info","message":"request_start","method":"GET","requestId":"3a9e27f5-e64c-47f2-8be4-d73d06c4ace2","timestamp":"2026-05-25T18:04:00.361Z","url":"/api/reviews/admin/stats"}
{"ip":"::1","level":"info","message":"request_start","method":"GET","requestId":"ffb653f7-ae17-4d3b-8063-c8aeaa6448d4","timestamp":"2026-05-25T18:04:00.376Z","url":"/api/recommendations/admin/analytics"}
{"ip":"::1","level":"info","message":"request_start","method":"GET","requestId":"98490724-e3d1-4fbb-a0ee-5a29862cb0d4","timestamp":"2026-05-25T18:04:00.379Z","url":"/api/products?page=1&limit=100"}
{"ip":"::1","level":"info","message":"request_start","method":"GET","requestId":"b55c619e-84d9-4014-98e2-fa5a0dd55950","timestamp":"2026-05-25T18:04:00.381Z","url":"/api/users/me"}
{"durationMs":51,"level":"info","message":"request_end","requestId":"b55c619e-84d9-4014-98e2-fa5a0dd55950","statusCode":304,"timestamp":"2026-05-25T18:04:00.432Z"}
{"durationMs":68,"level":"info","message":"request_end","requestId":"98490724-e3d1-4fbb-a0ee-5a29862cb0d4","statusCode":200,"timestamp":"2026-05-25T18:04:00.448Z"}
{"durationMs":89,"level":"info","message":"request_end","requestId":"3a9e27f5-e64c-47f2-8be4-d73d06c4ace2","statusCode":304,"timestamp":"2026-05-25T18:04:00.450Z"}
{"durationMs":98,"level":"info","message":"request_end","requestId":"e4bfa3e3-4702-4614-8aeb-1103e0171899","statusCode":304,"timestamp":"2026-05-25T18:04:00.456Z"}
{"durationMs":83,"level":"info","message":"request_end","requestId":"ffb653f7-ae17-4d3b-8063-c8aeaa6448d4","statusCode":304,"timestamp":"2026-05-25T18:04:00.459Z"}
{"durationMs":116,"level":"info","message":"request_end","requestId":"b5e1d72e-f3d1-4e65-a1a4-6f7e225741c3","statusCode":304,"timestamp":"2026-05-25T18:04:00.468Z"}
{"ip":"::1","level":"info","message":"request_start","method":"GET","requestId":"5b1e954e-fa29-4e98-a89f-72abeb3d58e8","timestamp":"2026-05-25T18:04:00.472Z","url":"/api/cart"}
{"ip":"::1","level":"info","message":"request_start","method":"GET","requestId":"c70cae9b-2551-468e-87b4-2ed9591e4b06","timestamp":"2026-05-25T18:04:00.477Z","url":"/api/users/me"}
{"durationMs":146,"level":"info","message":"request_end","requestId":"4e51b093-3d41-4716-bbb9-1070c8e8993a","statusCode":304,"timestamp":"2026-05-25T18:04:00.481Z"}
{"durationMs":14,"level":"info","message":"request_end","requestId":"5b1e954e-fa29-4e98-a89f-72abeb3d58e8","statusCode":304,"timestamp":"2026-05-25T18:04:00.486Z"}
{"durationMs":16,"level":"info","message":"request_end","requestId":"c70cae9b-2551-468e-87b4-2ed9591e4b06","statusCode":304,"timestamp":"2026-05-25T18:04:00.493Z"}
{"ip":"::1","level":"info","message":"request_start","method":"GET","requestId":"05da478f-dc71-499f-8d4b-5dcea15b9698","timestamp":"2026-05-25T18:04:02.320Z","url":"/api/orders/admin/all?page=1&limit=25"}
{"durationMs":17,"level":"info","message":"request_end","requestId":"05da478f-dc71-499f-8d4b-5dcea15b9698","statusCode":304,"timestamp":"2026-05-25T18:04:02.337Z"}
{"ip":"::1","level":"info","message":"request_start","method":"GET","requestId":"392638de-f831-44fb-b2fe-0b0e986a0468","timestamp":"2026-05-25T18:04:02.341Z","url":"/api/orders/admin/all?page=1&limit=25"}
{"ip":"::1","level":"info","message":"request_start","method":"GET","requestId":"5e73beca-faad-4f2f-a692-de67db024131","timestamp":"2026-05-25T18:04:02.347Z","url":"/api/orders/admin/stats"}
{"durationMs":18,"level":"info","message":"request_end","requestId":"392638de-f831-44fb-b2fe-0b0e986a0468","statusCode":304,"timestamp":"2026-05-25T18:04:02.359Z"}
{"durationMs":31,"level":"info","message":"request_end","requestId":"5e73beca-faad-4f2f-a692-de67db024131","statusCode":304,"timestamp":"2026-05-25T18:04:02.378Z"}
{"ip":"::1","level":"info","message":"request_start","method":"GET","requestId":"51c33ae4-9a17-405a-bd8e-58bc2b2aad78","timestamp":"2026-05-25T18:04:02.381Z","url":"/api/orders/admin/stats"}
{"durationMs":29,"level":"info","message":"request_end","requestId":"51c33ae4-9a17-405a-bd8e-58bc2b2aad78","statusCode":304,"timestamp":"2026-05-25T18:04:02.410Z"}
{"ip":"::1","level":"info","message":"request_start","method":"GET","requestId":"f5e2e8cd-bcea-44f5-aad9-08e681653401","timestamp":"2026-05-25T18:04:04.584Z","url":"/api/orders/admin/all?page=1&limit=25"}
{"durationMs":19,"level":"info","message":"request_end","requestId":"f5e2e8cd-bcea-44f5-aad9-08e681653401","statusCode":304,"timestamp":"2026-05-25T18:04:04.603Z"}
{"ip":"::1","level":"info","message":"request_start","method":"GET","requestId":"5834a2e1-f310-445d-b222-8aef1065c0ed","timestamp":"2026-05-25T18:04:04.610Z","url":"/api/orders/admin/stats"}
{"durationMs":21,"level":"info","message":"request_end","requestId":"5834a2e1-f310-445d-b222-8aef1065c0ed","statusCode":304,"timestamp":"2026-05-25T18:04:04.631Z"}
{"ip":"::1","level":"info","message":"request_start","method":"GET","requestId":"c78a944d-c205-4547-a67b-0f080f8a4a2f","timestamp":"2026-05-25T18:04:05.430Z","url":"/api/orders/admin/all?page=1&limit=25"}
{"durationMs":24,"level":"info","message":"request_end","requestId":"c78a944d-c205-4547-a67b-0f080f8a4a2f","statusCode":304,"timestamp":"2026-05-25T18:04:05.454Z"}
{"ip":"::1","level":"info","message":"request_start","method":"GET","requestId":"de7df435-82d2-48c6-9952-dc4ba87465bc","timestamp":"2026-05-25T18:04:05.463Z","url":"/api/orders/admin/stats"}
{"durationMs":37,"level":"info","message":"request_end","requestId":"de7df435-82d2-48c6-9952-dc4ba87465bc","statusCode":304,"timestamp":"2026-05-25T18:04:05.500Z"}
{"ip":"::1","level":"info","message":"request_start","method":"GET","requestId":"55440c14-3f9b-48c6-89b2-31e70f0c9fab","timestamp":"2026-05-25T18:04:06.171Z","url":"/api/orders/admin/all?page=1&limit=25"}
{"durationMs":33,"level":"info","message":"request_end","requestId":"55440c14-3f9b-48c6-89b2-31e70f0c9fab","statusCode":304,"timestamp":"2026-05-25T18:04:06.204Z"}
{"ip":"::1","level":"info","message":"request_start","method":"GET","requestId":"434d5d8a-9bfd-4321-beb1-3576a7fe31d0","timestamp":"2026-05-25T18:04:06.214Z","url":"/api/orders/admin/stats"}
{"durationMs":44,"level":"info","message":"request_end","requestId":"434d5d8a-9bfd-4321-beb1-3576a7fe31d0","statusCode":304,"timestamp":"2026-05-25T18:04:06.258Z"}
{"ip":"::1","level":"info","message":"request_start","method":"GET","requestId":"1e8fe85d-3aa0-4d76-858d-e09d620414cb","timestamp":"2026-05-25T18:04:06.536Z","url":"/api/orders/admin/all?page=1&limit=25"}
{"durationMs":22,"level":"info","message":"request_end","requestId":"1e8fe85d-3aa0-4d76-858d-e09d620414cb","statusCode":304,"timestamp":"2026-05-25T18:04:06.558Z"}
{"ip":"::1","level":"info","message":"request_start","method":"GET","requestId":"dbc8afa8-b8c5-4f91-aede-fd4e0cdc3692","timestamp":"2026-05-25T18:04:06.566Z","url":"/api/orders/admin/stats"}
{"durationMs":22,"level":"info","message":"request_end","requestId":"dbc8afa8-b8c5-4f91-aede-fd4e0cdc3692","statusCode":304,"timestamp":"2026-05-25T18:04:06.587Z"}
{"ip":"::1","level":"info","message":"request_start","method":"GET","requestId":"439036a0-a164-47e2-b0f4-4e25e242aaa8","timestamp":"2026-05-25T18:04:06.894Z","url":"/api/orders/admin/all?page=1&limit=25"}
{"durationMs":10,"level":"info","message":"request_end","requestId":"439036a0-a164-47e2-b0f4-4e25e242aaa8","statusCode":304,"timestamp":"2026-05-25T18:04:06.904Z"}
{"ip":"::1","level":"info","message":"request_start","method":"GET","requestId":"4ae8475f-4e37-4d05-bd9f-8c73771ed710","timestamp":"2026-05-25T18:04:06.913Z","url":"/api/orders/admin/stats"}
{"durationMs":22,"level":"info","message":"request_end","requestId":"4ae8475f-4e37-4d05-bd9f-8c73771ed710","statusCode":304,"timestamp":"2026-05-25T18:04:06.936Z"}
{"ip":"::1","level":"info","message":"request_start","method":"GET","requestId":"0bae372f-603f-46a5-8ee2-31e322270efa","timestamp":"2026-05-25T18:04:07.064Z","url":"/api/orders/admin/all?page=1&limit=25"}
{"durationMs":13,"level":"info","message":"request_end","requestId":"0bae372f-603f-46a5-8ee2-31e322270efa","statusCode":304,"timestamp":"2026-05-25T18:04:07.077Z"}
{"ip":"::1","level":"info","message":"request_start","method":"GET","requestId":"9b29a23f-2cdb-4a53-aa68-17c55e6423df","timestamp":"2026-05-25T18:04:07.083Z","url":"/api/orders/admin/stats"}
{"durationMs":20,"level":"info","message":"request_end","requestId":"9b29a23f-2cdb-4a53-aa68-17c55e6423df","statusCode":304,"timestamp":"2026-05-25T18:04:07.103Z"}
{"ip":"::1","level":"info","message":"request_start","method":"GET","requestId":"a5162d28-b119-4095-8783-d9a759367131","timestamp":"2026-05-25T18:04:07.255Z","url":"/api/orders/admin/all?page=1&limit=25"}
{"durationMs":12,"level":"info","message":"request_end","requestId":"a5162d28-b119-4095-8783-d9a759367131","statusCode":304,"timestamp":"2026-05-25T18:04:07.267Z"}
{"ip":"::1","level":"info","message":"request_start","method":"GET","requestId":"9ca601b2-67a5-40f7-80e2-f4a7cc5c6754","timestamp":"2026-05-25T18:04:07.275Z","url":"/api/orders/admin/stats"}
{"durationMs":21,"level":"info","message":"request_end","requestId":"9ca601b2-67a5-40f7-80e2-f4a7cc5c6754","statusCode":304,"timestamp":"2026-05-25T18:04:07.295Z"}
{"ip":"::1","level":"info","message":"request_start","method":"GET","requestId":"ceef7b76-773e-4c9b-9cd5-122ce5642455","timestamp":"2026-05-25T18:04:07.480Z","url":"/api/orders/admin/all?page=1&limit=25"}
{"durationMs":12,"level":"info","message":"request_end","requestId":"ceef7b76-773e-4c9b-9cd5-122ce5642455","statusCode":304,"timestamp":"2026-05-25T18:04:07.493Z"}
{"ip":"::1","level":"info","message":"request_start","method":"GET","requestId":"239c0c75-9946-4b5e-aa4c-018090d6d06d","timestamp":"2026-05-25T18:04:07.497Z","url":"/api/orders/admin/stats"}
{"durationMs":20,"level":"info","message":"request_end","requestId":"239c0c75-9946-4b5e-aa4c-018090d6d06d","statusCode":304,"timestamp":"2026-05-25T18:04:07.517Z"}
{"ip":"::1","level":"info","message":"request_start","method":"GET","requestId":"6d7228d5-7ae6-45a4-9934-8e9734afe458","timestamp":"2026-05-25T18:04:09.563Z","url":"/api/categories"}
{"durationMs":5,"level":"info","message":"request_end","requestId":"6d7228d5-7ae6-45a4-9934-8e9734afe458","statusCode":304,"timestamp":"2026-05-25T18:04:09.568Z"}
{"ip":"::1","level":"info","message":"request_start","method":"GET","requestId":"06e21ec0-b1ef-4b11-a2a9-f9094b93950a","timestamp":"2026-05-25T18:05:39.860Z","url":"/api/orders/admin/stats"}
{"ip":"::1","level":"info","message":"request_start","method":"GET","requestId":"f247f8b4-bf86-474f-a07d-5531e0e3429e","timestamp":"2026-05-25T18:05:39.871Z","url":"/api/reviews/admin/stats"}
{"ip":"::1","level":"info","message":"request_start","method":"GET","requestId":"c61527bb-edb1-4d64-adab-e2c13a3c0bc2","timestamp":"2026-05-25T18:05:39.877Z","url":"/api/payments/admin/stats"}
{"ip":"::1","level":"info","message":"request_start","method":"GET","requestId":"bf8b33c3-bfad-4987-b2eb-175f7f0a7afa","timestamp":"2026-05-25T18:05:39.884Z","url":"/api/products/admin/stats"}
{"ip":"::1","level":"info","message":"request_start","method":"GET","requestId":"3c74d561-3386-4041-ac21-bcb0d97154ab","timestamp":"2026-05-25T18:05:39.889Z","url":"/api/recommendations/admin/analytics"}
{"ip":"::1","level":"info","message":"request_start","method":"GET","requestId":"0c3a322f-9ac7-4a22-b73b-b89579047e92","timestamp":"2026-05-25T18:05:39.894Z","url":"/api/products?page=1&limit=100"}
{"ip":"::1","level":"info","message":"request_start","method":"GET","requestId":"dfa57f05-817e-4a97-b8c8-ecfd10da96bb","timestamp":"2026-05-25T18:05:39.904Z","url":"/api/users/me"}
{"durationMs":34,"level":"info","message":"request_end","requestId":"dfa57f05-817e-4a97-b8c8-ecfd10da96bb","statusCode":304,"timestamp":"2026-05-25T18:05:39.937Z"}
{"durationMs":47,"level":"info","message":"request_end","requestId":"0c3a322f-9ac7-4a22-b73b-b89579047e92","statusCode":200,"timestamp":"2026-05-25T18:05:39.941Z"}
{"durationMs":73,"level":"info","message":"request_end","requestId":"f247f8b4-bf86-474f-a07d-5531e0e3429e","statusCode":304,"timestamp":"2026-05-25T18:05:39.944Z"}
{"durationMs":60,"level":"info","message":"request_end","requestId":"3c74d561-3386-4041-ac21-bcb0d97154ab","statusCode":304,"timestamp":"2026-05-25T18:05:39.949Z"}
{"durationMs":73,"level":"info","message":"request_end","requestId":"bf8b33c3-bfad-4987-b2eb-175f7f0a7afa","statusCode":304,"timestamp":"2026-05-25T18:05:39.957Z"}
{"durationMs":84,"level":"info","message":"request_end","requestId":"c61527bb-edb1-4d64-adab-e2c13a3c0bc2","statusCode":304,"timestamp":"2026-05-25T18:05:39.960Z"}
{"durationMs":102,"level":"info","message":"request_end","requestId":"06e21ec0-b1ef-4b11-a2a9-f9094b93950a","statusCode":304,"timestamp":"2026-05-25T18:05:39.962Z"}
{"ip":"::1","level":"info","message":"request_start","method":"GET","requestId":"b1067dbb-7b4c-4ee1-8a2b-595fd49ac6af","timestamp":"2026-05-25T18:05:39.965Z","url":"/api/cart"}
{"ip":"::1","level":"info","message":"request_start","method":"GET","requestId":"79b1aaeb-7f22-4fd6-aa25-690e04508f47","timestamp":"2026-05-25T18:05:39.968Z","url":"/api/users/me"}
{"durationMs":15,"level":"info","message":"request_end","requestId":"b1067dbb-7b4c-4ee1-8a2b-595fd49ac6af","statusCode":304,"timestamp":"2026-05-25T18:05:39.980Z"}
{"durationMs":15,"level":"info","message":"request_end","requestId":"79b1aaeb-7f22-4fd6-aa25-690e04508f47","statusCode":304,"timestamp":"2026-05-25T18:05:39.984Z"}
{"ip":"::1","level":"info","message":"request_start","method":"GET","requestId":"872c67c5-ccda-42dd-9ae7-06075315dde6","timestamp":"2026-05-25T18:05:41.178Z","url":"/api/orders/admin/all?page=1&limit=25"}
{"durationMs":28,"level":"info","message":"request_end","requestId":"872c67c5-ccda-42dd-9ae7-06075315dde6","statusCode":304,"timestamp":"2026-05-25T18:05:41.206Z"}
{"ip":"::1","level":"info","message":"request_start","method":"GET","requestId":"417d9a2c-52b4-4e48-88ac-eb09911cefe3","timestamp":"2026-05-25T18:05:41.210Z","url":"/api/orders/admin/all?page=1&limit=25"}
{"ip":"::1","level":"info","message":"request_start","method":"GET","requestId":"d9271957-c5fa-4cc8-8feb-979dab74a119","timestamp":"2026-05-25T18:05:41.214Z","url":"/api/orders/admin/stats"}
{"durationMs":32,"level":"info","message":"request_end","requestId":"417d9a2c-52b4-4e48-88ac-eb09911cefe3","statusCode":304,"timestamp":"2026-05-25T18:05:41.242Z"}
{"durationMs":47,"level":"info","message":"request_end","requestId":"d9271957-c5fa-4cc8-8feb-979dab74a119","statusCode":304,"timestamp":"2026-05-25T18:05:41.261Z"}
{"ip":"::1","level":"info","message":"request_start","method":"GET","requestId":"859daa74-505a-4fe9-b872-dd67d203e532","timestamp":"2026-05-25T18:05:41.266Z","url":"/api/orders/admin/stats"}
{"durationMs":41,"level":"info","message":"request_end","requestId":"859daa74-505a-4fe9-b872-dd67d203e532","statusCode":304,"timestamp":"2026-05-25T18:05:41.306Z"}
{"ip":"::1","level":"info","message":"request_start","method":"GET","requestId":"f3b6c26a-e63f-4fff-8b0e-ffe1d25a5cee","timestamp":"2026-05-25T18:05:43.155Z","url":"/api/orders/admin/all?page=1&limit=25"}
{"durationMs":24,"level":"info","message":"request_end","requestId":"f3b6c26a-e63f-4fff-8b0e-ffe1d25a5cee","statusCode":304,"timestamp":"2026-05-25T18:05:43.179Z"}
{"ip":"::1","level":"info","message":"request_start","method":"GET","requestId":"d2d1e8cd-f1cf-487c-932a-2087aa0bd8a3","timestamp":"2026-05-25T18:05:43.186Z","url":"/api/orders/admin/stats"}
{"durationMs":32,"level":"info","message":"request_end","requestId":"d2d1e8cd-f1cf-487c-932a-2087aa0bd8a3","statusCode":304,"timestamp":"2026-05-25T18:05:43.218Z"}
{"ip":"::1","level":"info","message":"request_start","method":"GET","requestId":"c4a6c2b2-5044-4619-91b9-709200ba30cf","timestamp":"2026-05-25T18:16:09.717Z","url":"/api/orders/admin/stats"}
{"durationMs":4,"level":"info","message":"request_end","requestId":"c4a6c2b2-5044-4619-91b9-709200ba30cf","statusCode":401,"timestamp":"2026-05-25T18:16:09.720Z"}
{"ip":"::1","level":"info","message":"request_start","method":"GET","requestId":"99b12f7e-7c14-4f57-8c3c-c9e29c99e32f","timestamp":"2026-05-25T18:16:09.727Z","url":"/api/reviews/admin/stats"}
{"durationMs":4,"level":"info","message":"request_end","requestId":"99b12f7e-7c14-4f57-8c3c-c9e29c99e32f","statusCode":401,"timestamp":"2026-05-25T18:16:09.730Z"}
{"ip":"::1","level":"info","message":"request_start","method":"GET","requestId":"f2e8efab-d1d2-402f-a13b-7a8553042a18","timestamp":"2026-05-25T18:16:09.731Z","url":"/api/payments/admin/stats"}
{"durationMs":2,"level":"info","message":"request_end","requestId":"f2e8efab-d1d2-402f-a13b-7a8553042a18","statusCode":401,"timestamp":"2026-05-25T18:16:09.733Z"}
{"ip":"::1","level":"info","message":"request_start","method":"GET","requestId":"abacaaa1-21a9-415c-bd66-3d326eabfe51","timestamp":"2026-05-25T18:16:09.735Z","url":"/api/products/admin/stats"}
{"durationMs":2,"level":"info","message":"request_end","requestId":"abacaaa1-21a9-415c-bd66-3d326eabfe51","statusCode":401,"timestamp":"2026-05-25T18:16:09.737Z"}
{"ip":"::1","level":"info","message":"request_start","method":"GET","requestId":"50b3088b-5af7-498c-b9c6-70d40b50b739","timestamp":"2026-05-25T18:16:09.738Z","url":"/api/recommendations/admin/analytics"}
{"durationMs":1,"level":"info","message":"request_end","requestId":"50b3088b-5af7-498c-b9c6-70d40b50b739","statusCode":401,"timestamp":"2026-05-25T18:16:09.739Z"}
{"ip":"::1","level":"info","message":"request_start","method":"GET","requestId":"ca632ed7-a571-4d03-be35-841fe9c4ac4a","timestamp":"2026-05-25T18:16:09.740Z","url":"/api/products?page=1&limit=100"}
{"ip":"::1","level":"info","message":"request_start","method":"GET","requestId":"979316ec-7df4-44a3-8f1c-aef51dd95356","timestamp":"2026-05-25T18:16:09.743Z","url":"/api/users/me"}
{"durationMs":1,"level":"info","message":"request_end","requestId":"979316ec-7df4-44a3-8f1c-aef51dd95356","statusCode":401,"timestamp":"2026-05-25T18:16:09.744Z"}
{"durationMs":21,"level":"info","message":"request_end","requestId":"ca632ed7-a571-4d03-be35-841fe9c4ac4a","statusCode":200,"timestamp":"2026-05-25T18:16:09.761Z"}
{"ip":"::1","level":"info","message":"request_start","method":"GET","requestId":"2580b71b-1c78-40d0-8ee9-8c13e22f0188","timestamp":"2026-05-25T18:16:09.785Z","url":"/api/users/csrf"}
{"durationMs":5,"level":"info","message":"request_end","requestId":"2580b71b-1c78-40d0-8ee9-8c13e22f0188","statusCode":200,"timestamp":"2026-05-25T18:16:09.790Z"}
{"ip":"::1","level":"info","message":"request_start","method":"GET","requestId":"3c09ef58-fca9-4a94-8bcb-7b2b4657d47f","timestamp":"2026-05-25T18:16:09.793Z","url":"/api/users/csrf"}
{"durationMs":2,"level":"info","message":"request_end","requestId":"3c09ef58-fca9-4a94-8bcb-7b2b4657d47f","statusCode":200,"timestamp":"2026-05-25T18:16:09.795Z"}
{"ip":"::1","level":"info","message":"request_start","method":"GET","requestId":"e4985fb8-33bd-4edc-974f-463340138547","timestamp":"2026-05-25T18:16:09.800Z","url":"/api/users/csrf"}
{"durationMs":3,"level":"info","message":"request_end","requestId":"e4985fb8-33bd-4edc-974f-463340138547","statusCode":200,"timestamp":"2026-05-25T18:16:09.803Z"}
{"ip":"::1","level":"info","message":"request_start","method":"GET","requestId":"65867743-6931-4947-b3e9-715a97a36864","timestamp":"2026-05-25T18:16:09.807Z","url":"/api/users/csrf"}
{"durationMs":3,"level":"info","message":"request_end","requestId":"65867743-6931-4947-b3e9-715a97a36864","statusCode":200,"timestamp":"2026-05-25T18:16:09.810Z"}
{"ip":"::1","level":"info","message":"request_start","method":"GET","requestId":"f2832e7d-f0d6-4c42-a8c2-9fb10e89e4d6","timestamp":"2026-05-25T18:16:09.813Z","url":"/api/users/csrf"}
{"durationMs":3,"level":"info","message":"request_end","requestId":"f2832e7d-f0d6-4c42-a8c2-9fb10e89e4d6","statusCode":200,"timestamp":"2026-05-25T18:16:09.816Z"}
{"ip":"::1","level":"info","message":"request_start","method":"GET","requestId":"e91190e1-f4bf-478a-9c67-8d92c1f6285a","timestamp":"2026-05-25T18:16:09.819Z","url":"/api/users/csrf"}
{"durationMs":3,"level":"info","message":"request_end","requestId":"e91190e1-f4bf-478a-9c67-8d92c1f6285a","statusCode":200,"timestamp":"2026-05-25T18:16:09.822Z"}
{"ip":"::1","level":"info","message":"request_start","method":"POST","requestId":"f70c7c03-e901-496a-801e-a3a2b6bb51f6","timestamp":"2026-05-25T18:16:09.847Z","url":"/api/users/refresh"}
{"durationMs":19,"level":"info","message":"request_end","requestId":"f70c7c03-e901-496a-801e-a3a2b6bb51f6","statusCode":403,"timestamp":"2026-05-25T18:16:09.866Z"}
{"ip":"::1","level":"info","message":"request_start","method":"POST","requestId":"868a3050-1d0e-4fdf-b5ef-1b3b62da1980","timestamp":"2026-05-25T18:16:09.868Z","url":"/api/users/refresh"}
{"durationMs":2,"level":"info","message":"request_end","requestId":"868a3050-1d0e-4fdf-b5ef-1b3b62da1980","statusCode":403,"timestamp":"2026-05-25T18:16:09.871Z"}
{"ip":"::1","level":"info","message":"request_start","method":"POST","requestId":"4daef4ff-0cdf-467e-b607-f24b3a207def","timestamp":"2026-05-25T18:16:09.872Z","url":"/api/users/refresh"}
{"durationMs":5,"level":"info","message":"request_end","requestId":"4daef4ff-0cdf-467e-b607-f24b3a207def","statusCode":403,"timestamp":"2026-05-25T18:16:09.877Z"}
{"ip":"::1","level":"info","message":"request_start","method":"POST","requestId":"79037215-f51c-4bac-befd-581cecad99af","timestamp":"2026-05-25T18:16:09.878Z","url":"/api/users/refresh"}
{"durationMs":2,"level":"info","message":"request_end","requestId":"79037215-f51c-4bac-befd-581cecad99af","statusCode":403,"timestamp":"2026-05-25T18:16:09.880Z"}
{"ip":"::1","level":"info","message":"request_start","method":"POST","requestId":"6c9a98fd-8986-4231-91b0-8c6604016e7b","timestamp":"2026-05-25T18:16:09.883Z","url":"/api/users/refresh"}
{"durationMs":4,"level":"info","message":"request_end","requestId":"6c9a98fd-8986-4231-91b0-8c6604016e7b","statusCode":403,"timestamp":"2026-05-25T18:16:09.886Z"}
{"ip":"::1","level":"info","message":"request_start","method":"POST","requestId":"5cb313c5-d462-49d9-872f-b8f438e2da5c","timestamp":"2026-05-25T18:16:09.887Z","url":"/api/users/refresh"}
{"durationMs":23,"level":"info","message":"request_end","requestId":"5cb313c5-d462-49d9-872f-b8f438e2da5c","statusCode":200,"timestamp":"2026-05-25T18:16:09.910Z"}
{"ip":"::1","level":"info","message":"request_start","method":"GET","requestId":"803a3721-10f8-48ce-9128-103cb3e24865","timestamp":"2026-05-25T18:16:09.918Z","url":"/api/users/me"}
{"durationMs":6,"level":"info","message":"request_end","requestId":"803a3721-10f8-48ce-9128-103cb3e24865","statusCode":304,"timestamp":"2026-05-25T18:16:09.924Z"}
{"ip":"::1","level":"info","message":"request_start","method":"GET","requestId":"4d1eb395-12bb-41f5-bf94-0d911c00fb9f","timestamp":"2026-05-25T18:16:09.951Z","url":"/api/cart"}
{"ip":"::1","level":"info","message":"request_start","method":"GET","requestId":"7006bc3b-e40d-4dd0-bc74-c0bae63b198b","timestamp":"2026-05-25T18:16:09.954Z","url":"/api/users/me"}
{"durationMs":12,"level":"info","message":"request_end","requestId":"4d1eb395-12bb-41f5-bf94-0d911c00fb9f","statusCode":304,"timestamp":"2026-05-25T18:16:09.963Z"}
{"durationMs":18,"level":"info","message":"request_end","requestId":"7006bc3b-e40d-4dd0-bc74-c0bae63b198b","statusCode":304,"timestamp":"2026-05-25T18:16:09.972Z"}
{"ip":"::1","level":"info","message":"request_start","method":"GET","requestId":"be0132f3-2f15-4c72-b379-5268f7969849","timestamp":"2026-05-25T18:16:10.987Z","url":"/api/orders/admin/all?page=1&limit=25"}
{"durationMs":21,"level":"info","message":"request_end","requestId":"be0132f3-2f15-4c72-b379-5268f7969849","statusCode":304,"timestamp":"2026-05-25T18:16:11.008Z"}
{"ip":"::1","level":"info","message":"request_start","method":"GET","requestId":"c390dda8-9ca4-44d0-a070-1e6f4a75cad2","timestamp":"2026-05-25T18:16:11.011Z","url":"/api/orders/admin/all?page=1&limit=25"}
{"ip":"::1","level":"info","message":"request_start","method":"GET","requestId":"aa886097-d514-48a1-b928-a6086c998f02","timestamp":"2026-05-25T18:16:11.021Z","url":"/api/orders/admin/stats"}
{"durationMs":27,"level":"info","message":"request_end","requestId":"c390dda8-9ca4-44d0-a070-1e6f4a75cad2","statusCode":304,"timestamp":"2026-05-25T18:16:11.038Z"}
{"durationMs":47,"level":"info","message":"request_end","requestId":"aa886097-d514-48a1-b928-a6086c998f02","statusCode":304,"timestamp":"2026-05-25T18:16:11.068Z"}
{"ip":"::1","level":"info","message":"request_start","method":"GET","requestId":"ec4db5fa-eeab-41a9-bdb0-2b5235f17048","timestamp":"2026-05-25T18:16:11.076Z","url":"/api/orders/admin/stats"}
{"durationMs":41,"level":"info","message":"request_end","requestId":"ec4db5fa-eeab-41a9-bdb0-2b5235f17048","statusCode":304,"timestamp":"2026-05-25T18:16:11.117Z"}
{"ip":"::1","level":"info","message":"request_start","method":"GET","requestId":"f7d3e75b-884a-44bd-b39a-0336f51c56c6","timestamp":"2026-05-25T18:16:12.561Z","url":"/api/orders/admin/all?page=1&limit=25"}
{"durationMs":20,"level":"info","message":"request_end","requestId":"f7d3e75b-884a-44bd-b39a-0336f51c56c6","statusCode":304,"timestamp":"2026-05-25T18:16:12.581Z"}
{"ip":"::1","level":"info","message":"request_start","method":"GET","requestId":"45b934d5-af02-468f-849f-5175ca94d041","timestamp":"2026-05-25T18:16:12.589Z","url":"/api/orders/admin/stats"}
{"durationMs":27,"level":"info","message":"request_end","requestId":"45b934d5-af02-468f-849f-5175ca94d041","statusCode":304,"timestamp":"2026-05-25T18:16:12.616Z"}
{"ip":"::1","level":"info","message":"request_start","method":"GET","requestId":"89868821-0b4a-4639-b2b7-a61b32d28142","timestamp":"2026-05-25T18:17:56.945Z","url":"/api/orders/admin/all?page=1&limit=25"}
{"durationMs":30,"level":"info","message":"request_end","requestId":"89868821-0b4a-4639-b2b7-a61b32d28142","statusCode":304,"timestamp":"2026-05-25T18:17:56.975Z"}
{"ip":"::1","level":"info","message":"request_start","method":"GET","requestId":"e6d7fd2b-55d0-4f9c-bcee-af9e2a1fe7ad","timestamp":"2026-05-25T18:17:56.995Z","url":"/api/orders/admin/stats"}
{"durationMs":58,"level":"info","message":"request_end","requestId":"e6d7fd2b-55d0-4f9c-bcee-af9e2a1fe7ad","statusCode":304,"timestamp":"2026-05-25T18:17:57.053Z"}
{"ip":"::1","level":"info","message":"request_start","method":"GET","requestId":"1421d932-d686-473c-afaa-59b40b3aa395","timestamp":"2026-05-25T18:17:57.843Z","url":"/api/orders/admin/all?page=1&limit=25"}
{"durationMs":12,"level":"info","message":"request_end","requestId":"1421d932-d686-473c-afaa-59b40b3aa395","statusCode":304,"timestamp":"2026-05-25T18:17:57.855Z"}
{"ip":"::1","level":"info","message":"request_start","method":"GET","requestId":"8dedbc4b-5dce-4c68-8fcb-c037fb36cc48","timestamp":"2026-05-25T18:17:57.859Z","url":"/api/orders/admin/stats"}
{"durationMs":19,"level":"info","message":"request_end","requestId":"8dedbc4b-5dce-4c68-8fcb-c037fb36cc48","statusCode":304,"timestamp":"2026-05-25T18:17:57.878Z"}
{"ip":"::1","level":"info","message":"request_start","method":"GET","requestId":"9236d09e-c48a-4e9d-bdac-769be3131c06","timestamp":"2026-05-25T18:17:58.606Z","url":"/api/orders/admin/all?page=1&limit=25"}
{"durationMs":21,"level":"info","message":"request_end","requestId":"9236d09e-c48a-4e9d-bdac-769be3131c06","statusCode":304,"timestamp":"2026-05-25T18:17:58.627Z"}
{"ip":"::1","level":"info","message":"request_start","method":"GET","requestId":"791bbde9-e2d8-48e1-9860-6aeef7591e6a","timestamp":"2026-05-25T18:17:58.637Z","url":"/api/orders/admin/stats"}
{"durationMs":32,"level":"info","message":"request_end","requestId":"791bbde9-e2d8-48e1-9860-6aeef7591e6a","statusCode":304,"timestamp":"2026-05-25T18:17:58.669Z"}
{"ip":"::1","level":"info","message":"request_start","method":"GET","requestId":"7e88e5a9-6c0e-4f1a-bbe0-7b0d11ea4155","timestamp":"2026-05-25T18:17:58.954Z","url":"/api/orders/admin/all?page=1&limit=25"}
{"durationMs":21,"level":"info","message":"request_end","requestId":"7e88e5a9-6c0e-4f1a-bbe0-7b0d11ea4155","statusCode":304,"timestamp":"2026-05-25T18:17:58.975Z"}
{"ip":"::1","level":"info","message":"request_start","method":"GET","requestId":"01d90b1c-c532-409c-9c33-a0a4a3d9fa77","timestamp":"2026-05-25T18:17:58.984Z","url":"/api/orders/admin/stats"}
{"durationMs":31,"level":"info","message":"request_end","requestId":"01d90b1c-c532-409c-9c33-a0a4a3d9fa77","statusCode":304,"timestamp":"2026-05-25T18:17:59.015Z"}
{"ip":"::1","level":"info","message":"request_start","method":"GET","requestId":"c418b8c7-8c00-4c0b-98ab-90b9a73fdfd2","timestamp":"2026-05-25T18:17:59.332Z","url":"/api/orders/admin/all?page=1&limit=25"}
{"durationMs":23,"level":"info","message":"request_end","requestId":"c418b8c7-8c00-4c0b-98ab-90b9a73fdfd2","statusCode":304,"timestamp":"2026-05-25T18:17:59.355Z"}
{"ip":"::1","level":"info","message":"request_start","method":"GET","requestId":"ad417a52-560a-4403-8ceb-5c8be1153599","timestamp":"2026-05-25T18:17:59.360Z","url":"/api/orders/admin/stats"}
{"durationMs":34,"level":"info","message":"request_end","requestId":"ad417a52-560a-4403-8ceb-5c8be1153599","statusCode":304,"timestamp":"2026-05-25T18:17:59.395Z"}
{"ip":"::1","level":"info","message":"request_start","method":"GET","requestId":"dfc08c27-0e3c-4cf5-bf45-28fc8f32976a","timestamp":"2026-05-25T18:17:59.945Z","url":"/api/orders/admin/all?page=1&limit=25"}
{"durationMs":38,"level":"info","message":"request_end","requestId":"dfc08c27-0e3c-4cf5-bf45-28fc8f32976a","statusCode":304,"timestamp":"2026-05-25T18:17:59.983Z"}
{"ip":"::1","level":"info","message":"request_start","method":"GET","requestId":"8e5f848b-0acd-4c26-b1d0-a48505ce1c60","timestamp":"2026-05-25T18:17:59.991Z","url":"/api/orders/admin/stats"}
{"durationMs":49,"level":"info","message":"request_end","requestId":"8e5f848b-0acd-4c26-b1d0-a48505ce1c60","statusCode":304,"timestamp":"2026-05-25T18:18:00.040Z"}
{"ip":"::1","level":"info","message":"request_start","method":"GET","requestId":"370daa3c-dfc4-4b34-ad1b-a726deeb152a","timestamp":"2026-05-25T18:18:11.476Z","url":"/api/orders/admin/all?page=1&limit=25"}
{"durationMs":22,"level":"info","message":"request_end","requestId":"370daa3c-dfc4-4b34-ad1b-a726deeb152a","statusCode":304,"timestamp":"2026-05-25T18:18:11.498Z"}
{"ip":"::1","level":"info","message":"request_start","method":"GET","requestId":"97860be9-c345-4c45-bcd5-67cc65b93515","timestamp":"2026-05-25T18:18:11.506Z","url":"/api/orders/admin/stats"}
{"durationMs":30,"level":"info","message":"request_end","requestId":"97860be9-c345-4c45-bcd5-67cc65b93515","statusCode":304,"timestamp":"2026-05-25T18:18:11.536Z"}
{"ip":"::1","level":"info","message":"request_start","method":"GET","requestId":"582ceecf-858c-4152-834e-60302c1fd419","timestamp":"2026-05-25T18:18:12.317Z","url":"/api/orders/admin/all?page=1&limit=25"}
{"durationMs":39,"level":"info","message":"request_end","requestId":"582ceecf-858c-4152-834e-60302c1fd419","statusCode":304,"timestamp":"2026-05-25T18:18:12.357Z"}
{"ip":"::1","level":"info","message":"request_start","method":"GET","requestId":"645d85bb-8b7e-43e4-abb4-1a73a384cb71","timestamp":"2026-05-25T18:18:12.366Z","url":"/api/orders/admin/stats"}
{"durationMs":24,"level":"info","message":"request_end","requestId":"645d85bb-8b7e-43e4-abb4-1a73a384cb71","statusCode":304,"timestamp":"2026-05-25T18:18:12.390Z"}
{"ip":"::1","level":"info","message":"request_start","method":"GET","requestId":"1ae0fe40-072f-47b4-9666-b32f96e2e6b4","timestamp":"2026-05-25T18:18:13.090Z","url":"/api/orders/admin/all?page=1&limit=25"}
{"durationMs":22,"level":"info","message":"request_end","requestId":"1ae0fe40-072f-47b4-9666-b32f96e2e6b4","statusCode":304,"timestamp":"2026-05-25T18:18:13.111Z"}
{"ip":"::1","level":"info","message":"request_start","method":"GET","requestId":"8f3156b9-9b18-45f5-93e8-bd2bf53839d7","timestamp":"2026-05-25T18:18:13.117Z","url":"/api/orders/admin/stats"}
{"durationMs":22,"level":"info","message":"request_end","requestId":"8f3156b9-9b18-45f5-93e8-bd2bf53839d7","statusCode":304,"timestamp":"2026-05-25T18:18:13.139Z"}
{"ip":"::1","level":"info","message":"request_start","method":"GET","requestId":"9a799f8b-a9cb-4c77-91dd-605bf24db99a","timestamp":"2026-05-25T18:18:18.193Z","url":"/api/orders/admin/stats"}
{"ip":"::1","level":"info","message":"request_start","method":"GET","requestId":"ab23befa-ddec-4a09-a3b4-e2c0ddf34e8d","timestamp":"2026-05-25T18:18:18.245Z","url":"/api/payments/admin/stats"}
{"ip":"::1","level":"info","message":"request_start","method":"GET","requestId":"085090f7-78a6-4c50-8ea9-7732e4b5e73a","timestamp":"2026-05-25T18:18:18.277Z","url":"/api/products/admin/stats"}
{"ip":"::1","level":"info","message":"request_start","method":"GET","requestId":"e362e155-3ebe-489c-a13e-fe234010ed3c","timestamp":"2026-05-25T18:18:18.289Z","url":"/api/reviews/admin/stats"}
{"ip":"::1","level":"info","message":"request_start","method":"GET","requestId":"f09017d4-ba9b-4bb7-a622-4bf1b3418124","timestamp":"2026-05-25T18:18:18.295Z","url":"/api/recommendations/admin/analytics"}
{"ip":"::1","level":"info","message":"request_start","method":"GET","requestId":"df4f7461-bdce-4597-8a21-bc09a408a870","timestamp":"2026-05-25T18:18:18.333Z","url":"/api/products?page=1&limit=100"}
{"ip":"::1","level":"info","message":"request_start","method":"GET","requestId":"7dbc626b-0166-44b4-8f8d-bac0961b2cab","timestamp":"2026-05-25T18:18:18.343Z","url":"/api/users/me"}
{"durationMs":114,"level":"info","message":"request_end","requestId":"7dbc626b-0166-44b4-8f8d-bac0961b2cab","statusCode":304,"timestamp":"2026-05-25T18:18:18.458Z"}
{"durationMs":288,"level":"info","message":"request_end","requestId":"9a799f8b-a9cb-4c77-91dd-605bf24db99a","statusCode":304,"timestamp":"2026-05-25T18:18:18.481Z"}
{"durationMs":212,"level":"info","message":"request_end","requestId":"e362e155-3ebe-489c-a13e-fe234010ed3c","statusCode":304,"timestamp":"2026-05-25T18:18:18.501Z"}
{"durationMs":216,"level":"info","message":"request_end","requestId":"f09017d4-ba9b-4bb7-a622-4bf1b3418124","statusCode":304,"timestamp":"2026-05-25T18:18:18.511Z"}
{"durationMs":193,"level":"info","message":"request_end","requestId":"df4f7461-bdce-4597-8a21-bc09a408a870","statusCode":200,"timestamp":"2026-05-25T18:18:18.526Z"}
{"ip":"::1","level":"info","message":"request_start","method":"GET","requestId":"78703830-c5fd-40ff-9e09-c1978bd11015","timestamp":"2026-05-25T18:18:18.528Z","url":"/api/cart"}
{"ip":"::1","level":"info","message":"request_start","method":"GET","requestId":"e67981d4-79a4-4ff8-89f4-b47983518b50","timestamp":"2026-05-25T18:18:18.557Z","url":"/api/users/me"}
{"durationMs":285,"level":"info","message":"request_end","requestId":"085090f7-78a6-4c50-8ea9-7732e4b5e73a","statusCode":304,"timestamp":"2026-05-25T18:18:18.562Z"}
{"durationMs":352,"level":"info","message":"request_end","requestId":"ab23befa-ddec-4a09-a3b4-e2c0ddf34e8d","statusCode":304,"timestamp":"2026-05-25T18:18:18.597Z"}
{"durationMs":97,"level":"info","message":"request_end","requestId":"78703830-c5fd-40ff-9e09-c1978bd11015","statusCode":304,"timestamp":"2026-05-25T18:18:18.625Z"}
{"durationMs":102,"level":"info","message":"request_end","requestId":"e67981d4-79a4-4ff8-89f4-b47983518b50","statusCode":304,"timestamp":"2026-05-25T18:18:18.658Z"}
{"ip":"::1","level":"info","message":"request_start","method":"GET","requestId":"d213f72f-95a2-466a-8de2-8766c304b903","timestamp":"2026-05-25T18:18:19.547Z","url":"/api/orders/admin/all?page=1&limit=25"}
{"durationMs":25,"level":"info","message":"request_end","requestId":"d213f72f-95a2-466a-8de2-8766c304b903","statusCode":304,"timestamp":"2026-05-25T18:18:19.573Z"}
{"ip":"::1","level":"info","message":"request_start","method":"GET","requestId":"62594a91-bc97-42a6-b9dc-7cc4d3d7a7de","timestamp":"2026-05-25T18:18:19.575Z","url":"/api/orders/admin/all?page=1&limit=25"}
{"ip":"::1","level":"info","message":"request_start","method":"GET","requestId":"5cf6bd00-62fd-480b-af61-22420889af3e","timestamp":"2026-05-25T18:18:19.579Z","url":"/api/orders/admin/stats"}
{"durationMs":30,"level":"info","message":"request_end","requestId":"62594a91-bc97-42a6-b9dc-7cc4d3d7a7de","statusCode":304,"timestamp":"2026-05-25T18:18:19.605Z"}
{"durationMs":58,"level":"info","message":"request_end","requestId":"5cf6bd00-62fd-480b-af61-22420889af3e","statusCode":304,"timestamp":"2026-05-25T18:18:19.637Z"}
{"ip":"::1","level":"info","message":"request_start","method":"GET","requestId":"85b32c37-1125-486f-8527-2503dd73bba3","timestamp":"2026-05-25T18:18:19.640Z","url":"/api/orders/admin/stats"}
{"durationMs":33,"level":"info","message":"request_end","requestId":"85b32c37-1125-486f-8527-2503dd73bba3","statusCode":304,"timestamp":"2026-05-25T18:18:19.674Z"}
{"ip":"::1","level":"info","message":"request_start","method":"GET","requestId":"ae797b41-aa05-4ff8-a789-7c7cf745a670","timestamp":"2026-05-25T18:18:57.537Z","url":"/api/orders/admin/stats"}
{"ip":"::1","level":"info","message":"request_start","method":"GET","requestId":"64b7ebf2-de7d-4285-b707-7ad3fa6b987c","timestamp":"2026-05-25T18:18:57.547Z","url":"/api/reviews/admin/stats"}
{"ip":"::1","level":"info","message":"request_start","method":"GET","requestId":"a5c16b9b-e366-4df8-b63f-3377d6c3848b","timestamp":"2026-05-25T18:18:57.556Z","url":"/api/payments/admin/stats"}
{"ip":"::1","level":"info","message":"request_start","method":"GET","requestId":"277069b4-fcb0-4813-b54d-73c8521f852b","timestamp":"2026-05-25T18:18:57.566Z","url":"/api/products/admin/stats"}
{"ip":"::1","level":"info","message":"request_start","method":"GET","requestId":"1438b695-7fdc-41cb-bc7d-9213d03ba926","timestamp":"2026-05-25T18:18:57.570Z","url":"/api/recommendations/admin/analytics"}
{"ip":"::1","level":"info","message":"request_start","method":"GET","requestId":"bb71f51f-4745-4115-9857-995b4228e28a","timestamp":"2026-05-25T18:18:57.576Z","url":"/api/products?page=1&limit=100"}
{"ip":"::1","level":"info","message":"request_start","method":"GET","requestId":"de4ba895-85f8-4e53-9609-e42b331e46c7","timestamp":"2026-05-25T18:18:57.579Z","url":"/api/users/me"}
{"durationMs":31,"level":"info","message":"request_end","requestId":"de4ba895-85f8-4e53-9609-e42b331e46c7","statusCode":304,"timestamp":"2026-05-25T18:18:57.610Z"}
{"durationMs":44,"level":"info","message":"request_end","requestId":"bb71f51f-4745-4115-9857-995b4228e28a","statusCode":200,"timestamp":"2026-05-25T18:18:57.620Z"}
{"durationMs":77,"level":"info","message":"request_end","requestId":"64b7ebf2-de7d-4285-b707-7ad3fa6b987c","statusCode":304,"timestamp":"2026-05-25T18:18:57.624Z"}
{"durationMs":62,"level":"info","message":"request_end","requestId":"1438b695-7fdc-41cb-bc7d-9213d03ba926","statusCode":304,"timestamp":"2026-05-25T18:18:57.632Z"}
{"durationMs":71,"level":"info","message":"request_end","requestId":"277069b4-fcb0-4813-b54d-73c8521f852b","statusCode":304,"timestamp":"2026-05-25T18:18:57.637Z"}
{"ip":"::1","level":"info","message":"request_start","method":"GET","requestId":"09bee6e8-d862-419c-b887-85660a024c28","timestamp":"2026-05-25T18:18:57.644Z","url":"/api/cart"}
{"ip":"::1","level":"info","message":"request_start","method":"GET","requestId":"d5134aad-49a5-4e09-a67b-a56cdb824714","timestamp":"2026-05-25T18:18:57.647Z","url":"/api/users/me"}
{"durationMs":95,"level":"info","message":"request_end","requestId":"a5c16b9b-e366-4df8-b63f-3377d6c3848b","statusCode":304,"timestamp":"2026-05-25T18:18:57.651Z"}
{"durationMs":124,"level":"info","message":"request_end","requestId":"ae797b41-aa05-4ff8-a789-7c7cf745a670","statusCode":304,"timestamp":"2026-05-25T18:18:57.661Z"}
{"durationMs":20,"level":"info","message":"request_end","requestId":"09bee6e8-d862-419c-b887-85660a024c28","statusCode":304,"timestamp":"2026-05-25T18:18:57.664Z"}
{"durationMs":19,"level":"info","message":"request_end","requestId":"d5134aad-49a5-4e09-a67b-a56cdb824714","statusCode":304,"timestamp":"2026-05-25T18:18:57.666Z"}
{"ip":"::1","level":"info","message":"request_start","method":"GET","requestId":"c706aa8b-afd2-445f-8fbd-3c67acc79d79","timestamp":"2026-05-25T18:18:59.247Z","url":"/api/orders/admin/all?page=1&limit=25"}
{"durationMs":23,"level":"info","message":"request_end","requestId":"c706aa8b-afd2-445f-8fbd-3c67acc79d79","statusCode":304,"timestamp":"2026-05-25T18:18:59.270Z"}
{"ip":"::1","level":"info","message":"request_start","method":"GET","requestId":"304347e4-c9a2-40ac-bc94-e21935588f25","timestamp":"2026-05-25T18:18:59.278Z","url":"/api/orders/admin/all?page=1&limit=25"}
{"ip":"::1","level":"info","message":"request_start","method":"GET","requestId":"032272b5-1a10-4089-87c3-c982c649edd2","timestamp":"2026-05-25T18:18:59.285Z","url":"/api/orders/admin/stats"}
{"durationMs":28,"level":"info","message":"request_end","requestId":"304347e4-c9a2-40ac-bc94-e21935588f25","statusCode":304,"timestamp":"2026-05-25T18:18:59.307Z"}
{"durationMs":49,"level":"info","message":"request_end","requestId":"032272b5-1a10-4089-87c3-c982c649edd2","statusCode":304,"timestamp":"2026-05-25T18:18:59.334Z"}
{"ip":"::1","level":"info","message":"request_start","method":"GET","requestId":"6adf8948-6019-4898-8299-d81cbba92621","timestamp":"2026-05-25T18:18:59.336Z","url":"/api/orders/admin/stats"}
{"durationMs":36,"level":"info","message":"request_end","requestId":"6adf8948-6019-4898-8299-d81cbba92621","statusCode":304,"timestamp":"2026-05-25T18:18:59.372Z"}
{"ip":"::1","level":"info","message":"request_start","method":"GET","requestId":"899a1e39-1b4f-4d1f-b1dc-547d330c1782","timestamp":"2026-05-25T18:19:03.269Z","url":"/api/orders/admin/stats"}
{"ip":"::1","level":"info","message":"request_start","method":"GET","requestId":"34686986-777d-4de7-aec7-07190790ddc0","timestamp":"2026-05-25T18:19:03.273Z","url":"/api/payments/admin/stats"}
{"ip":"::1","level":"info","message":"request_start","method":"GET","requestId":"7b0754ef-b76e-41ec-aa88-348c5d9d4e6c","timestamp":"2026-05-25T18:19:03.279Z","url":"/api/products/admin/stats"}
{"ip":"::1","level":"info","message":"request_start","method":"GET","requestId":"fb753863-e943-49c6-b698-4db3e6444178","timestamp":"2026-05-25T18:19:03.282Z","url":"/api/reviews/admin/stats"}
{"ip":"::1","level":"info","message":"request_start","method":"GET","requestId":"e6ee7da8-b928-41d5-a0dc-8bd225435247","timestamp":"2026-05-25T18:19:03.284Z","url":"/api/recommendations/admin/analytics"}
{"ip":"::1","level":"info","message":"request_start","method":"GET","requestId":"a65e6bc3-857a-4e06-9994-ca6bb72d0fad","timestamp":"2026-05-25T18:19:03.293Z","url":"/api/products?page=1&limit=100"}
{"ip":"::1","level":"info","message":"request_start","method":"GET","requestId":"8ad7c271-e6bc-44da-a296-f2400fecf95c","timestamp":"2026-05-25T18:19:03.298Z","url":"/api/users/me"}
{"durationMs":31,"level":"info","message":"request_end","requestId":"8ad7c271-e6bc-44da-a296-f2400fecf95c","statusCode":304,"timestamp":"2026-05-25T18:19:03.329Z"}
{"durationMs":56,"level":"info","message":"request_end","requestId":"a65e6bc3-857a-4e06-9994-ca6bb72d0fad","statusCode":200,"timestamp":"2026-05-25T18:19:03.349Z"}
{"durationMs":68,"level":"info","message":"request_end","requestId":"e6ee7da8-b928-41d5-a0dc-8bd225435247","statusCode":304,"timestamp":"2026-05-25T18:19:03.352Z"}
{"durationMs":83,"level":"info","message":"request_end","requestId":"fb753863-e943-49c6-b698-4db3e6444178","statusCode":304,"timestamp":"2026-05-25T18:19:03.364Z"}
{"ip":"::1","level":"info","message":"request_start","method":"GET","requestId":"7761e193-314d-4fc3-af57-a5d27a45aaba","timestamp":"2026-05-25T18:19:03.370Z","url":"/api/cart"}
{"ip":"::1","level":"info","message":"request_start","method":"GET","requestId":"9524ae05-791e-465c-a314-fcb51e16374c","timestamp":"2026-05-25T18:19:03.376Z","url":"/api/users/me"}
{"durationMs":101,"level":"info","message":"request_end","requestId":"7b0754ef-b76e-41ec-aa88-348c5d9d4e6c","statusCode":304,"timestamp":"2026-05-25T18:19:03.380Z"}
{"durationMs":110,"level":"info","message":"request_end","requestId":"34686986-777d-4de7-aec7-07190790ddc0","statusCode":304,"timestamp":"2026-05-25T18:19:03.383Z"}
{"durationMs":22,"level":"info","message":"request_end","requestId":"9524ae05-791e-465c-a314-fcb51e16374c","statusCode":304,"timestamp":"2026-05-25T18:19:03.398Z"}
{"durationMs":34,"level":"info","message":"request_end","requestId":"7761e193-314d-4fc3-af57-a5d27a45aaba","statusCode":304,"timestamp":"2026-05-25T18:19:03.404Z"}
{"durationMs":142,"level":"info","message":"request_end","requestId":"899a1e39-1b4f-4d1f-b1dc-547d330c1782","statusCode":304,"timestamp":"2026-05-25T18:19:03.411Z"}
{"ip":"::1","level":"info","message":"request_start","method":"GET","requestId":"dbb3638e-e015-417c-b232-3e9eba6b4a5d","timestamp":"2026-05-25T18:19:06.414Z","url":"/api/orders/admin/stats"}
{"ip":"::1","level":"info","message":"request_start","method":"GET","requestId":"b1f98483-1f7a-43e9-9d84-bac8eb0db012","timestamp":"2026-05-25T18:19:06.430Z","url":"/api/payments/admin/stats"}
{"ip":"::1","level":"info","message":"request_start","method":"GET","requestId":"7fa093cb-1d17-4c23-a249-3521ec8f2532","timestamp":"2026-05-25T18:19:06.434Z","url":"/api/products/admin/stats"}
{"ip":"::1","level":"info","message":"request_start","method":"GET","requestId":"e4710e6e-dce9-476a-9438-6dbcfe695c6b","timestamp":"2026-05-25T18:19:06.441Z","url":"/api/reviews/admin/stats"}
{"ip":"::1","level":"info","message":"request_start","method":"GET","requestId":"4143c096-3b24-4d00-967c-55b7c0d8dcfa","timestamp":"2026-05-25T18:19:06.445Z","url":"/api/recommendations/admin/analytics"}
{"ip":"::1","level":"info","message":"request_start","method":"GET","requestId":"bf725878-0849-4211-bec6-376c8b721325","timestamp":"2026-05-25T18:19:06.447Z","url":"/api/products?page=1&limit=100"}
{"ip":"::1","level":"info","message":"request_start","method":"GET","requestId":"d2daf12f-ed30-41b1-940b-048a69a110ca","timestamp":"2026-05-25T18:19:06.450Z","url":"/api/users/me"}
{"durationMs":34,"level":"info","message":"request_end","requestId":"d2daf12f-ed30-41b1-940b-048a69a110ca","statusCode":304,"timestamp":"2026-05-25T18:19:06.483Z"}
{"durationMs":51,"level":"info","message":"request_end","requestId":"bf725878-0849-4211-bec6-376c8b721325","statusCode":200,"timestamp":"2026-05-25T18:19:06.498Z"}
{"durationMs":65,"level":"info","message":"request_end","requestId":"e4710e6e-dce9-476a-9438-6dbcfe695c6b","statusCode":304,"timestamp":"2026-05-25T18:19:06.506Z"}
{"durationMs":67,"level":"info","message":"request_end","requestId":"4143c096-3b24-4d00-967c-55b7c0d8dcfa","statusCode":304,"timestamp":"2026-05-25T18:19:06.512Z"}
{"ip":"::1","level":"info","message":"request_start","method":"GET","requestId":"b3d9f444-2dd9-4c3e-b765-7c8eb290b3f6","timestamp":"2026-05-25T18:19:06.516Z","url":"/api/cart"}
{"durationMs":85,"level":"info","message":"request_end","requestId":"7fa093cb-1d17-4c23-a249-3521ec8f2532","statusCode":304,"timestamp":"2026-05-25T18:19:06.519Z"}
{"ip":"::1","level":"info","message":"request_start","method":"GET","requestId":"5d593e9f-279f-4ef9-aab9-a1810647069f","timestamp":"2026-05-25T18:19:06.520Z","url":"/api/users/me"}
{"durationMs":98,"level":"info","message":"request_end","requestId":"b1f98483-1f7a-43e9-9d84-bac8eb0db012","statusCode":304,"timestamp":"2026-05-25T18:19:06.528Z"}
{"durationMs":121,"level":"info","message":"request_end","requestId":"dbb3638e-e015-417c-b232-3e9eba6b4a5d","statusCode":304,"timestamp":"2026-05-25T18:19:06.535Z"}
{"durationMs":21,"level":"info","message":"request_end","requestId":"b3d9f444-2dd9-4c3e-b765-7c8eb290b3f6","statusCode":304,"timestamp":"2026-05-25T18:19:06.537Z"}
{"durationMs":22,"level":"info","message":"request_end","requestId":"5d593e9f-279f-4ef9-aab9-a1810647069f","statusCode":304,"timestamp":"2026-05-25T18:19:06.542Z"}
{"ip":"::1","level":"info","message":"request_start","method":"GET","requestId":"f37ba17c-32af-4158-a73e-eed3d9e4cb96","timestamp":"2026-05-25T18:19:08.078Z","url":"/api/orders/admin/all?page=1&limit=25"}
{"durationMs":64,"level":"info","message":"request_end","requestId":"f37ba17c-32af-4158-a73e-eed3d9e4cb96","statusCode":304,"timestamp":"2026-05-25T18:19:08.142Z"}
{"ip":"::1","level":"info","message":"request_start","method":"GET","requestId":"5a4ce320-a4bc-45bc-bf48-2d78b3ea0508","timestamp":"2026-05-25T18:19:08.147Z","url":"/api/orders/admin/all?page=1&limit=25"}
{"ip":"::1","level":"info","message":"request_start","method":"GET","requestId":"20a7ba6c-2c84-445a-bf71-3e71ca2f1fa9","timestamp":"2026-05-25T18:19:08.159Z","url":"/api/orders/admin/stats"}
{"durationMs":38,"level":"info","message":"request_end","requestId":"5a4ce320-a4bc-45bc-bf48-2d78b3ea0508","statusCode":304,"timestamp":"2026-05-25T18:19:08.185Z"}
{"durationMs":62,"level":"info","message":"request_end","requestId":"20a7ba6c-2c84-445a-bf71-3e71ca2f1fa9","statusCode":304,"timestamp":"2026-05-25T18:19:08.221Z"}
{"ip":"::1","level":"info","message":"request_start","method":"GET","requestId":"e8b80e29-15e3-493a-bea6-bfec62072364","timestamp":"2026-05-25T18:19:08.226Z","url":"/api/orders/admin/stats"}
{"durationMs":47,"level":"info","message":"request_end","requestId":"e8b80e29-15e3-493a-bea6-bfec62072364","statusCode":304,"timestamp":"2026-05-25T18:19:08.273Z"}
{"ip":"::1","level":"info","message":"request_start","method":"GET","requestId":"29bcc2ff-088d-408a-a51f-d3163ac2890d","timestamp":"2026-05-25T18:19:10.615Z","url":"/api/orders/admin/all?page=1&limit=25"}
{"durationMs":27,"level":"info","message":"request_end","requestId":"29bcc2ff-088d-408a-a51f-d3163ac2890d","statusCode":304,"timestamp":"2026-05-25T18:19:10.642Z"}
{"ip":"::1","level":"info","message":"request_start","method":"GET","requestId":"355360ac-05e4-4eaa-b3ef-839cdfdb7474","timestamp":"2026-05-25T18:19:10.661Z","url":"/api/orders/admin/stats"}
{"durationMs":35,"level":"info","message":"request_end","requestId":"355360ac-05e4-4eaa-b3ef-839cdfdb7474","statusCode":304,"timestamp":"2026-05-25T18:19:10.696Z"}
{"ip":"::1","level":"info","message":"request_start","method":"GET","requestId":"6bbffc5e-824a-4382-bfe7-418845b5c1fc","timestamp":"2026-05-25T18:19:26.591Z","url":"/api/orders/admin/all?page=1&limit=25"}
{"durationMs":27,"level":"info","message":"request_end","requestId":"6bbffc5e-824a-4382-bfe7-418845b5c1fc","statusCode":304,"timestamp":"2026-05-25T18:19:26.617Z"}
{"ip":"::1","level":"info","message":"request_start","method":"GET","requestId":"c1e46bde-4979-445d-a639-08a2268f4697","timestamp":"2026-05-25T18:19:26.626Z","url":"/api/orders/admin/stats"}
{"durationMs":34,"level":"info","message":"request_end","requestId":"c1e46bde-4979-445d-a639-08a2268f4697","statusCode":304,"timestamp":"2026-05-25T18:19:26.660Z"}
{"ip":"::1","level":"info","message":"request_start","method":"GET","requestId":"453e9f97-c9ef-4127-a036-3801f0c48bde","timestamp":"2026-05-25T18:20:09.365Z","url":"/api/orders/admin/stats"}
{"ip":"::1","level":"info","message":"request_start","method":"GET","requestId":"ed84bf08-5a64-4f33-9a87-090b00314b3f","timestamp":"2026-05-25T18:20:09.441Z","url":"/api/payments/admin/stats"}
{"ip":"::1","level":"info","message":"request_start","method":"GET","requestId":"5eced784-20a4-47c5-adbd-1af933d9b245","timestamp":"2026-05-25T18:20:09.486Z","url":"/api/products/admin/stats"}
{"ip":"::1","level":"info","message":"request_start","method":"GET","requestId":"cfb07451-cd58-4ce3-b9c9-ac5738acb43d","timestamp":"2026-05-25T18:20:09.505Z","url":"/api/reviews/admin/stats"}
{"ip":"::1","level":"info","message":"request_start","method":"GET","requestId":"fefd70e5-cdc8-4b42-9f5f-69de41724cae","timestamp":"2026-05-25T18:20:09.513Z","url":"/api/recommendations/admin/analytics"}
{"ip":"::1","level":"info","message":"request_start","method":"GET","requestId":"feac6112-9c40-4ef3-a3d9-a43a1c4f7ac0","timestamp":"2026-05-25T18:20:09.518Z","url":"/api/products?page=1&limit=100"}
{"ip":"::1","level":"info","message":"request_start","method":"GET","requestId":"a3705bda-c845-4008-8742-5fa9f529a4fd","timestamp":"2026-05-25T18:20:09.536Z","url":"/api/users/me"}
{"durationMs":221,"level":"info","message":"request_end","requestId":"fefd70e5-cdc8-4b42-9f5f-69de41724cae","statusCode":304,"timestamp":"2026-05-25T18:20:09.737Z"}
{"durationMs":284,"level":"info","message":"request_end","requestId":"cfb07451-cd58-4ce3-b9c9-ac5738acb43d","statusCode":304,"timestamp":"2026-05-25T18:20:09.787Z"}
{"durationMs":338,"level":"info","message":"request_end","requestId":"5eced784-20a4-47c5-adbd-1af933d9b245","statusCode":304,"timestamp":"2026-05-25T18:20:09.825Z"}
{"durationMs":309,"level":"info","message":"request_end","requestId":"a3705bda-c845-4008-8742-5fa9f529a4fd","statusCode":304,"timestamp":"2026-05-25T18:20:09.846Z"}
{"durationMs":407,"level":"info","message":"request_end","requestId":"ed84bf08-5a64-4f33-9a87-090b00314b3f","statusCode":304,"timestamp":"2026-05-25T18:20:09.848Z"}
{"durationMs":340,"level":"info","message":"request_end","requestId":"feac6112-9c40-4ef3-a3d9-a43a1c4f7ac0","statusCode":200,"timestamp":"2026-05-25T18:20:09.858Z"}
{"durationMs":499,"level":"info","message":"request_end","requestId":"453e9f97-c9ef-4127-a036-3801f0c48bde","statusCode":304,"timestamp":"2026-05-25T18:20:09.861Z"}
{"ip":"::1","level":"info","message":"request_start","method":"GET","requestId":"4f50a802-1f31-46b4-9332-b343cce27d34","timestamp":"2026-05-25T18:20:09.896Z","url":"/api/cart"}
{"ip":"::1","level":"info","message":"request_start","method":"GET","requestId":"9427e9d0-f0d6-473c-a203-0bd73e92cb67","timestamp":"2026-05-25T18:20:09.903Z","url":"/api/users/me"}
{"durationMs":13,"level":"info","message":"request_end","requestId":"4f50a802-1f31-46b4-9332-b343cce27d34","statusCode":304,"timestamp":"2026-05-25T18:20:09.909Z"}
{"durationMs":12,"level":"info","message":"request_end","requestId":"9427e9d0-f0d6-473c-a203-0bd73e92cb67","statusCode":304,"timestamp":"2026-05-25T18:20:09.915Z"}
{"ip":"::1","level":"info","message":"request_start","method":"GET","requestId":"cf7bd9d6-2542-422e-949f-87e59f0a0a1e","timestamp":"2026-05-25T18:20:39.838Z","url":"/api/orders/admin/all?page=1&limit=25"}
{"durationMs":72,"level":"info","message":"request_end","requestId":"cf7bd9d6-2542-422e-949f-87e59f0a0a1e","statusCode":304,"timestamp":"2026-05-25T18:20:39.911Z"}
{"ip":"::1","level":"info","message":"request_start","method":"GET","requestId":"c63fd0ef-efc3-4b9c-86bf-f624a4a8bf6c","timestamp":"2026-05-25T18:20:39.915Z","url":"/api/orders/admin/all?page=1&limit=25"}
{"ip":"::1","level":"info","message":"request_start","method":"GET","requestId":"3a3ceaab-9a84-4039-bd09-f34550991714","timestamp":"2026-05-25T18:20:39.936Z","url":"/api/orders/admin/stats"}
{"durationMs":47,"level":"info","message":"request_end","requestId":"c63fd0ef-efc3-4b9c-86bf-f624a4a8bf6c","statusCode":304,"timestamp":"2026-05-25T18:20:39.962Z"}
{"durationMs":52,"level":"info","message":"request_end","requestId":"3a3ceaab-9a84-4039-bd09-f34550991714","statusCode":304,"timestamp":"2026-05-25T18:20:39.987Z"}
{"ip":"::1","level":"info","message":"request_start","method":"GET","requestId":"98d022ef-08aa-4d7e-8639-e24e8820ff47","timestamp":"2026-05-25T18:20:39.992Z","url":"/api/orders/admin/stats"}
{"durationMs":44,"level":"info","message":"request_end","requestId":"98d022ef-08aa-4d7e-8639-e24e8820ff47","statusCode":304,"timestamp":"2026-05-25T18:20:40.035Z"}
{"ip":"::1","level":"info","message":"request_start","method":"GET","requestId":"4f88fefd-6c70-4ae4-bd8e-bfaf277d50cf","timestamp":"2026-05-25T18:20:41.488Z","url":"/api/orders/admin/all?page=1&limit=25"}
{"durationMs":28,"level":"info","message":"request_end","requestId":"4f88fefd-6c70-4ae4-bd8e-bfaf277d50cf","statusCode":304,"timestamp":"2026-05-25T18:20:41.516Z"}
{"ip":"::1","level":"info","message":"request_start","method":"GET","requestId":"bcecf63c-374f-4f98-8fe5-dd6fbb19c951","timestamp":"2026-05-25T18:20:41.526Z","url":"/api/orders/admin/stats"}
{"durationMs":32,"level":"info","message":"request_end","requestId":"bcecf63c-374f-4f98-8fe5-dd6fbb19c951","statusCode":304,"timestamp":"2026-05-25T18:20:41.558Z"}
{"ip":"::1","level":"info","message":"request_start","method":"GET","requestId":"5aa8e965-4c66-4257-8be4-9a09570637bb","timestamp":"2026-05-25T18:20:45.202Z","url":"/api/orders/admin/all?page=1&limit=25"}
{"durationMs":29,"level":"info","message":"request_end","requestId":"5aa8e965-4c66-4257-8be4-9a09570637bb","statusCode":304,"timestamp":"2026-05-25T18:20:45.231Z"}
{"ip":"::1","level":"info","message":"request_start","method":"GET","requestId":"c2321c41-04d6-484e-b111-dd945674417f","timestamp":"2026-05-25T18:20:45.240Z","url":"/api/orders/admin/stats"}
{"durationMs":31,"level":"info","message":"request_end","requestId":"c2321c41-04d6-484e-b111-dd945674417f","statusCode":304,"timestamp":"2026-05-25T18:20:45.271Z"}
{"ip":"::1","level":"info","message":"request_start","method":"GET","requestId":"621699aa-e914-4c94-9367-957ac2bfd5b0","timestamp":"2026-05-25T18:23:14.619Z","url":"/api/orders/admin/stats"}
{"ip":"::1","level":"info","message":"request_start","method":"GET","requestId":"7fd9e4dd-72f1-4693-a477-a4d3a6d76528","timestamp":"2026-05-25T18:23:14.640Z","url":"/api/payments/admin/stats"}
{"ip":"::1","level":"info","message":"request_start","method":"GET","requestId":"e3424128-26bf-4420-b3cf-ee70d8928e91","timestamp":"2026-05-25T18:23:14.646Z","url":"/api/products/admin/stats"}
{"ip":"::1","level":"info","message":"request_start","method":"GET","requestId":"eced9359-2ee9-4d4b-b5a7-37d83fa07209","timestamp":"2026-05-25T18:23:14.658Z","url":"/api/reviews/admin/stats"}
{"ip":"::1","level":"info","message":"request_start","method":"GET","requestId":"2d2a826c-84a5-47df-95e5-f8574cfe07ea","timestamp":"2026-05-25T18:23:14.664Z","url":"/api/recommendations/admin/analytics"}
{"ip":"::1","level":"info","message":"request_start","method":"GET","requestId":"9d1fe63c-d958-4c8c-811a-62cbe41150b1","timestamp":"2026-05-25T18:23:14.680Z","url":"/api/products?page=1&limit=100"}
{"ip":"::1","level":"info","message":"request_start","method":"GET","requestId":"7f877d5c-a46c-4f0d-936a-ae5bf7029ffe","timestamp":"2026-05-25T18:23:14.698Z","url":"/api/users/me"}
{"durationMs":103,"level":"info","message":"request_end","requestId":"621699aa-e914-4c94-9367-957ac2bfd5b0","statusCode":304,"timestamp":"2026-05-25T18:23:14.722Z"}
{"durationMs":95,"level":"info","message":"request_end","requestId":"eced9359-2ee9-4d4b-b5a7-37d83fa07209","statusCode":304,"timestamp":"2026-05-25T18:23:14.753Z"}
{"durationMs":59,"level":"info","message":"request_end","requestId":"7f877d5c-a46c-4f0d-936a-ae5bf7029ffe","statusCode":304,"timestamp":"2026-05-25T18:23:14.756Z"}
{"durationMs":81,"level":"info","message":"request_end","requestId":"9d1fe63c-d958-4c8c-811a-62cbe41150b1","statusCode":200,"timestamp":"2026-05-25T18:23:14.761Z"}
{"durationMs":119,"level":"info","message":"request_end","requestId":"e3424128-26bf-4420-b3cf-ee70d8928e91","statusCode":304,"timestamp":"2026-05-25T18:23:14.765Z"}
{"durationMs":126,"level":"info","message":"request_end","requestId":"7fd9e4dd-72f1-4693-a477-a4d3a6d76528","statusCode":304,"timestamp":"2026-05-25T18:23:14.766Z"}
{"durationMs":109,"level":"info","message":"request_end","requestId":"2d2a826c-84a5-47df-95e5-f8574cfe07ea","statusCode":304,"timestamp":"2026-05-25T18:23:14.773Z"}
{"ip":"::1","level":"info","message":"request_start","method":"GET","requestId":"086c8c48-c389-49c2-a185-2117cc3f831e","timestamp":"2026-05-25T18:23:14.944Z","url":"/api/cart"}
{"ip":"::1","level":"info","message":"request_start","method":"GET","requestId":"4c12d9d5-a0fa-4899-a2f0-ecbc437d747b","timestamp":"2026-05-25T18:23:14.950Z","url":"/api/users/me"}
{"durationMs":11,"level":"info","message":"request_end","requestId":"086c8c48-c389-49c2-a185-2117cc3f831e","statusCode":304,"timestamp":"2026-05-25T18:23:14.955Z"}
{"durationMs":13,"level":"info","message":"request_end","requestId":"4c12d9d5-a0fa-4899-a2f0-ecbc437d747b","statusCode":304,"timestamp":"2026-05-25T18:23:14.963Z"}
{"ip":"::1","level":"info","message":"request_start","method":"GET","requestId":"8cf5709d-f078-45cb-a21d-b4b0c014d49e","timestamp":"2026-05-25T18:23:21.415Z","url":"/api/orders/admin/all?page=1&limit=25"}
{"durationMs":73,"level":"info","message":"request_end","requestId":"8cf5709d-f078-45cb-a21d-b4b0c014d49e","statusCode":304,"timestamp":"2026-05-25T18:23:21.488Z"}
{"ip":"::1","level":"info","message":"request_start","method":"GET","requestId":"db3f14b7-cdf6-452a-a684-30403c24c50b","timestamp":"2026-05-25T18:23:21.491Z","url":"/api/orders/admin/all?page=1&limit=25"}
{"ip":"::1","level":"info","message":"request_start","method":"GET","requestId":"cd706279-89d9-4803-82eb-25d12ac5159e","timestamp":"2026-05-25T18:23:21.507Z","url":"/api/orders/admin/stats"}
{"durationMs":62,"level":"info","message":"request_end","requestId":"db3f14b7-cdf6-452a-a684-30403c24c50b","statusCode":304,"timestamp":"2026-05-25T18:23:21.553Z"}
{"durationMs":76,"level":"info","message":"request_end","requestId":"cd706279-89d9-4803-82eb-25d12ac5159e","statusCode":304,"timestamp":"2026-05-25T18:23:21.583Z"}
{"ip":"::1","level":"info","message":"request_start","method":"GET","requestId":"c5260edb-6b3f-4dfb-8418-01620850f183","timestamp":"2026-05-25T18:23:21.586Z","url":"/api/orders/admin/stats"}
{"durationMs":42,"level":"info","message":"request_end","requestId":"c5260edb-6b3f-4dfb-8418-01620850f183","statusCode":304,"timestamp":"2026-05-25T18:23:21.628Z"}
{"ip":"::1","level":"info","message":"request_start","method":"GET","requestId":"164c484a-dffd-416f-a090-026b3ad57f15","timestamp":"2026-05-25T18:23:25.887Z","url":"/api/orders/admin/all?page=1&limit=25"}
{"durationMs":25,"level":"info","message":"request_end","requestId":"164c484a-dffd-416f-a090-026b3ad57f15","statusCode":304,"timestamp":"2026-05-25T18:23:25.912Z"}
{"ip":"::1","level":"info","message":"request_start","method":"GET","requestId":"4919306d-64ff-4040-9828-b7c8eabd2436","timestamp":"2026-05-25T18:23:25.921Z","url":"/api/orders/admin/stats"}
{"durationMs":57,"level":"info","message":"request_end","requestId":"4919306d-64ff-4040-9828-b7c8eabd2436","statusCode":304,"timestamp":"2026-05-25T18:23:25.978Z"}
{"ip":"::1","level":"info","message":"request_start","method":"GET","requestId":"4f111dd7-8282-4804-9969-59cd60c7d896","timestamp":"2026-05-25T18:23:34.683Z","url":"/api/orders/admin/stats"}
{"ip":"::1","level":"info","message":"request_start","method":"GET","requestId":"424faf8e-1883-4a69-b439-54cb2a9adb99","timestamp":"2026-05-25T18:23:34.750Z","url":"/api/payments/admin/stats"}
{"ip":"::1","level":"info","message":"request_start","method":"GET","requestId":"aba185e1-90fb-4601-b28d-684919998356","timestamp":"2026-05-25T18:23:34.772Z","url":"/api/products/admin/stats"}
{"ip":"::1","level":"info","message":"request_start","method":"GET","requestId":"fd8e02fd-2a5d-418c-9771-7ee43f298682","timestamp":"2026-05-25T18:23:34.797Z","url":"/api/reviews/admin/stats"}
{"ip":"::1","level":"info","message":"request_start","method":"GET","requestId":"689fbc3d-834e-41bd-b5b7-14e53620454f","timestamp":"2026-05-25T18:23:34.810Z","url":"/api/recommendations/admin/analytics"}
{"ip":"::1","level":"info","message":"request_start","method":"GET","requestId":"43f72e7d-f673-4431-9959-1c00134c2da7","timestamp":"2026-05-25T18:23:34.817Z","url":"/api/products?page=1&limit=100"}
{"ip":"::1","level":"info","message":"request_start","method":"GET","requestId":"95461f18-ccaf-472f-b081-e30459a548bb","timestamp":"2026-05-25T18:23:34.820Z","url":"/api/users/me"}
{"durationMs":123,"level":"info","message":"request_end","requestId":"43f72e7d-f673-4431-9959-1c00134c2da7","statusCode":200,"timestamp":"2026-05-25T18:23:34.939Z"}
{"durationMs":146,"level":"info","message":"request_end","requestId":"95461f18-ccaf-472f-b081-e30459a548bb","statusCode":304,"timestamp":"2026-05-25T18:23:34.966Z"}
{"durationMs":218,"level":"info","message":"request_end","requestId":"fd8e02fd-2a5d-418c-9771-7ee43f298682","statusCode":304,"timestamp":"2026-05-25T18:23:35.015Z"}
{"durationMs":273,"level":"info","message":"request_end","requestId":"424faf8e-1883-4a69-b439-54cb2a9adb99","statusCode":304,"timestamp":"2026-05-25T18:23:35.023Z"}
{"durationMs":232,"level":"info","message":"request_end","requestId":"689fbc3d-834e-41bd-b5b7-14e53620454f","statusCode":304,"timestamp":"2026-05-25T18:23:35.037Z"}
{"durationMs":280,"level":"info","message":"request_end","requestId":"aba185e1-90fb-4601-b28d-684919998356","statusCode":304,"timestamp":"2026-05-25T18:23:35.053Z"}
{"durationMs":397,"level":"info","message":"request_end","requestId":"4f111dd7-8282-4804-9969-59cd60c7d896","statusCode":304,"timestamp":"2026-05-25T18:23:35.080Z"}
{"ip":"::1","level":"info","message":"request_start","method":"GET","requestId":"4ddccc96-7e71-47f6-912e-0ec1cfa005cc","timestamp":"2026-05-25T18:23:35.107Z","url":"/api/cart"}
{"ip":"::1","level":"info","message":"request_start","method":"GET","requestId":"47d41ebe-655b-473e-87f1-eafd90ebb03c","timestamp":"2026-05-25T18:23:35.111Z","url":"/api/users/me"}
{"durationMs":31,"level":"info","message":"request_end","requestId":"4ddccc96-7e71-47f6-912e-0ec1cfa005cc","statusCode":304,"timestamp":"2026-05-25T18:23:35.138Z"}
{"durationMs":39,"level":"info","message":"request_end","requestId":"47d41ebe-655b-473e-87f1-eafd90ebb03c","statusCode":304,"timestamp":"2026-05-25T18:23:35.150Z"}
{"ip":"::1","level":"info","message":"request_start","method":"GET","requestId":"c45856f8-245e-4e83-94e9-ac1a4d1e1784","timestamp":"2026-05-25T18:23:35.662Z","url":"/api/orders/admin/all?page=1&limit=25"}
{"durationMs":20,"level":"info","message":"request_end","requestId":"c45856f8-245e-4e83-94e9-ac1a4d1e1784","statusCode":304,"timestamp":"2026-05-25T18:23:35.682Z"}
{"ip":"::1","level":"info","message":"request_start","method":"GET","requestId":"06f0885e-a63e-498a-8e5d-310bd7e2487e","timestamp":"2026-05-25T18:23:35.765Z","url":"/api/orders/admin/all?page=1&limit=25"}
{"ip":"::1","level":"info","message":"request_start","method":"GET","requestId":"ff83f060-dbb4-4379-9bf0-db023a14f403","timestamp":"2026-05-25T18:23:35.849Z","url":"/api/orders/admin/stats"}
{"durationMs":239,"level":"info","message":"request_end","requestId":"06f0885e-a63e-498a-8e5d-310bd7e2487e","statusCode":304,"timestamp":"2026-05-25T18:23:36.004Z"}
{"durationMs":243,"level":"info","message":"request_end","requestId":"ff83f060-dbb4-4379-9bf0-db023a14f403","statusCode":304,"timestamp":"2026-05-25T18:23:36.092Z"}
{"ip":"::1","level":"info","message":"request_start","method":"GET","requestId":"f65b1898-572d-4255-ad20-f9788610fff4","timestamp":"2026-05-25T18:23:36.103Z","url":"/api/orders/admin/stats"}
{"durationMs":56,"level":"info","message":"request_end","requestId":"f65b1898-572d-4255-ad20-f9788610fff4","statusCode":304,"timestamp":"2026-05-25T18:23:36.159Z"}
{"ip":"::1","level":"info","message":"request_start","method":"GET","requestId":"0fdbe3d2-c798-49e7-bea5-0f5d0723071c","timestamp":"2026-05-25T18:23:39.920Z","url":"/api/orders/admin/all?page=1&limit=25"}
{"durationMs":48,"level":"info","message":"request_end","requestId":"0fdbe3d2-c798-49e7-bea5-0f5d0723071c","statusCode":304,"timestamp":"2026-05-25T18:23:39.969Z"}
{"ip":"::1","level":"info","message":"request_start","method":"GET","requestId":"df83cc2e-e5ea-4431-98fe-e3a0c55df810","timestamp":"2026-05-25T18:23:39.992Z","url":"/api/orders/admin/stats"}
{"durationMs":71,"level":"info","message":"request_end","requestId":"df83cc2e-e5ea-4431-98fe-e3a0c55df810","statusCode":304,"timestamp":"2026-05-25T18:23:40.063Z"}
{"ip":"::1","level":"info","message":"request_start","method":"GET","requestId":"2a63b119-0cf0-436c-a3ee-316fbb986ca2","timestamp":"2026-05-25T18:24:00.630Z","url":"/api/orders/admin/all?page=1&limit=25"}
{"durationMs":21,"level":"info","message":"request_end","requestId":"2a63b119-0cf0-436c-a3ee-316fbb986ca2","statusCode":304,"timestamp":"2026-05-25T18:24:00.651Z"}
{"ip":"::1","level":"info","message":"request_start","method":"GET","requestId":"6b3b81a5-d517-48d5-b93e-3926d72f0d64","timestamp":"2026-05-25T18:24:00.660Z","url":"/api/orders/admin/stats"}
{"durationMs":28,"level":"info","message":"request_end","requestId":"6b3b81a5-d517-48d5-b93e-3926d72f0d64","statusCode":304,"timestamp":"2026-05-25T18:24:00.688Z"}
{"ip":"::1","level":"info","message":"request_start","method":"GET","requestId":"b34e75e6-b932-4af3-9c35-4e4683d81ac5","timestamp":"2026-05-25T18:24:27.235Z","url":"/api/payments/admin/all?page=1&limit=25"}
{"ip":"::1","level":"info","message":"request_start","method":"GET","requestId":"bce5a004-8969-4194-9a12-573622fb93c0","timestamp":"2026-05-25T18:24:27.315Z","url":"/api/payments/admin/stats"}
{"durationMs":129,"level":"info","message":"request_end","requestId":"b34e75e6-b932-4af3-9c35-4e4683d81ac5","statusCode":304,"timestamp":"2026-05-25T18:24:27.364Z"}
{"ip":"::1","level":"info","message":"request_start","method":"GET","requestId":"53faa52f-4b39-4c53-8b17-97fb32681ec5","timestamp":"2026-05-25T18:24:27.458Z","url":"/api/payments/admin/all?page=1&limit=25"}
{"durationMs":108,"level":"info","message":"request_end","requestId":"53faa52f-4b39-4c53-8b17-97fb32681ec5","statusCode":304,"timestamp":"2026-05-25T18:24:27.566Z"}
{"durationMs":277,"level":"info","message":"request_end","requestId":"bce5a004-8969-4194-9a12-573622fb93c0","statusCode":304,"timestamp":"2026-05-25T18:24:27.592Z"}
{"ip":"::1","level":"info","message":"request_start","method":"GET","requestId":"8c3fd660-380e-4c7c-b517-77ea81198637","timestamp":"2026-05-25T18:24:27.602Z","url":"/api/payments/admin/stats"}
{"durationMs":69,"level":"info","message":"request_end","requestId":"8c3fd660-380e-4c7c-b517-77ea81198637","statusCode":304,"timestamp":"2026-05-25T18:24:27.671Z"}
{"ip":"::1","level":"info","message":"request_start","method":"GET","requestId":"76bab29a-4246-49b2-b2f3-f1b46b59fc46","timestamp":"2026-05-25T18:24:36.207Z","url":"/api/orders/admin/stats"}
{"ip":"::1","level":"info","message":"request_start","method":"GET","requestId":"8ed5ee9a-d47b-4d70-8c52-d4d3d518efcc","timestamp":"2026-05-25T18:24:36.217Z","url":"/api/payments/admin/stats"}
{"ip":"::1","level":"info","message":"request_start","method":"GET","requestId":"454cd8db-2173-4e44-b4de-c87daa679fde","timestamp":"2026-05-25T18:24:36.233Z","url":"/api/products/admin/stats"}
{"ip":"::1","level":"info","message":"request_start","method":"GET","requestId":"246b8974-096e-4232-b1cd-2a07317044c6","timestamp":"2026-05-25T18:24:36.249Z","url":"/api/reviews/admin/stats"}
{"ip":"::1","level":"info","message":"request_start","method":"GET","requestId":"9404965c-e8f8-4b95-999d-38b9ba890239","timestamp":"2026-05-25T18:24:36.253Z","url":"/api/recommendations/admin/analytics"}
{"durationMs":79,"level":"info","message":"request_end","requestId":"246b8974-096e-4232-b1cd-2a07317044c6","statusCode":304,"timestamp":"2026-05-25T18:24:36.328Z"}
{"durationMs":81,"level":"info","message":"request_end","requestId":"9404965c-e8f8-4b95-999d-38b9ba890239","statusCode":304,"timestamp":"2026-05-25T18:24:36.334Z"}
{"durationMs":104,"level":"info","message":"request_end","requestId":"454cd8db-2173-4e44-b4de-c87daa679fde","statusCode":304,"timestamp":"2026-05-25T18:24:36.337Z"}
{"durationMs":133,"level":"info","message":"request_end","requestId":"8ed5ee9a-d47b-4d70-8c52-d4d3d518efcc","statusCode":304,"timestamp":"2026-05-25T18:24:36.350Z"}
{"ip":"::1","level":"info","message":"request_start","method":"GET","requestId":"ca155020-3780-4ac6-9c73-cdc381faa94e","timestamp":"2026-05-25T18:24:36.352Z","url":"/api/reviews/admin/stats"}
{"ip":"::1","level":"info","message":"request_start","method":"GET","requestId":"c9344d50-770b-4007-b2fb-f26197c23a8f","timestamp":"2026-05-25T18:24:36.361Z","url":"/api/recommendations/admin/analytics"}
{"ip":"::1","level":"info","message":"request_start","method":"GET","requestId":"4eded396-1816-467a-b0bc-e814c58a2f03","timestamp":"2026-05-25T18:24:36.365Z","url":"/api/products/admin/stats"}
{"ip":"::1","level":"info","message":"request_start","method":"GET","requestId":"e928bd5c-e906-4807-a27c-1e9992aa6ccc","timestamp":"2026-05-25T18:24:36.369Z","url":"/api/payments/admin/stats"}
{"durationMs":191,"level":"info","message":"request_end","requestId":"76bab29a-4246-49b2-b2f3-f1b46b59fc46","statusCode":304,"timestamp":"2026-05-25T18:24:36.397Z"}
{"ip":"::1","level":"info","message":"request_start","method":"GET","requestId":"79b4b33d-685f-47b3-bbb1-b77af16812b5","timestamp":"2026-05-25T18:24:36.413Z","url":"/api/orders/admin/stats"}
{"durationMs":81,"level":"info","message":"request_end","requestId":"ca155020-3780-4ac6-9c73-cdc381faa94e","statusCode":304,"timestamp":"2026-05-25T18:24:36.433Z"}
{"durationMs":74,"level":"info","message":"request_end","requestId":"c9344d50-770b-4007-b2fb-f26197c23a8f","statusCode":304,"timestamp":"2026-05-25T18:24:36.435Z"}
{"durationMs":80,"level":"info","message":"request_end","requestId":"4eded396-1816-467a-b0bc-e814c58a2f03","statusCode":304,"timestamp":"2026-05-25T18:24:36.445Z"}
{"durationMs":84,"level":"info","message":"request_end","requestId":"e928bd5c-e906-4807-a27c-1e9992aa6ccc","statusCode":304,"timestamp":"2026-05-25T18:24:36.454Z"}
{"durationMs":65,"level":"info","message":"request_end","requestId":"79b4b33d-685f-47b3-bbb1-b77af16812b5","statusCode":304,"timestamp":"2026-05-25T18:24:36.478Z"}
{"ip":"::1","level":"info","message":"request_start","method":"GET","requestId":"b4d405d0-476a-411e-a85d-c5e52e6fae87","timestamp":"2026-05-25T18:24:45.255Z","url":"/api/orders/admin/all?page=1&limit=25"}
{"durationMs":58,"level":"info","message":"request_end","requestId":"b4d405d0-476a-411e-a85d-c5e52e6fae87","statusCode":304,"timestamp":"2026-05-25T18:24:45.313Z"}
{"ip":"::1","level":"info","message":"request_start","method":"GET","requestId":"8ebc2410-4a0b-4f77-b177-c50465e492cb","timestamp":"2026-05-25T18:24:45.327Z","url":"/api/orders/admin/all?page=1&limit=25"}
{"ip":"::1","level":"info","message":"request_start","method":"GET","requestId":"334510b3-9604-4690-b211-990468ceca6c","timestamp":"2026-05-25T18:24:45.348Z","url":"/api/orders/admin/stats"}
{"durationMs":68,"level":"info","message":"request_end","requestId":"8ebc2410-4a0b-4f77-b177-c50465e492cb","statusCode":304,"timestamp":"2026-05-25T18:24:45.395Z"}
{"durationMs":91,"level":"info","message":"request_end","requestId":"334510b3-9604-4690-b211-990468ceca6c","statusCode":304,"timestamp":"2026-05-25T18:24:45.439Z"}
{"ip":"::1","level":"info","message":"request_start","method":"GET","requestId":"c01cd3a7-4933-4039-8233-b31f8135335b","timestamp":"2026-05-25T18:24:45.446Z","url":"/api/orders/admin/stats"}
{"durationMs":57,"level":"info","message":"request_end","requestId":"c01cd3a7-4933-4039-8233-b31f8135335b","statusCode":304,"timestamp":"2026-05-25T18:24:45.504Z"}
{"ip":"::1","level":"info","message":"request_start","method":"GET","requestId":"b5fffec6-1d97-45a6-b35e-96112230248f","timestamp":"2026-05-25T18:24:50.861Z","url":"/api/orders/admin/stats"}
{"ip":"::1","level":"info","message":"request_start","method":"GET","requestId":"d9b9be26-f32c-47e2-9386-9a7cfc1190b7","timestamp":"2026-05-25T18:24:50.871Z","url":"/api/payments/admin/stats"}
{"ip":"::1","level":"info","message":"request_start","method":"GET","requestId":"2c98f255-a36a-4490-a063-94a55b2b858c","timestamp":"2026-05-25T18:24:50.918Z","url":"/api/products/admin/stats"}
{"ip":"::1","level":"info","message":"request_start","method":"GET","requestId":"8a3bf5ad-cebd-41ce-a7c3-72cce6268dd3","timestamp":"2026-05-25T18:24:50.964Z","url":"/api/reviews/admin/stats"}
{"ip":"::1","level":"info","message":"request_start","method":"GET","requestId":"e2c6413c-d498-4959-b07a-252b2ee234f9","timestamp":"2026-05-25T18:24:50.978Z","url":"/api/recommendations/admin/analytics"}
{"durationMs":88,"level":"info","message":"request_end","requestId":"8a3bf5ad-cebd-41ce-a7c3-72cce6268dd3","statusCode":304,"timestamp":"2026-05-25T18:24:51.053Z"}
{"durationMs":165,"level":"info","message":"request_end","requestId":"2c98f255-a36a-4490-a063-94a55b2b858c","statusCode":304,"timestamp":"2026-05-25T18:24:51.084Z"}
{"ip":"::1","level":"info","message":"request_start","method":"GET","requestId":"d785f322-1247-44bc-b974-1ba7d6390235","timestamp":"2026-05-25T18:24:51.100Z","url":"/api/reviews/admin/stats"}
{"durationMs":139,"level":"info","message":"request_end","requestId":"e2c6413c-d498-4959-b07a-252b2ee234f9","statusCode":304,"timestamp":"2026-05-25T18:24:51.117Z"}
{"durationMs":272,"level":"info","message":"request_end","requestId":"b5fffec6-1d97-45a6-b35e-96112230248f","statusCode":304,"timestamp":"2026-05-25T18:24:51.133Z"}
{"durationMs":278,"level":"info","message":"request_end","requestId":"d9b9be26-f32c-47e2-9386-9a7cfc1190b7","statusCode":304,"timestamp":"2026-05-25T18:24:51.149Z"}
{"ip":"::1","level":"info","message":"request_start","method":"GET","requestId":"ac59cd6d-3949-425a-b147-e41774d33c39","timestamp":"2026-05-25T18:24:51.161Z","url":"/api/products/admin/stats"}
{"ip":"::1","level":"info","message":"request_start","method":"GET","requestId":"dff06814-2d34-4fbb-9d8a-70ed6b675291","timestamp":"2026-05-25T18:24:51.191Z","url":"/api/recommendations/admin/analytics"}
{"ip":"::1","level":"info","message":"request_start","method":"GET","requestId":"44e346dc-8ef8-45fa-a9d4-c1c0ad94f178","timestamp":"2026-05-25T18:24:51.234Z","url":"/api/orders/admin/stats"}
{"ip":"::1","level":"info","message":"request_start","method":"GET","requestId":"050ed018-ba1f-451c-ab6c-b77ef66a8629","timestamp":"2026-05-25T18:24:51.247Z","url":"/api/payments/admin/stats"}
{"durationMs":199,"level":"info","message":"request_end","requestId":"d785f322-1247-44bc-b974-1ba7d6390235","statusCode":304,"timestamp":"2026-05-25T18:24:51.298Z"}
{"durationMs":205,"level":"info","message":"request_end","requestId":"ac59cd6d-3949-425a-b147-e41774d33c39","statusCode":304,"timestamp":"2026-05-25T18:24:51.366Z"}
{"durationMs":182,"level":"info","message":"request_end","requestId":"dff06814-2d34-4fbb-9d8a-70ed6b675291","statusCode":304,"timestamp":"2026-05-25T18:24:51.371Z"}
{"durationMs":150,"level":"info","message":"request_end","requestId":"050ed018-ba1f-451c-ab6c-b77ef66a8629","statusCode":304,"timestamp":"2026-05-25T18:24:51.397Z"}
{"durationMs":174,"level":"info","message":"request_end","requestId":"44e346dc-8ef8-45fa-a9d4-c1c0ad94f178","statusCode":304,"timestamp":"2026-05-25T18:24:51.408Z"}
{"ip":"::1","level":"info","message":"request_start","method":"GET","requestId":"1197e067-0844-4bd2-a821-d4e1002a5622","timestamp":"2026-05-25T18:24:51.739Z","url":"/api/orders/admin/all?page=1&limit=25"}
{"durationMs":45,"level":"info","message":"request_end","requestId":"1197e067-0844-4bd2-a821-d4e1002a5622","statusCode":304,"timestamp":"2026-05-25T18:24:51.784Z"}
{"ip":"::1","level":"info","message":"request_start","method":"GET","requestId":"e1b50cc1-05c0-4bfa-a420-a2ff8b346e0a","timestamp":"2026-05-25T18:24:51.787Z","url":"/api/orders/admin/all?page=1&limit=25"}
{"ip":"::1","level":"info","message":"request_start","method":"GET","requestId":"7911e242-7ff9-442d-af18-4f079760af3f","timestamp":"2026-05-25T18:24:51.821Z","url":"/api/orders/admin/stats"}
{"durationMs":59,"level":"info","message":"request_end","requestId":"e1b50cc1-05c0-4bfa-a420-a2ff8b346e0a","statusCode":304,"timestamp":"2026-05-25T18:24:51.846Z"}
{"durationMs":75,"level":"info","message":"request_end","requestId":"7911e242-7ff9-442d-af18-4f079760af3f","statusCode":304,"timestamp":"2026-05-25T18:24:51.896Z"}
{"ip":"::1","level":"info","message":"request_start","method":"GET","requestId":"5876bdae-9e3f-46e0-be35-170d4b7eeb01","timestamp":"2026-05-25T18:24:51.901Z","url":"/api/orders/admin/stats"}
{"durationMs":45,"level":"info","message":"request_end","requestId":"5876bdae-9e3f-46e0-be35-170d4b7eeb01","statusCode":304,"timestamp":"2026-05-25T18:24:51.946Z"}
{"ip":"::1","level":"info","message":"request_start","method":"GET","requestId":"07aec82f-8036-40d4-ab38-8b7e6cd91986","timestamp":"2026-05-25T18:24:55.981Z","url":"/api/orders/admin/stats"}
{"ip":"::1","level":"info","message":"request_start","method":"GET","requestId":"980e60bc-1934-48ad-a2f8-80f7e29a7464","timestamp":"2026-05-25T18:24:55.987Z","url":"/api/payments/admin/stats"}
{"ip":"::1","level":"info","message":"request_start","method":"GET","requestId":"0b0d00aa-b577-451b-a685-ff17ca396e78","timestamp":"2026-05-25T18:24:56.017Z","url":"/api/products/admin/stats"}
{"ip":"::1","level":"info","message":"request_start","method":"GET","requestId":"b9ef8968-c3a8-44fe-92d0-0fb638dda39d","timestamp":"2026-05-25T18:24:56.022Z","url":"/api/reviews/admin/stats"}
{"ip":"::1","level":"info","message":"request_start","method":"GET","requestId":"68c8394f-1388-499d-9a7c-5b14118090b9","timestamp":"2026-05-25T18:24:56.030Z","url":"/api/recommendations/admin/analytics"}
{"durationMs":164,"level":"info","message":"request_end","requestId":"b9ef8968-c3a8-44fe-92d0-0fb638dda39d","statusCode":304,"timestamp":"2026-05-25T18:24:56.186Z"}
{"durationMs":177,"level":"info","message":"request_end","requestId":"0b0d00aa-b577-451b-a685-ff17ca396e78","statusCode":304,"timestamp":"2026-05-25T18:24:56.193Z"}
{"durationMs":165,"level":"info","message":"request_end","requestId":"68c8394f-1388-499d-9a7c-5b14118090b9","statusCode":304,"timestamp":"2026-05-25T18:24:56.195Z"}
{"ip":"::1","level":"info","message":"request_start","method":"GET","requestId":"3629b670-3b0b-4454-98d9-465db3bebb57","timestamp":"2026-05-25T18:24:56.198Z","url":"/api/reviews/admin/stats"}
{"durationMs":218,"level":"info","message":"request_end","requestId":"980e60bc-1934-48ad-a2f8-80f7e29a7464","statusCode":304,"timestamp":"2026-05-25T18:24:56.205Z"}
{"ip":"::1","level":"info","message":"request_start","method":"GET","requestId":"ef21f496-c34c-4cf6-9150-c7b150e0baa4","timestamp":"2026-05-25T18:24:56.206Z","url":"/api/products/admin/stats"}
{"ip":"::1","level":"info","message":"request_start","method":"GET","requestId":"3e2903b0-62f1-4c46-a962-b35182bf07fe","timestamp":"2026-05-25T18:24:56.213Z","url":"/api/recommendations/admin/analytics"}
{"durationMs":236,"level":"info","message":"request_end","requestId":"07aec82f-8036-40d4-ab38-8b7e6cd91986","statusCode":304,"timestamp":"2026-05-25T18:24:56.217Z"}
{"ip":"::1","level":"info","message":"request_start","method":"GET","requestId":"2ac3a90a-817a-40af-b78c-654fac90fd5c","timestamp":"2026-05-25T18:24:56.220Z","url":"/api/payments/admin/stats"}
{"ip":"::1","level":"info","message":"request_start","method":"GET","requestId":"98b7d972-ee8f-4750-9f68-0eb9ed3e5e07","timestamp":"2026-05-25T18:24:56.237Z","url":"/api/orders/admin/stats"}
{"durationMs":69,"level":"info","message":"request_end","requestId":"3629b670-3b0b-4454-98d9-465db3bebb57","statusCode":304,"timestamp":"2026-05-25T18:24:56.267Z"}
{"durationMs":66,"level":"info","message":"request_end","requestId":"3e2903b0-62f1-4c46-a962-b35182bf07fe","statusCode":304,"timestamp":"2026-05-25T18:24:56.280Z"}
{"durationMs":84,"level":"info","message":"request_end","requestId":"ef21f496-c34c-4cf6-9150-c7b150e0baa4","statusCode":304,"timestamp":"2026-05-25T18:24:56.290Z"}
{"durationMs":83,"level":"info","message":"request_end","requestId":"2ac3a90a-817a-40af-b78c-654fac90fd5c","statusCode":304,"timestamp":"2026-05-25T18:24:56.303Z"}
{"durationMs":79,"level":"info","message":"request_end","requestId":"98b7d972-ee8f-4750-9f68-0eb9ed3e5e07","statusCode":304,"timestamp":"2026-05-25T18:24:56.316Z"}
{"ip":"::1","level":"info","message":"request_start","method":"GET","requestId":"5423ab26-70d9-400f-ba72-bb9e28893ff4","timestamp":"2026-05-25T18:25:01.135Z","url":"/api/orders/admin/all?page=1&limit=25"}
{"durationMs":34,"level":"info","message":"request_end","requestId":"5423ab26-70d9-400f-ba72-bb9e28893ff4","statusCode":304,"timestamp":"2026-05-25T18:25:01.169Z"}
{"ip":"::1","level":"info","message":"request_start","method":"GET","requestId":"c0494395-5d15-4bdb-9355-6e9983d5a9a0","timestamp":"2026-05-25T18:25:01.173Z","url":"/api/orders/admin/all?page=1&limit=25"}
{"ip":"::1","level":"info","message":"request_start","method":"GET","requestId":"08051beb-014b-4a91-a6f8-abb19e094d33","timestamp":"2026-05-25T18:25:01.185Z","url":"/api/orders/admin/stats"}
{"durationMs":46,"level":"info","message":"request_end","requestId":"c0494395-5d15-4bdb-9355-6e9983d5a9a0","statusCode":304,"timestamp":"2026-05-25T18:25:01.218Z"}
{"durationMs":59,"level":"info","message":"request_end","requestId":"08051beb-014b-4a91-a6f8-abb19e094d33","statusCode":304,"timestamp":"2026-05-25T18:25:01.243Z"}
{"ip":"::1","level":"info","message":"request_start","method":"GET","requestId":"01e18011-0be8-4772-8b25-91c36af3b6e5","timestamp":"2026-05-25T18:25:01.249Z","url":"/api/orders/admin/stats"}
{"durationMs":39,"level":"info","message":"request_end","requestId":"01e18011-0be8-4772-8b25-91c36af3b6e5","statusCode":304,"timestamp":"2026-05-25T18:25:01.287Z"}
{"ip":"::1","level":"info","message":"request_start","method":"GET","requestId":"2713d1e3-ce07-4423-be16-d0e917a2b526","timestamp":"2026-05-25T18:25:03.052Z","url":"/api/orders/admin/stats"}
{"ip":"::1","level":"info","message":"request_start","method":"GET","requestId":"6eecf0d4-7b41-49f4-8e7d-9b76ecf490d6","timestamp":"2026-05-25T18:25:03.056Z","url":"/api/payments/admin/stats"}
{"ip":"::1","level":"info","message":"request_start","method":"GET","requestId":"7fdae5ff-9ab7-4778-9b86-2dc040b68e55","timestamp":"2026-05-25T18:25:03.080Z","url":"/api/products/admin/stats"}
{"ip":"::1","level":"info","message":"request_start","method":"GET","requestId":"d7e44bf9-ae0d-4304-8901-b28e271dfdc0","timestamp":"2026-05-25T18:25:03.093Z","url":"/api/reviews/admin/stats"}
{"ip":"::1","level":"info","message":"request_start","method":"GET","requestId":"db8ec1e0-34b1-4384-a2c0-9934801c364d","timestamp":"2026-05-25T18:25:03.099Z","url":"/api/recommendations/admin/analytics"}
{"durationMs":104,"level":"info","message":"request_end","requestId":"6eecf0d4-7b41-49f4-8e7d-9b76ecf490d6","statusCode":304,"timestamp":"2026-05-25T18:25:03.160Z"}
{"durationMs":73,"level":"info","message":"request_end","requestId":"d7e44bf9-ae0d-4304-8901-b28e271dfdc0","statusCode":304,"timestamp":"2026-05-25T18:25:03.165Z"}
{"durationMs":70,"level":"info","message":"request_end","requestId":"db8ec1e0-34b1-4384-a2c0-9934801c364d","statusCode":304,"timestamp":"2026-05-25T18:25:03.169Z"}
{"durationMs":94,"level":"info","message":"request_end","requestId":"7fdae5ff-9ab7-4778-9b86-2dc040b68e55","statusCode":304,"timestamp":"2026-05-25T18:25:03.173Z"}
{"ip":"::1","level":"info","message":"request_start","method":"GET","requestId":"26027983-1894-4f88-8691-21e818ce9de0","timestamp":"2026-05-25T18:25:03.182Z","url":"/api/payments/admin/stats"}
{"ip":"::1","level":"info","message":"request_start","method":"GET","requestId":"853ce5a6-7d7d-419f-a34c-5bbcc180ee6d","timestamp":"2026-05-25T18:25:03.190Z","url":"/api/reviews/admin/stats"}
{"ip":"::1","level":"info","message":"request_start","method":"GET","requestId":"55c5f724-9398-4c0d-ad37-b8eec23dc441","timestamp":"2026-05-25T18:25:03.198Z","url":"/api/recommendations/admin/analytics"}
{"ip":"::1","level":"info","message":"request_start","method":"GET","requestId":"4e98b8e4-561e-47a7-b4b9-94af5c5cc0a1","timestamp":"2026-05-25T18:25:03.251Z","url":"/api/products/admin/stats"}
{"durationMs":229,"level":"info","message":"request_end","requestId":"2713d1e3-ce07-4423-be16-d0e917a2b526","statusCode":304,"timestamp":"2026-05-25T18:25:03.281Z"}
{"ip":"::1","level":"info","message":"request_start","method":"GET","requestId":"45b988b2-5303-4d26-88ab-13daf1f16371","timestamp":"2026-05-25T18:25:03.291Z","url":"/api/orders/admin/stats"}
{"durationMs":160,"level":"info","message":"request_end","requestId":"853ce5a6-7d7d-419f-a34c-5bbcc180ee6d","statusCode":304,"timestamp":"2026-05-25T18:25:03.350Z"}
{"durationMs":156,"level":"info","message":"request_end","requestId":"55c5f724-9398-4c0d-ad37-b8eec23dc441","statusCode":304,"timestamp":"2026-05-25T18:25:03.354Z"}
{"durationMs":119,"level":"info","message":"request_end","requestId":"4e98b8e4-561e-47a7-b4b9-94af5c5cc0a1","statusCode":304,"timestamp":"2026-05-25T18:25:03.369Z"}
{"durationMs":192,"level":"info","message":"request_end","requestId":"26027983-1894-4f88-8691-21e818ce9de0","statusCode":304,"timestamp":"2026-05-25T18:25:03.374Z"}
{"durationMs":98,"level":"info","message":"request_end","requestId":"45b988b2-5303-4d26-88ab-13daf1f16371","statusCode":304,"timestamp":"2026-05-25T18:25:03.389Z"}
{"ip":"::1","level":"info","message":"request_start","method":"GET","requestId":"082f059b-7ca7-40c1-9040-e8906e7b9fc8","timestamp":"2026-05-25T18:25:11.254Z","url":"/api/payments/admin/all?page=1&limit=25"}
{"ip":"::1","level":"info","message":"request_start","method":"GET","requestId":"6782e59a-1b94-4130-9e9b-11c13022254e","timestamp":"2026-05-25T18:25:11.263Z","url":"/api/payments/admin/stats"}
{"durationMs":70,"level":"info","message":"request_end","requestId":"082f059b-7ca7-40c1-9040-e8906e7b9fc8","statusCode":304,"timestamp":"2026-05-25T18:25:11.324Z"}
{"ip":"::1","level":"info","message":"request_start","method":"GET","requestId":"6bf67d53-2bf9-4a4e-aa01-db8fc2454c4b","timestamp":"2026-05-25T18:25:11.342Z","url":"/api/payments/admin/all?page=1&limit=25"}
{"durationMs":128,"level":"info","message":"request_end","requestId":"6782e59a-1b94-4130-9e9b-11c13022254e","statusCode":304,"timestamp":"2026-05-25T18:25:11.391Z"}
{"durationMs":62,"level":"info","message":"request_end","requestId":"6bf67d53-2bf9-4a4e-aa01-db8fc2454c4b","statusCode":304,"timestamp":"2026-05-25T18:25:11.404Z"}
{"ip":"::1","level":"info","message":"request_start","method":"GET","requestId":"d657f51a-b217-48fe-a902-ed4c96351821","timestamp":"2026-05-25T18:25:11.418Z","url":"/api/payments/admin/stats"}
{"durationMs":49,"level":"info","message":"request_end","requestId":"d657f51a-b217-48fe-a902-ed4c96351821","statusCode":304,"timestamp":"2026-05-25T18:25:11.467Z"}
{"ip":"::1","level":"info","message":"request_start","method":"GET","requestId":"7a118dd6-7da8-4021-b32a-69010d573c04","timestamp":"2026-05-25T18:25:13.989Z","url":"/api/orders/admin/stats"}
{"ip":"::1","level":"info","message":"request_start","method":"GET","requestId":"1d010050-6799-46e6-abe4-2640b0517697","timestamp":"2026-05-25T18:25:14.014Z","url":"/api/payments/admin/stats"}
{"ip":"::1","level":"info","message":"request_start","method":"GET","requestId":"649473b3-a171-4b2b-b632-0573dd435c75","timestamp":"2026-05-25T18:25:14.023Z","url":"/api/products/admin/stats"}
{"ip":"::1","level":"info","message":"request_start","method":"GET","requestId":"181202e1-3450-40b1-8a0e-a5ed7c7a97b8","timestamp":"2026-05-25T18:25:14.045Z","url":"/api/reviews/admin/stats"}
{"ip":"::1","level":"info","message":"request_start","method":"GET","requestId":"b2b10932-d86e-49c4-bea4-3b25bdbf8bd2","timestamp":"2026-05-25T18:25:14.055Z","url":"/api/recommendations/admin/analytics"}
{"durationMs":62,"level":"info","message":"request_end","requestId":"181202e1-3450-40b1-8a0e-a5ed7c7a97b8","statusCode":304,"timestamp":"2026-05-25T18:25:14.107Z"}
{"durationMs":97,"level":"info","message":"request_end","requestId":"649473b3-a171-4b2b-b632-0573dd435c75","statusCode":304,"timestamp":"2026-05-25T18:25:14.120Z"}
{"ip":"::1","level":"info","message":"request_start","method":"GET","requestId":"cb4e9027-dec7-45b5-8928-fda40215c398","timestamp":"2026-05-25T18:25:14.122Z","url":"/api/reviews/admin/stats"}
{"durationMs":75,"level":"info","message":"request_end","requestId":"b2b10932-d86e-49c4-bea4-3b25bdbf8bd2","statusCode":304,"timestamp":"2026-05-25T18:25:14.130Z"}
{"durationMs":122,"level":"info","message":"request_end","requestId":"1d010050-6799-46e6-abe4-2640b0517697","statusCode":304,"timestamp":"2026-05-25T18:25:14.137Z"}
{"ip":"::1","level":"info","message":"request_start","method":"GET","requestId":"e5a44cd5-582f-4451-a70c-ff6dfa775b6c","timestamp":"2026-05-25T18:25:14.140Z","url":"/api/products/admin/stats"}
{"ip":"::1","level":"info","message":"request_start","method":"GET","requestId":"0c25aedc-4eb6-42f7-a41f-7820ffd9412a","timestamp":"2026-05-25T18:25:14.152Z","url":"/api/recommendations/admin/analytics"}
{"durationMs":168,"level":"info","message":"request_end","requestId":"7a118dd6-7da8-4021-b32a-69010d573c04","statusCode":304,"timestamp":"2026-05-25T18:25:14.157Z"}
{"ip":"::1","level":"info","message":"request_start","method":"GET","requestId":"937d1ff3-21a3-453c-ac50-baf0a07ae503","timestamp":"2026-05-25T18:25:14.162Z","url":"/api/payments/admin/stats"}
{"ip":"::1","level":"info","message":"request_start","method":"GET","requestId":"83ef5ef5-7466-4951-9df2-9e2ee794c1a5","timestamp":"2026-05-25T18:25:14.178Z","url":"/api/orders/admin/stats"}
{"durationMs":65,"level":"info","message":"request_end","requestId":"0c25aedc-4eb6-42f7-a41f-7820ffd9412a","statusCode":304,"timestamp":"2026-05-25T18:25:14.217Z"}
{"durationMs":112,"level":"info","message":"request_end","requestId":"cb4e9027-dec7-45b5-8928-fda40215c398","statusCode":304,"timestamp":"2026-05-25T18:25:14.235Z"}
{"durationMs":108,"level":"info","message":"request_end","requestId":"e5a44cd5-582f-4451-a70c-ff6dfa775b6c","statusCode":304,"timestamp":"2026-05-25T18:25:14.248Z"}
{"durationMs":101,"level":"info","message":"request_end","requestId":"937d1ff3-21a3-453c-ac50-baf0a07ae503","statusCode":304,"timestamp":"2026-05-25T18:25:14.262Z"}
{"durationMs":92,"level":"info","message":"request_end","requestId":"83ef5ef5-7466-4951-9df2-9e2ee794c1a5","statusCode":304,"timestamp":"2026-05-25T18:25:14.270Z"}
{"ip":"::1","level":"info","message":"request_start","method":"GET","requestId":"8eca0c60-0f71-466d-b317-adc518605e7a","timestamp":"2026-05-25T18:25:26.795Z","url":"/api/products/featured?limit=4"}
{"durationMs":14,"level":"info","message":"request_end","requestId":"8eca0c60-0f71-466d-b317-adc518605e7a","statusCode":200,"timestamp":"2026-05-25T18:25:26.809Z"}
{"ip":"::1","level":"info","message":"request_start","method":"GET","requestId":"db99b0b1-b313-4256-8226-4068c6f207a4","timestamp":"2026-05-25T18:25:26.816Z","url":"/api/products/featured?limit=4"}
{"durationMs":12,"level":"info","message":"request_end","requestId":"db99b0b1-b313-4256-8226-4068c6f207a4","statusCode":200,"timestamp":"2026-05-25T18:25:26.828Z"}
{"ip":"::1","level":"info","message":"request_start","method":"GET","requestId":"1b5b79f3-9ed5-4914-b61a-034320d15880","timestamp":"2026-05-25T18:25:29.586Z","url":"/api/users/csrf"}
{"durationMs":3,"level":"info","message":"request_end","requestId":"1b5b79f3-9ed5-4914-b61a-034320d15880","statusCode":200,"timestamp":"2026-05-25T18:25:29.589Z"}
{"ip":"::1","level":"info","message":"request_start","method":"POST","requestId":"0de93df1-d87b-441d-8db6-846263413b19","timestamp":"2026-05-25T18:25:29.598Z","url":"/api/users/logout"}
{"durationMs":63,"level":"info","message":"request_end","requestId":"0de93df1-d87b-441d-8db6-846263413b19","statusCode":200,"timestamp":"2026-05-25T18:25:29.661Z"}
{"ip":"::1","level":"info","message":"request_start","method":"GET","requestId":"12aa9530-e513-4358-98d1-166a03f387fd","timestamp":"2026-06-09T12:38:33.566Z","url":"/api/products/featured?limit=4"}
{"ip":"::1","level":"info","message":"request_start","method":"GET","requestId":"dd4a39ae-1d43-4a6f-8b49-e07a1b02af48","timestamp":"2026-06-09T12:38:33.589Z","url":"/api/users/me"}
{"durationMs":10,"level":"info","message":"request_end","requestId":"dd4a39ae-1d43-4a6f-8b49-e07a1b02af48","statusCode":401,"timestamp":"2026-06-09T12:38:33.599Z"}
{"ip":"::1","level":"info","message":"request_start","method":"GET","requestId":"40f6dd66-096d-495a-b815-96d0adef30dc","timestamp":"2026-06-09T12:38:33.608Z","url":"/api/users/csrf"}
{"durationMs":6,"level":"info","message":"request_end","requestId":"40f6dd66-096d-495a-b815-96d0adef30dc","statusCode":200,"timestamp":"2026-06-09T12:38:33.614Z"}
{"ip":"::1","level":"info","message":"request_start","method":"POST","requestId":"826734e7-c7ac-4c6b-950c-6b6e4bb05af7","timestamp":"2026-06-09T12:38:33.631Z","url":"/api/users/refresh"}
{"durationMs":37,"level":"info","message":"request_end","requestId":"826734e7-c7ac-4c6b-950c-6b6e4bb05af7","statusCode":401,"timestamp":"2026-06-09T12:38:33.666Z"}
{"durationMs":170,"level":"info","message":"request_end","requestId":"12aa9530-e513-4358-98d1-166a03f387fd","statusCode":200,"timestamp":"2026-06-09T12:38:33.735Z"}
{"ip":"::1","level":"info","message":"request_start","method":"POST","requestId":"598d843a-15fe-45b4-b362-70b5767b83f6","timestamp":"2026-06-09T12:38:43.556Z","url":"/api/users/login"}
{"durationMs":192,"level":"info","message":"request_end","requestId":"598d843a-15fe-45b4-b362-70b5767b83f6","statusCode":200,"timestamp":"2026-06-09T12:38:43.748Z"}
{"ip":"::1","level":"info","message":"request_start","method":"GET","requestId":"a89163d9-54b6-4e9e-a26d-e533199a083f","timestamp":"2026-06-09T12:38:43.787Z","url":"/api/cart"}
{"ip":"::1","level":"info","message":"request_start","method":"GET","requestId":"f05267cd-b477-465d-982a-69fb48c18bea","timestamp":"2026-06-09T12:38:43.796Z","url":"/api/users/me"}
{"durationMs":23,"level":"info","message":"request_end","requestId":"f05267cd-b477-465d-982a-69fb48c18bea","statusCode":200,"timestamp":"2026-06-09T12:38:43.819Z"}
{"durationMs":45,"level":"info","message":"request_end","requestId":"a89163d9-54b6-4e9e-a26d-e533199a083f","statusCode":200,"timestamp":"2026-06-09T12:38:43.832Z"}
{"ip":"::1","level":"info","message":"request_start","method":"GET","requestId":"eb0e36d4-d166-4a55-8704-f3184e3c90bf","timestamp":"2026-06-09T12:39:17.264Z","url":"/api/users/csrf"}
{"durationMs":11,"level":"info","message":"request_end","requestId":"eb0e36d4-d166-4a55-8704-f3184e3c90bf","statusCode":200,"timestamp":"2026-06-09T12:39:17.274Z"}
{"ip":"::1","level":"info","message":"request_start","method":"PUT","requestId":"95bdd463-8012-4300-977c-8bf173e2f309","timestamp":"2026-06-09T12:39:17.294Z","url":"/api/users/profile"}
{"durationMs":49,"level":"info","message":"request_end","requestId":"95bdd463-8012-4300-977c-8bf173e2f309","statusCode":200,"timestamp":"2026-06-09T12:39:17.343Z"}
{"ip":"::1","level":"info","message":"request_start","method":"GET","requestId":"6b533ef9-87c4-4c40-892e-a187b64f2241","timestamp":"2026-06-09T12:39:22.544Z","url":"/api/users/me"}
{"durationMs":35,"level":"info","message":"request_end","requestId":"6b533ef9-87c4-4c40-892e-a187b64f2241","statusCode":200,"timestamp":"2026-06-09T12:39:22.579Z"}
{"ip":"::1","level":"info","message":"request_start","method":"GET","requestId":"2ac0c788-f504-4e47-9c67-e3147ff5c2f0","timestamp":"2026-06-09T12:39:22.653Z","url":"/api/cart"}
{"ip":"::1","level":"info","message":"request_start","method":"GET","requestId":"6c60d3b5-d63d-494f-a22a-cb2903d2faed","timestamp":"2026-06-09T12:39:22.660Z","url":"/api/users/me"}
{"durationMs":30,"level":"info","message":"request_end","requestId":"2ac0c788-f504-4e47-9c67-e3147ff5c2f0","statusCode":304,"timestamp":"2026-06-09T12:39:22.682Z"}
{"durationMs":31,"level":"info","message":"request_end","requestId":"6c60d3b5-d63d-494f-a22a-cb2903d2faed","statusCode":304,"timestamp":"2026-06-09T12:39:22.691Z"}
{"ip":"::1","level":"info","message":"request_start","method":"GET","requestId":"1bad2c7c-0dba-4b69-b44d-c37161d087a1","timestamp":"2026-06-09T12:39:26.043Z","url":"/api/orders/my-orders?page=1&limit=10"}
{"durationMs":138,"level":"info","message":"request_end","requestId":"1bad2c7c-0dba-4b69-b44d-c37161d087a1","statusCode":200,"timestamp":"2026-06-09T12:39:26.181Z"}
{"ip":"::1","level":"info","message":"request_start","method":"GET","requestId":"51b809e0-9cc9-449b-8838-cdb58d893bb7","timestamp":"2026-06-09T12:39:30.764Z","url":"/api/orders/6a10888d9209d27493c1453b"}
{"durationMs":58,"level":"info","message":"request_end","requestId":"51b809e0-9cc9-449b-8838-cdb58d893bb7","statusCode":200,"timestamp":"2026-06-09T12:39:30.822Z"}
{"ip":"::1","level":"info","message":"request_start","method":"GET","requestId":"f614a218-3d9a-495d-907e-e1ab1a8337b2","timestamp":"2026-06-09T12:39:42.532Z","url":"/api/users/csrf"}
{"durationMs":3,"level":"info","message":"request_end","requestId":"f614a218-3d9a-495d-907e-e1ab1a8337b2","statusCode":200,"timestamp":"2026-06-09T12:39:42.535Z"}
{"ip":"::1","level":"info","message":"request_start","method":"POST","requestId":"2e273c94-0ccb-4534-8db8-b04ba144a63c","timestamp":"2026-06-09T12:39:42.545Z","url":"/api/users/logout"}
{"durationMs":51,"level":"info","message":"request_end","requestId":"2e273c94-0ccb-4534-8db8-b04ba144a63c","statusCode":200,"timestamp":"2026-06-09T12:39:42.596Z"}
{"ip":"::1","level":"info","message":"request_start","method":"GET","requestId":"d9f63534-0c63-4361-8141-ba36bdb656b9","timestamp":"2026-06-09T12:39:42.816Z","url":"/api/products/featured?limit=4"}
{"durationMs":59,"level":"info","message":"request_end","requestId":"d9f63534-0c63-4361-8141-ba36bdb656b9","statusCode":200,"timestamp":"2026-06-09T12:39:42.876Z"}
{"ip":"::1","level":"info","message":"request_start","method":"GET","requestId":"ca5011eb-4066-400d-b54d-dd8fb2ad1444","timestamp":"2026-06-09T12:39:42.882Z","url":"/api/products/featured?limit=4"}
{"durationMs":30,"level":"info","message":"request_end","requestId":"ca5011eb-4066-400d-b54d-dd8fb2ad1444","statusCode":200,"timestamp":"2026-06-09T12:39:42.912Z"}
{"ip":"::1","level":"info","message":"request_start","method":"POST","requestId":"3d1e79ef-85f1-4d68-b02e-a407bc00435b","timestamp":"2026-06-09T12:40:01.721Z","url":"/api/users/login"}
{"durationMs":95,"level":"info","message":"request_end","requestId":"3d1e79ef-85f1-4d68-b02e-a407bc00435b","statusCode":200,"timestamp":"2026-06-09T12:40:01.815Z"}
{"ip":"::1","level":"info","message":"request_start","method":"GET","requestId":"34b5a7c7-577f-467a-b7a4-24d884f500b1","timestamp":"2026-06-09T12:40:01.854Z","url":"/api/cart"}
{"ip":"::1","level":"info","message":"request_start","method":"GET","requestId":"250e52d8-d1aa-4e3f-977f-a9e6ba182ca1","timestamp":"2026-06-09T12:40:01.860Z","url":"/api/users/me"}
{"durationMs":23,"level":"info","message":"request_end","requestId":"34b5a7c7-577f-467a-b7a4-24d884f500b1","statusCode":304,"timestamp":"2026-06-09T12:40:01.877Z"}
{"durationMs":26,"level":"info","message":"request_end","requestId":"250e52d8-d1aa-4e3f-977f-a9e6ba182ca1","statusCode":304,"timestamp":"2026-06-09T12:40:01.886Z"}
{"ip":"::1","level":"info","message":"request_start","method":"GET","requestId":"fc5421c0-a271-47f0-ac1a-261782a47018","timestamp":"2026-06-09T12:40:08.637Z","url":"/api/orders/my-orders?page=1&limit=10"}
{"durationMs":47,"level":"info","message":"request_end","requestId":"fc5421c0-a271-47f0-ac1a-261782a47018","statusCode":304,"timestamp":"2026-06-09T12:40:08.684Z"}
{"ip":"::1","level":"info","message":"request_start","method":"GET","requestId":"ee59b239-636f-4681-ae58-be38e22372f2","timestamp":"2026-06-09T12:41:09.356Z","url":"/api/orders/admin/stats"}
{"ip":"::1","level":"info","message":"request_start","method":"GET","requestId":"f2bfdedc-2698-4000-a470-1395fbeb5aee","timestamp":"2026-06-09T12:41:09.379Z","url":"/api/payments/admin/stats"}
{"ip":"::1","level":"info","message":"request_start","method":"GET","requestId":"d55224a6-350e-4143-913e-bed7422deca4","timestamp":"2026-06-09T12:41:09.399Z","url":"/api/products/admin/stats"}
{"ip":"::1","level":"info","message":"request_start","method":"GET","requestId":"ea63bd43-d7fe-4d48-905a-d983e26e0d4b","timestamp":"2026-06-09T12:41:09.408Z","url":"/api/reviews/admin/stats"}
{"ip":"::1","level":"info","message":"request_start","method":"GET","requestId":"54fc7cb0-fe4f-4246-9aa4-73ff74c2dd6a","timestamp":"2026-06-09T12:41:09.423Z","url":"/api/recommendations/admin/analytics"}
{"ip":"::1","level":"info","message":"request_start","method":"GET","requestId":"28f6571a-849d-4ba4-b340-132d0feef001","timestamp":"2026-06-09T12:41:09.432Z","url":"/api/products?page=1&limit=100"}
{"durationMs":170,"level":"info","message":"request_end","requestId":"ea63bd43-d7fe-4d48-905a-d983e26e0d4b","statusCode":200,"timestamp":"2026-06-09T12:41:09.578Z"}
{"durationMs":158,"level":"info","message":"request_end","requestId":"28f6571a-849d-4ba4-b340-132d0feef001","statusCode":200,"timestamp":"2026-06-09T12:41:09.590Z"}
{"durationMs":186,"level":"info","message":"request_end","requestId":"54fc7cb0-fe4f-4246-9aa4-73ff74c2dd6a","statusCode":200,"timestamp":"2026-06-09T12:41:09.609Z"}
{"ip":"::1","level":"info","message":"request_start","method":"GET","requestId":"c71ab632-aff2-463f-902b-3948ab286837","timestamp":"2026-06-09T12:41:09.613Z","url":"/api/reviews/admin/stats"}
{"ip":"::1","level":"info","message":"request_start","method":"GET","requestId":"653c8ea9-d724-4673-be22-ca0c06778575","timestamp":"2026-06-09T12:41:09.622Z","url":"/api/products?page=1&limit=100"}
{"ip":"::1","level":"info","message":"request_start","method":"GET","requestId":"7d6e6fdf-27c6-41e9-88c1-64e1a9e8de60","timestamp":"2026-06-09T12:41:09.642Z","url":"/api/recommendations/admin/analytics"}
{"durationMs":252,"level":"info","message":"request_end","requestId":"d55224a6-350e-4143-913e-bed7422deca4","statusCode":200,"timestamp":"2026-06-09T12:41:09.652Z"}
{"durationMs":297,"level":"info","message":"request_end","requestId":"f2bfdedc-2698-4000-a470-1395fbeb5aee","statusCode":200,"timestamp":"2026-06-09T12:41:09.675Z"}
{"ip":"::1","level":"info","message":"request_start","method":"GET","requestId":"44f5b074-155b-41b3-86ad-4468f63c8474","timestamp":"2026-06-09T12:41:09.681Z","url":"/api/products/admin/stats"}
{"ip":"::1","level":"info","message":"request_start","method":"GET","requestId":"0a851113-f464-4cfd-97d2-44afb2c806b5","timestamp":"2026-06-09T12:41:09.705Z","url":"/api/payments/admin/stats"}
{"durationMs":95,"level":"info","message":"request_end","requestId":"653c8ea9-d724-4673-be22-ca0c06778575","statusCode":200,"timestamp":"2026-06-09T12:41:09.717Z"}
{"durationMs":365,"level":"info","message":"request_end","requestId":"ee59b239-636f-4681-ae58-be38e22372f2","statusCode":200,"timestamp":"2026-06-09T12:41:09.721Z"}
{"durationMs":119,"level":"info","message":"request_end","requestId":"c71ab632-aff2-463f-902b-3948ab286837","statusCode":304,"timestamp":"2026-06-09T12:41:09.732Z"}
{"ip":"::1","level":"info","message":"request_start","method":"GET","requestId":"746cf8fd-3368-4d37-a22d-b4e877ecc944","timestamp":"2026-06-09T12:41:09.737Z","url":"/api/orders/admin/stats"}
{"durationMs":104,"level":"info","message":"request_end","requestId":"7d6e6fdf-27c6-41e9-88c1-64e1a9e8de60","statusCode":304,"timestamp":"2026-06-09T12:41:09.746Z"}
{"durationMs":82,"level":"info","message":"request_end","requestId":"44f5b074-155b-41b3-86ad-4468f63c8474","statusCode":304,"timestamp":"2026-06-09T12:41:09.763Z"}
{"durationMs":65,"level":"info","message":"request_end","requestId":"0a851113-f464-4cfd-97d2-44afb2c806b5","statusCode":304,"timestamp":"2026-06-09T12:41:09.770Z"}
{"durationMs":46,"level":"info","message":"request_end","requestId":"746cf8fd-3368-4d37-a22d-b4e877ecc944","statusCode":304,"timestamp":"2026-06-09T12:41:09.782Z"}
{"ip":"::1","level":"info","message":"request_start","method":"GET","requestId":"272d0007-fec0-4433-ae22-29c32b0dd027","timestamp":"2026-06-09T12:41:31.538Z","url":"/api/orders/admin/all?page=1&limit=25"}
{"durationMs":27,"level":"info","message":"request_end","requestId":"272d0007-fec0-4433-ae22-29c32b0dd027","statusCode":200,"timestamp":"2026-06-09T12:41:31.565Z"}
{"ip":"::1","level":"info","message":"request_start","method":"GET","requestId":"72cd64a7-ea61-447b-b241-4bfd71018faa","timestamp":"2026-06-09T12:41:31.568Z","url":"/api/orders/admin/all?page=1&limit=25"}
{"ip":"::1","level":"info","message":"request_start","method":"GET","requestId":"f895eeee-526c-4fcb-a225-49c61eafab3f","timestamp":"2026-06-09T12:41:31.577Z","url":"/api/orders/admin/stats"}
{"durationMs":34,"level":"info","message":"request_end","requestId":"72cd64a7-ea61-447b-b241-4bfd71018faa","statusCode":304,"timestamp":"2026-06-09T12:41:31.602Z"}
{"durationMs":49,"level":"info","message":"request_end","requestId":"f895eeee-526c-4fcb-a225-49c61eafab3f","statusCode":304,"timestamp":"2026-06-09T12:41:31.626Z"}
{"ip":"::1","level":"info","message":"request_start","method":"GET","requestId":"79c2c5ac-7fb2-40fc-be89-6093393a6e4d","timestamp":"2026-06-09T12:41:31.630Z","url":"/api/orders/admin/stats"}
{"durationMs":35,"level":"info","message":"request_end","requestId":"79c2c5ac-7fb2-40fc-be89-6093393a6e4d","statusCode":304,"timestamp":"2026-06-09T12:41:31.665Z"}
{"ip":"::1","level":"info","message":"request_start","method":"GET","requestId":"cffe694b-75c9-4f35-bc38-7f63a3aba7fb","timestamp":"2026-06-09T12:41:35.387Z","url":"/api/payments/admin/all?page=1&limit=25"}
{"ip":"::1","level":"info","message":"request_start","method":"GET","requestId":"1e034487-f7e4-40d3-a44c-b245a784ce9e","timestamp":"2026-06-09T12:41:35.399Z","url":"/api/payments/admin/stats"}
{"durationMs":30,"level":"info","message":"request_end","requestId":"cffe694b-75c9-4f35-bc38-7f63a3aba7fb","statusCode":200,"timestamp":"2026-06-09T12:41:35.417Z"}
{"ip":"::1","level":"info","message":"request_start","method":"GET","requestId":"974d0ed9-ad84-4ccf-a0aa-c34830b5cbb4","timestamp":"2026-06-09T12:41:35.422Z","url":"/api/payments/admin/all?page=1&limit=25"}
{"durationMs":38,"level":"info","message":"request_end","requestId":"1e034487-f7e4-40d3-a44c-b245a784ce9e","statusCode":304,"timestamp":"2026-06-09T12:41:35.437Z"}
{"durationMs":22,"level":"info","message":"request_end","requestId":"974d0ed9-ad84-4ccf-a0aa-c34830b5cbb4","statusCode":304,"timestamp":"2026-06-09T12:41:35.444Z"}
{"ip":"::1","level":"info","message":"request_start","method":"GET","requestId":"ecb1b9d5-4390-4684-9392-5336cf180f41","timestamp":"2026-06-09T12:41:35.449Z","url":"/api/payments/admin/stats"}
{"durationMs":31,"level":"info","message":"request_end","requestId":"ecb1b9d5-4390-4684-9392-5336cf180f41","statusCode":304,"timestamp":"2026-06-09T12:41:35.480Z"}
{"ip":"::1","level":"info","message":"request_start","method":"GET","requestId":"2ede05b5-b9ab-42ee-94c4-e77580963eed","timestamp":"2026-06-09T12:41:39.228Z","url":"/api/orders/admin/all?page=1&limit=25"}
{"durationMs":31,"level":"info","message":"request_end","requestId":"2ede05b5-b9ab-42ee-94c4-e77580963eed","statusCode":304,"timestamp":"2026-06-09T12:41:39.259Z"}
{"ip":"::1","level":"info","message":"request_start","method":"GET","requestId":"defde237-d296-452d-b19d-509e95527ba0","timestamp":"2026-06-09T12:41:39.262Z","url":"/api/orders/admin/all?page=1&limit=25"}
{"ip":"::1","level":"info","message":"request_start","method":"GET","requestId":"58a38ba3-2a83-419c-a1cc-e94fb6805fa8","timestamp":"2026-06-09T12:41:39.267Z","url":"/api/orders/admin/stats"}
{"durationMs":27,"level":"info","message":"request_end","requestId":"defde237-d296-452d-b19d-509e95527ba0","statusCode":304,"timestamp":"2026-06-09T12:41:39.289Z"}
{"durationMs":46,"level":"info","message":"request_end","requestId":"58a38ba3-2a83-419c-a1cc-e94fb6805fa8","statusCode":304,"timestamp":"2026-06-09T12:41:39.313Z"}
{"ip":"::1","level":"info","message":"request_start","method":"GET","requestId":"338454cc-ca7b-43a2-bc89-06cbf5fcc0da","timestamp":"2026-06-09T12:41:39.315Z","url":"/api/orders/admin/stats"}
{"durationMs":36,"level":"info","message":"request_end","requestId":"338454cc-ca7b-43a2-bc89-06cbf5fcc0da","statusCode":304,"timestamp":"2026-06-09T12:41:39.351Z"}
{"ip":"::1","level":"info","message":"request_start","method":"GET","requestId":"4e79c1ed-3f0b-43ae-8f3b-651ffaecdc86","timestamp":"2026-06-09T12:41:40.165Z","url":"/api/orders/admin/stats"}
{"ip":"::1","level":"info","message":"request_start","method":"GET","requestId":"3035b8ac-3645-46e4-8490-c80b5cfec88d","timestamp":"2026-06-09T12:41:40.174Z","url":"/api/payments/admin/stats"}
{"ip":"::1","level":"info","message":"request_start","method":"GET","requestId":"b45e3b8f-ec4b-4b54-8e76-45bb38975505","timestamp":"2026-06-09T12:41:40.184Z","url":"/api/products/admin/stats"}
{"ip":"::1","level":"info","message":"request_start","method":"GET","requestId":"1a42ca2b-dd67-4a6a-a2d5-01396ade70cb","timestamp":"2026-06-09T12:41:40.190Z","url":"/api/reviews/admin/stats"}
{"ip":"::1","level":"info","message":"request_start","method":"GET","requestId":"38d2eeb8-2132-40c4-bd25-e3fce5b54860","timestamp":"2026-06-09T12:41:40.197Z","url":"/api/recommendations/admin/analytics"}
{"durationMs":52,"level":"info","message":"request_end","requestId":"1a42ca2b-dd67-4a6a-a2d5-01396ade70cb","statusCode":304,"timestamp":"2026-06-09T12:41:40.242Z"}
{"durationMs":50,"level":"info","message":"request_end","requestId":"38d2eeb8-2132-40c4-bd25-e3fce5b54860","statusCode":304,"timestamp":"2026-06-09T12:41:40.246Z"}
{"durationMs":68,"level":"info","message":"request_end","requestId":"b45e3b8f-ec4b-4b54-8e76-45bb38975505","statusCode":304,"timestamp":"2026-06-09T12:41:40.252Z"}
{"ip":"::1","level":"info","message":"request_start","method":"GET","requestId":"c3d0202c-8fdf-4936-96ae-e1c28d4d7ec7","timestamp":"2026-06-09T12:41:40.255Z","url":"/api/reviews/admin/stats"}
{"ip":"::1","level":"info","message":"request_start","method":"GET","requestId":"3b096e7f-92e7-44d8-adca-4232a8410156","timestamp":"2026-06-09T12:41:40.260Z","url":"/api/recommendations/admin/analytics"}
{"durationMs":92,"level":"info","message":"request_end","requestId":"3035b8ac-3645-46e4-8490-c80b5cfec88d","statusCode":304,"timestamp":"2026-06-09T12:41:40.266Z"}
{"ip":"::1","level":"info","message":"request_start","method":"GET","requestId":"698c6c20-15d2-45d8-8795-a07945250f81","timestamp":"2026-06-09T12:41:40.268Z","url":"/api/products/admin/stats"}
{"ip":"::1","level":"info","message":"request_start","method":"GET","requestId":"a9f3d1e8-2476-4bfd-97fb-40c090eebaab","timestamp":"2026-06-09T12:41:40.282Z","url":"/api/payments/admin/stats"}
{"durationMs":130,"level":"info","message":"request_end","requestId":"4e79c1ed-3f0b-43ae-8f3b-651ffaecdc86","statusCode":304,"timestamp":"2026-06-09T12:41:40.295Z"}
{"ip":"::1","level":"info","message":"request_start","method":"GET","requestId":"182f4b90-e95a-4be8-85f5-d21f65b0030e","timestamp":"2026-06-09T12:41:40.306Z","url":"/api/orders/admin/stats"}
{"durationMs":62,"level":"info","message":"request_end","requestId":"c3d0202c-8fdf-4936-96ae-e1c28d4d7ec7","statusCode":304,"timestamp":"2026-06-09T12:41:40.317Z"}
{"durationMs":63,"level":"info","message":"request_end","requestId":"3b096e7f-92e7-44d8-adca-4232a8410156","statusCode":304,"timestamp":"2026-06-09T12:41:40.325Z"}
{"durationMs":76,"level":"info","message":"request_end","requestId":"698c6c20-15d2-45d8-8795-a07945250f81","statusCode":304,"timestamp":"2026-06-09T12:41:40.344Z"}
{"durationMs":87,"level":"info","message":"request_end","requestId":"a9f3d1e8-2476-4bfd-97fb-40c090eebaab","statusCode":304,"timestamp":"2026-06-09T12:41:40.369Z"}
{"durationMs":78,"level":"info","message":"request_end","requestId":"182f4b90-e95a-4be8-85f5-d21f65b0030e","statusCode":304,"timestamp":"2026-06-09T12:41:40.384Z"}
{"ip":"::1","level":"info","message":"request_start","method":"GET","requestId":"5fbaf259-970e-4e8d-913d-4a083a8a91dd","timestamp":"2026-06-09T12:41:41.219Z","url":"/api/products/featured?limit=4"}
{"durationMs":43,"level":"info","message":"request_end","requestId":"5fbaf259-970e-4e8d-913d-4a083a8a91dd","statusCode":200,"timestamp":"2026-06-09T12:41:41.262Z"}
{"ip":"::1","level":"info","message":"request_start","method":"GET","requestId":"0bbad9cb-df77-4e69-b8c8-657efbdced2d","timestamp":"2026-06-09T12:41:41.266Z","url":"/api/products/featured?limit=4"}
{"durationMs":20,"level":"info","message":"request_end","requestId":"0bbad9cb-df77-4e69-b8c8-657efbdced2d","statusCode":200,"timestamp":"2026-06-09T12:41:41.285Z"}
{"ip":"::1","level":"info","message":"request_start","method":"GET","requestId":"df85f72b-4a3b-4ed5-8a71-e84b57ce58a2","timestamp":"2026-06-09T12:41:46.386Z","url":"/api/categories"}
{"durationMs":16,"level":"info","message":"request_end","requestId":"df85f72b-4a3b-4ed5-8a71-e84b57ce58a2","statusCode":200,"timestamp":"2026-06-09T12:41:46.402Z"}
{"ip":"::1","level":"info","message":"request_start","method":"GET","requestId":"77e90208-ee53-41aa-a1e8-17f28cefa011","timestamp":"2026-06-09T12:41:46.407Z","url":"/api/categories"}
{"durationMs":18,"level":"info","message":"request_end","requestId":"77e90208-ee53-41aa-a1e8-17f28cefa011","statusCode":304,"timestamp":"2026-06-09T12:41:46.426Z"}
{"ip":"::1","level":"info","message":"request_start","method":"GET","requestId":"64e61cec-c3fb-40ff-9c38-c85226b3676a","timestamp":"2026-06-09T12:41:46.505Z","url":"/api/products?page=1&limit=50"}
{"durationMs":44,"level":"info","message":"request_end","requestId":"64e61cec-c3fb-40ff-9c38-c85226b3676a","statusCode":200,"timestamp":"2026-06-09T12:41:46.548Z"}
{"ip":"::1","level":"info","message":"request_start","method":"GET","requestId":"cc74c606-0639-4f7c-b918-c8ab1fd588a7","timestamp":"2026-06-09T12:41:46.553Z","url":"/api/products?page=1&limit=50"}
{"durationMs":28,"level":"info","message":"request_end","requestId":"cc74c606-0639-4f7c-b918-c8ab1fd588a7","statusCode":200,"timestamp":"2026-06-09T12:41:46.581Z"}
{"ip":"::1","level":"info","message":"request_start","method":"GET","requestId":"94519a85-48da-4b0a-adbe-cc6e84b1e011","timestamp":"2026-06-09T12:41:51.352Z","url":"/api/categories"}
{"durationMs":14,"level":"info","message":"request_end","requestId":"94519a85-48da-4b0a-adbe-cc6e84b1e011","statusCode":304,"timestamp":"2026-06-09T12:41:51.366Z"}
{"ip":"::1","level":"info","message":"request_start","method":"GET","requestId":"675c2fbc-6062-4a35-8dab-d7684142cb17","timestamp":"2026-06-09T12:41:51.376Z","url":"/api/categories"}
{"durationMs":10,"level":"info","message":"request_end","requestId":"675c2fbc-6062-4a35-8dab-d7684142cb17","statusCode":304,"timestamp":"2026-06-09T12:41:51.387Z"}
{"ip":"::1","level":"info","message":"request_start","method":"GET","requestId":"32471414-6c7e-4719-b870-136d1c41a28d","timestamp":"2026-06-09T12:41:51.438Z","url":"/api/products?page=1&limit=50&search=s"}
{"ip":"::1","level":"info","message":"request_start","method":"GET","requestId":"c35ceaae-67b5-4faa-aaa7-62084091f1af","timestamp":"2026-06-09T12:41:51.442Z","url":"/api/products?page=1&limit=50&sort=relevance&search=s"}
{"durationMs":41,"level":"info","message":"request_end","requestId":"c35ceaae-67b5-4faa-aaa7-62084091f1af","statusCode":200,"timestamp":"2026-06-09T12:41:51.483Z"}
{"durationMs":49,"level":"info","message":"request_end","requestId":"32471414-6c7e-4719-b870-136d1c41a28d","statusCode":200,"timestamp":"2026-06-09T12:41:51.487Z"}
{"ip":"::1","level":"info","message":"request_start","method":"GET","requestId":"be7aa91e-a794-4199-9411-fffa0dfebd53","timestamp":"2026-06-09T12:41:52.004Z","url":"/api/categories"}
{"durationMs":12,"level":"info","message":"request_end","requestId":"be7aa91e-a794-4199-9411-fffa0dfebd53","statusCode":304,"timestamp":"2026-06-09T12:41:52.016Z"}
{"ip":"::1","level":"info","message":"request_start","method":"GET","requestId":"c303b93a-ab23-4a7b-ae53-458799ffffa4","timestamp":"2026-06-09T12:41:52.054Z","url":"/api/products?page=1&limit=50&sort=relevance&search=sh"}
{"durationMs":25,"level":"info","message":"request_end","requestId":"c303b93a-ab23-4a7b-ae53-458799ffffa4","statusCode":200,"timestamp":"2026-06-09T12:41:52.079Z"}
{"ip":"::1","level":"info","message":"request_start","method":"GET","requestId":"8f692e2e-5ac2-436c-bcea-85e05bd7fef8","timestamp":"2026-06-09T12:41:55.004Z","url":"/api/categories"}
{"durationMs":32,"level":"info","message":"request_end","requestId":"8f692e2e-5ac2-436c-bcea-85e05bd7fef8","statusCode":304,"timestamp":"2026-06-09T12:41:55.037Z"}
{"ip":"::1","level":"info","message":"request_start","method":"GET","requestId":"b1389558-7d91-42ea-8560-c2b43186cbb4","timestamp":"2026-06-09T12:41:55.055Z","url":"/api/products?page=1&limit=50&sort=relevance&search=shoe"}
{"durationMs":30,"level":"info","message":"request_end","requestId":"b1389558-7d91-42ea-8560-c2b43186cbb4","statusCode":200,"timestamp":"2026-06-09T12:41:55.085Z"}
{"ip":"::1","level":"info","message":"request_start","method":"GET","requestId":"83e174f4-a716-46f2-ba14-361e0f01ae8e","timestamp":"2026-06-09T12:42:00.335Z","url":"/api/categories"}
{"durationMs":13,"level":"info","message":"request_end","requestId":"83e174f4-a716-46f2-ba14-361e0f01ae8e","statusCode":304,"timestamp":"2026-06-09T12:42:00.348Z"}
{"ip":"::1","level":"info","message":"request_start","method":"GET","requestId":"21ba7ed0-f803-4f15-92d7-24171fba72b4","timestamp":"2026-06-09T12:42:00.442Z","url":"/api/products?page=1&limit=50&sort=relevance&search=sho"}
{"durationMs":19,"level":"info","message":"request_end","requestId":"21ba7ed0-f803-4f15-92d7-24171fba72b4","statusCode":200,"timestamp":"2026-06-09T12:42:00.461Z"}
{"ip":"::1","level":"info","message":"request_start","method":"GET","requestId":"4aa01b14-3299-4bd5-920c-5e84d1b9adab","timestamp":"2026-06-09T12:42:01.001Z","url":"/api/categories"}
{"durationMs":14,"level":"info","message":"request_end","requestId":"4aa01b14-3299-4bd5-920c-5e84d1b9adab","statusCode":304,"timestamp":"2026-06-09T12:42:01.015Z"}
{"ip":"::1","level":"info","message":"request_start","method":"GET","requestId":"79e15df3-163b-4933-870a-f66f6e3bbb9c","timestamp":"2026-06-09T12:42:01.022Z","url":"/api/categories"}
{"durationMs":16,"level":"info","message":"request_end","requestId":"79e15df3-163b-4933-870a-f66f6e3bbb9c","statusCode":304,"timestamp":"2026-06-09T12:42:01.038Z"}
{"ip":"::1","level":"info","message":"request_start","method":"GET","requestId":"38ce6fb0-f693-4a10-b2f8-adabdc826d8b","timestamp":"2026-06-09T12:42:01.056Z","url":"/api/products?page=1&limit=50&sort=relevance"}
{"ip":"::1","level":"info","message":"request_start","method":"GET","requestId":"97ed2422-ea6f-48a8-8c8f-ef89c0d869a7","timestamp":"2026-06-09T12:42:01.061Z","url":"/api/products?page=1&limit=50"}
{"durationMs":32,"level":"info","message":"request_end","requestId":"38ce6fb0-f693-4a10-b2f8-adabdc826d8b","statusCode":200,"timestamp":"2026-06-09T12:42:01.088Z"}
{"durationMs":33,"level":"info","message":"request_end","requestId":"97ed2422-ea6f-48a8-8c8f-ef89c0d869a7","statusCode":200,"timestamp":"2026-06-09T12:42:01.094Z"}
{"ip":"::1","level":"info","message":"request_start","method":"GET","requestId":"2725cb33-a4d4-44b2-a84d-94ce9326cd6a","timestamp":"2026-06-09T12:42:40.868Z","url":"/api/products/69b1a33461470c14477789f7"}
{"durationMs":11,"level":"info","message":"request_end","requestId":"2725cb33-a4d4-44b2-a84d-94ce9326cd6a","statusCode":200,"timestamp":"2026-06-09T12:42:40.879Z"}
{"ip":"::1","level":"info","message":"request_start","method":"GET","requestId":"05f652cc-991e-45c1-9015-d090c4e5766b","timestamp":"2026-06-09T12:42:40.885Z","url":"/api/products/69b1a33461470c14477789f7"}
{"ip":"::1","level":"info","message":"request_start","method":"GET","requestId":"b587c2c6-0f37-4a28-8581-c8e86dddff9e","timestamp":"2026-06-09T12:42:40.892Z","url":"/api/products?category=shoes&limit=5"}
{"durationMs":19,"level":"info","message":"request_end","requestId":"05f652cc-991e-45c1-9015-d090c4e5766b","statusCode":200,"timestamp":"2026-06-09T12:42:40.904Z"}
{"durationMs":27,"level":"info","message":"request_end","requestId":"b587c2c6-0f37-4a28-8581-c8e86dddff9e","statusCode":200,"timestamp":"2026-06-09T12:42:40.919Z"}
{"ip":"::1","level":"info","message":"request_start","method":"GET","requestId":"3ffac051-985c-405b-976c-a5c52c4e25f1","timestamp":"2026-06-09T12:42:40.922Z","url":"/api/products?category=shoes&limit=5"}
{"durationMs":13,"level":"info","message":"request_end","requestId":"3ffac051-985c-405b-976c-a5c52c4e25f1","statusCode":200,"timestamp":"2026-06-09T12:42:40.935Z"}
{"ip":"::1","level":"info","message":"request_start","method":"GET","requestId":"ba79424b-6b9c-42e5-83b7-ecb336fcedd4","timestamp":"2026-06-09T12:42:44.119Z","url":"/api/users/csrf"}
{"durationMs":5,"level":"info","message":"request_end","requestId":"ba79424b-6b9c-42e5-83b7-ecb336fcedd4","statusCode":200,"timestamp":"2026-06-09T12:42:44.124Z"}
{"ip":"::1","level":"info","message":"request_start","method":"POST","requestId":"f02b1bf8-fd3e-44e5-8f9f-d338629d50fd","timestamp":"2026-06-09T12:42:44.154Z","url":"/api/users/wishlist/69b1a33461470c14477789f7"}
{"durationMs":51,"level":"info","message":"request_end","requestId":"f02b1bf8-fd3e-44e5-8f9f-d338629d50fd","statusCode":200,"timestamp":"2026-06-09T12:42:44.205Z"}
{"ip":"::1","level":"info","message":"request_start","method":"GET","requestId":"145f5601-b2f9-4da7-b833-e75c62bf1345","timestamp":"2026-06-09T12:42:46.283Z","url":"/api/users/csrf"}
{"durationMs":5,"level":"info","message":"request_end","requestId":"145f5601-b2f9-4da7-b833-e75c62bf1345","statusCode":200,"timestamp":"2026-06-09T12:42:46.288Z"}
{"ip":"::1","level":"info","message":"request_start","method":"DELETE","requestId":"0efcf291-2892-420a-8df0-f638d801eb40","timestamp":"2026-06-09T12:42:46.340Z","url":"/api/users/wishlist/69b1a33461470c14477789f7"}
{"durationMs":19,"level":"info","message":"request_end","requestId":"0efcf291-2892-420a-8df0-f638d801eb40","statusCode":200,"timestamp":"2026-06-09T12:42:46.359Z"}
